# Exported by ZModeler 2.2.6 (Build 981) with WavefrontOBJ filter (Build 45)
# 

mtllib 380W.mtl

v -0.845193 0.374373 2.34462
v -0.870241 0.358094 1.94195
v -0.86384 0.358547 2.36707
v -0.851558 0.374302 1.94193
v -0.877899 0.357709 1.66474
v -0.859096 0.374374 1.66478
v -0.851896 0.164615 1.09095
v -0.846808 0.182821 1.07831
v -0.833325 0.164807 1.04865
v -0.846828 0.182822 1.04866
v -0.868794 0.268423 1.15653
v -0.856642 0.282548 1.13996
v -0.862857 0.358417 1.23646
v -0.878317 0.334725 1.24219
v -0.882185 0.35755 1.3196
v -0.864648 0.3752 1.31241
v -0.83361 0.164807 0.493454
v -0.847091 0.182821 0.493709
v -0.846426 0.182814 -0.720879
v -0.832904 0.164807 -0.719942
v -0.84278 0.165371 -0.993482
v -0.837006 0.183167 -0.982773
v -0.84748 0.271644 -1.04715
v -0.859145 0.250484 -1.05939
v -0.873775 0.336402 -1.16037
v -0.859551 0.36527 -1.14788
v -0.879487 0.381838 -1.2959
v -0.867457 0.424252 -1.27787
v -0.874754 0.37481 -1.4803
v -0.867154 0.41455 -1.5139
v -0.861392 0.340529 -1.62349
v -0.850487 0.357507 -1.64133
v -0.819941 0.24076 -1.71653
v -0.830705 0.23628 -1.69498
v -0.827467 0.230355 -1.71812
v -0.819306 0.230372 -1.87211
v -0.809758 0.24065 -1.87211
v -0.81016 0.230373 -1.99898
v -0.797178 0.240781 -2.0018
v -0.738586 0.240681 -2.02926
v -0.742039 0.230382 -2.04111
v -0.874218 0.341534 1.60422
v -0.871306 0.326768 1.66475
v -0.783292 0.656032 -0.72141
v -0.74189 0.69088 0.497336
v -0.742138 0.690493 -0.695627
v -0.783808 0.655919 0.499013
v -0.778511 0.647041 1.04868
v -0.741775 0.691059 1.04874
v -0.714697 0.723679 1.20771
v -0.733198 0.701487 1.14774
v -0.717369 0.720906 1.3185
v -0.763135 0.640952 1.66483
v -0.711719 0.710402 1.66479
v -0.762793 0.628885 1.94206
v -0.708406 0.692386 1.94202
v -0.767056 0.60908 2.30066
v -0.720798 0.652299 2.30069
v -0.777046 0.591663 2.36673
v -0.711101 0.635995 2.37398
v -0.779926 0.56966 2.40001
v -0.711197 0.620722 2.39609
v -0.850928 0.515754 1.94176
v -0.830951 0.608135 1.94192
v -0.85786 0.523462 1.66473
v -0.833774 0.61519 1.66467
v -0.832759 0.628213 1.04875
v -0.865979 0.510386 1.04867
v -0.842599 0.504374 2.38214
v -0.833844 0.557132 2.3809
v -0.829411 0.576214 2.36433
v -0.827168 0.590412 2.3008
v -0.866617 0.508544 0.498321
v -0.830781 0.632741 0.500247
v -0.864657 0.377989 0.496466
v -0.864484 0.379392 1.04867
v -0.831574 0.0567096 1.07522
v -0.852568 0.168066 1.1093
v -0.830814 0.620669 -0.731544
v -0.86617 0.497868 -0.731198
v -0.86386 0.371551 -0.728432
v -0.866599 0.253747 1.16612
v -0.876582 0.318205 1.24731
v -0.879589 0.340892 1.3302
v -0.808637 4.16301e-007 1.05475
v -0.809296 1.4063e-006 -0.688919
v -0.821111 0.056185 -0.698122
v -0.823265 0.0609727 -0.95431
v -0.806306 1.06171e-006 -0.930782
v -0.740177 0.666121 -1.135
v -0.786071 0.640728 -1.13492
v -0.813424 0.140029 -1.73443
v -0.784059 0.0844863 -1.87209
v -0.797194 0.0805102 -1.75107
v -0.801694 0.140142 -1.87211
v -0.758557 0.0320212 -1.76154
v -0.748979 0.0431159 -1.87206
v -0.87104 0.487248 -1.13503
v -0.830902 0.602762 -1.41044
v -0.872993 0.47694 -1.41043
v -0.832932 0.607533 -1.13503
v -0.785181 0.628297 -1.4104
v -0.740839 0.649626 -1.4104
v -0.790873 0.140055 -1.97547
v -0.772818 0.0851651 -1.96292
v -0.726961 0.0466226 -1.93457
v -0.871279 0.459983 -1.63688
v -0.83094 0.587964 -1.63689
v -0.863419 0.432563 -1.8721
v -0.825441 0.555203 -1.87216
v -0.735841 0.630187 -1.63686
v -0.781283 0.614006 -1.63685
v -0.775593 0.582751 -1.87219
v -0.730168 0.598078 -1.87219
v -0.816627 0.53599 -1.98266
v -0.853995 0.421824 -1.98633
v -0.723054 0.582136 -1.98792
v -0.772172 0.570964 -1.9862
v -0.711895 0.570672 -2.02702
v -0.767052 0.557741 -2.02386
v -0.812289 0.522555 -2.02126
v -0.836536 0.431099 -2.01987
v -0.834701 0.468646 -2.01998
v -0.821069 0.375022 -2.02076
v -0.793306 0.334646 -2.02227
v -0.805607 0.310477 -1.99463
v -0.756105 0.304468 -2.02438
v -0.726643 0.140193 -2.03328
v -0.706353 0.0888205 -2.01781
v -0.681311 0.0516891 -1.97143
v -0.823027 0.326158 -1.87212
v -0.859343 0.284029 1.94192
v -0.851533 0.283765 2.36032
v -0.863395 0.277555 1.72571
v -0.832616 0.103291 1.94178
v -0.838417 0.140478 2.32934
v -0.832098 0.100047 1.85317
v -0.612403 0.991329 1.00494
v -0.690398 0.722224 1.44071
v -0.560435 1.03507 1.05813
v -0.634464 0.942919 0.944397
v -0.610211 1.00912 0.846175
v -0.54223 1.08356 0.888551
v -0.528835 1.05478 1.04828
v -0.565475 1.07244 -0.405609
v -0.730931 0.694428 -0.75784
v -0.586226 1.06632 -0.334272
v -0.539868 1.09041 -0.391879
v -0.534173 1.10426 -0.205554
v -0.581422 1.07519 -0.175231
v -0.581936 1.0746 0.0830417
v -0.530267 1.11444 0.0879619
v -0.533424 1.10695 0.476192
v -0.58599 1.06715 0.498623
v -0.591114 1.0566 0.702322
v -0.537783 1.09547 0.716762
v 0.86384 0.358547 2.36707
v 0.870241 0.358094 1.94195
v 0.845193 0.374373 2.34462
v 0.851558 0.374302 1.94193
v 0.877899 0.357709 1.66474
v 0.859096 0.374374 1.66478
v 0.833325 0.164807 1.04865
v 0.846808 0.182821 1.07831
v 0.851896 0.164615 1.09095
v 0.846828 0.182822 1.04866
v 0.868794 0.268423 1.15653
v 0.856642 0.282548 1.13996
v 0.862857 0.358417 1.23646
v 0.878317 0.334725 1.24219
v 0.882185 0.35755 1.3196
v 0.864648 0.3752 1.31241
v 0.83361 0.164807 0.493454
v 0.847091 0.182821 0.493709
v 0.846426 0.182814 -0.720879
v 0.832904 0.164807 -0.719942
v 0.837006 0.183167 -0.982773
v 0.84278 0.165371 -0.993482
v 0.84748 0.271644 -1.04715
v 0.859145 0.250484 -1.05939
v 0.873775 0.336402 -1.16037
v 0.859551 0.36527 -1.14788
v 0.879487 0.381838 -1.2959
v 0.867457 0.424252 -1.27787
v 0.874754 0.37481 -1.4803
v 0.867154 0.41455 -1.5139
v 0.861392 0.340529 -1.62349
v 0.850487 0.357507 -1.64133
v 0.819941 0.24076 -1.71653
v 0.830705 0.23628 -1.69498
v 0.827467 0.230355 -1.71812
v 0.819306 0.230372 -1.87211
v 0.809758 0.24065 -1.87211
v 0.81016 0.230373 -1.99898
v 0.797178 0.240781 -2.0018
v 0.742039 0.230382 -2.04111
v 0.738586 0.240681 -2.02926
v 0.871306 0.326768 1.66475
v 0.874218 0.341534 1.60422
v 0.742138 0.690493 -0.695627
v 0.74189 0.69088 0.497336
v 0.783292 0.656032 -0.72141
v 0.783808 0.655919 0.499013
v 0.741775 0.691059 1.04874
v 0.778511 0.647041 1.04868
v 0.717369 0.720906 1.3185
v 0.733198 0.701487 1.14774
v 0.714697 0.723679 1.20771
v 0.711719 0.710402 1.66479
v 0.763135 0.640952 1.66483
v 0.708406 0.692386 1.94202
v 0.762793 0.628885 1.94206
v 0.767056 0.60908 2.30066
v 0.720798 0.652299 2.30069
v 0.777046 0.591663 2.36673
v 0.711101 0.635995 2.37398
v 0.779926 0.56966 2.40001
v 0.711197 0.620722 2.39609
v 0.85786 0.523462 1.66473
v 0.830951 0.608135 1.94192
v 0.850928 0.515754 1.94176
v 0.833774 0.61519 1.66467
v 0.832759 0.628213 1.04875
v 0.865979 0.510386 1.04867
v 0.833844 0.557132 2.3809
v 0.842599 0.504374 2.38214
v 0.829411 0.576214 2.36433
v 0.827168 0.590412 2.3008
v 0.830781 0.632741 0.500247
v 0.866617 0.508544 0.498321
v 0.864657 0.377989 0.496466
v 0.864484 0.379392 1.04867
v 0.831574 0.0567096 1.07522
v 0.852568 0.168066 1.1093
v 0.830814 0.620669 -0.731544
v 0.86617 0.497868 -0.731198
v 0.86386 0.371551 -0.728432
v 0.866599 0.253747 1.16612
v 0.876582 0.318205 1.24731
v 0.879589 0.340892 1.3302
v 0.809296 1.4063e-006 -0.688919
v 0.808637 4.16301e-007 1.05475
v 0.821111 0.056185 -0.698122
v 0.823265 0.0609727 -0.95431
v 0.806306 1.06171e-006 -0.930782
v 0.786071 0.640728 -1.13492
v 0.740177 0.666121 -1.135
v 0.797194 0.0805102 -1.75107
v 0.784059 0.0844863 -1.87209
v 0.813424 0.140029 -1.73443
v 0.801694 0.140142 -1.87211
v 0.748979 0.0431159 -1.87206
v 0.758557 0.0320212 -1.76154
v 0.872993 0.47694 -1.41043
v 0.830902 0.602762 -1.41044
v 0.87104 0.487248 -1.13503
v 0.832932 0.607533 -1.13503
v 0.785181 0.628297 -1.4104
v 0.740839 0.649626 -1.4104
v 0.790873 0.140055 -1.97547
v 0.772818 0.0851651 -1.96292
v 0.726961 0.0466226 -1.93457
v 0.871279 0.459983 -1.63688
v 0.83094 0.587964 -1.63689
v 0.863419 0.432563 -1.8721
v 0.825441 0.555203 -1.87216
v 0.735841 0.630187 -1.63686
v 0.781283 0.614006 -1.63685
v 0.775593 0.582751 -1.87219
v 0.730168 0.598078 -1.87219
v 0.853995 0.421824 -1.98633
v 0.816627 0.53599 -1.98266
v 0.772172 0.570964 -1.9862
v 0.723054 0.582136 -1.98792
v 0.767052 0.557741 -2.02386
v 0.711895 0.570672 -2.02702
v 0.812289 0.522555 -2.02126
v 0.834701 0.468646 -2.01998
v 0.836536 0.431099 -2.01987
v 0.821069 0.375022 -2.02076
v 0.805607 0.310477 -1.99463
v 0.793306 0.334646 -2.02227
v 0.756105 0.304468 -2.02438
v 0.706353 0.0888205 -2.01781
v 0.726643 0.140193 -2.03328
v 0.681311 0.0516891 -1.97143
v 0.823027 0.326158 -1.87212
v 0.859343 0.284029 1.94192
v 0.851533 0.283765 2.36032
v 0.863395 0.277555 1.72571
v 0.838417 0.140478 2.32934
v 0.832616 0.103291 1.94178
v 0.832098 0.100047 1.85317
v 0.560435 1.03507 1.05813
v 0.690398 0.722224 1.44071
v 0.612403 0.991329 1.00494
v 0.634464 0.942919 0.944397
v 0.610211 1.00912 0.846175
v 0.54223 1.08356 0.888551
v 0.528835 1.05478 1.04828
v 0.586226 1.06632 -0.334272
v 0.730931 0.694428 -0.75784
v 0.565475 1.07244 -0.405609
v 0.534173 1.10426 -0.205554
v 0.539868 1.09041 -0.391879
v 0.581422 1.07519 -0.175231
v 0.581936 1.0746 0.0830417
v 0.530267 1.11444 0.0879619
v 0.533424 1.10695 0.476192
v 0.58599 1.06715 0.498623
v 0.591114 1.0566 0.702322
v 0.537783 1.09547 0.716762
v 0.711719 0.710402 1.66479
v 0.657576 0.722607 1.4839
v 0.657575 0.715656 1.66479
v 0.690398 0.722224 1.44071
v 0.717369 0.720906 1.3185
v 0.657576 0.698779 1.94202
v 0.708406 0.692386 1.94202
v 0.657576 0.660642 2.30055
v 0.720798 0.652299 2.30069
v 0.657575 0.645224 2.37857
v 0.711101 0.635995 2.37398
v 0.711197 0.620722 2.39609
v 0.657574 0.632501 2.40331
v 0.599448 0.721707 1.52041
v 0.516329 0.720959 1.54744
v 0.307977 0.719882 1.57874
v -0 0.715725 1.66479
v -0 0.698779 1.94209
v -0 0.660642 2.31046
v -0 0.645224 2.38847
v -0 0.632501 2.41322
v -0 0.71912 1.59007
v 0.54223 1.08356 0.888551
v 0.49273 1.09637 0.894815
v 0.528835 1.05478 1.04828
v 0.49273 1.06431 1.04882
v 0.49273 1.12455 0.0888802
v 0.49273 1.11712 -0.215131
v 0.223273 1.14582 0.0911803
v 0.223167 1.13589 -0.226446
v -0 1.1381 -0.230083
v -0 1.14831 0.0913078
v 0.49273 1.10424 -0.38933
v 0.22311 1.12382 -0.395237
v -0 1.12588 -0.400879
v 0.49273 1.11672 0.473222
v 0.22338 1.13796 0.46422
v -0 1.14072 0.468148
v -0 1.12855 0.756572
v 0.223493 1.12548 0.748646
v 0.49273 1.10527 0.7259
v 0.223545 1.1149 0.905598
v -0 1.1181 0.915384
v -0 1.09242 1.07614
v 0.223599 1.08908 1.06444
v 0.539868 1.09041 -0.391879
v 0.534173 1.10426 -0.205554
v 0.530267 1.11444 0.0879619
v 0.533424 1.10695 0.476192
v 0.537783 1.09547 0.716762
v 0.730931 0.682752 -0.788978
v 0.621707 0.68275 -0.857576
v 0.730931 0.694428 -0.75784
v 0.611678 0.692985 -0.82972
v 0.742138 0.690493 -0.695627
v 0.643174 0.572505 -1.99236
v 0.711895 0.570672 -2.02702
v 0.640315 0.547878 -2.03097
v 0.723054 0.582136 -1.98792
v 0.595148 0.537275 -2.01021
v 0.601303 0.506989 -2.03338
v 0.604265 0.682752 -0.86316
v 0.384505 0.682008 -0.899986
v 0.383919 0.691881 -0.863769
v 0.172623 0.691418 -0.869723
v 0.173023 0.681787 -0.909265
v -0 0.691325 -0.869542
v -0 0.681779 -0.91008
v 0.597922 0.663152 -1.13509
v 0.616155 0.655118 -1.13535
v 0.612624 0.639686 -1.41048
v 0.594843 0.643264 -1.41027
v 0.607073 0.618308 -1.63692
v 0.58809 0.616172 -1.63693
v 0.583191 0.558464 -1.96985
v 0.585466 0.535496 -2.01057
v 0.60269 0.569779 -1.87225
v 0.585083 0.499078 -2.03436
v 0.38143 0.646132 -1.41033
v 0.383476 0.664707 -1.13514
v 0.171268 0.647086 -1.41036
v 0.172315 0.664949 -1.13516
v -0 0.647288 -1.41037
v -0 0.664998 -1.13517
v 0.374325 0.530244 -2.02951
v 0.374233 0.499194 -2.04492
v 0.167225 0.499293 -2.05182
v 0.167287 0.533086 -2.03559
v 0.167504 0.570714 -1.97799
v 0.374553 0.566093 -1.97482
v -0 0.499337 -2.05444
v -0 0.534165 -2.03787
v -0 0.572356 -1.97909
v 0.376925 0.621621 -1.63694
v 0.168968 0.623953 -1.63695
v -0 0.624438 -1.63695
v 0.667731 0.657804 -1.1353
v 0.740177 0.666121 -1.135
v 0.740839 0.649626 -1.4104
v 0.660349 0.647938 -1.41044
v 0.6542 0.6276 -1.63688
v 0.735841 0.630187 -1.63686
v 0.730168 0.598078 -1.87219
v 0.646114 0.588997 -1.87221
v -0.657575 0.715656 1.66479
v -0.657576 0.722607 1.4839
v -0.711719 0.710402 1.66479
v -0.690398 0.722224 1.44071
v -0.717369 0.720906 1.3185
v -0.657576 0.698779 1.94202
v -0.708406 0.692386 1.94202
v -0.720798 0.652299 2.30069
v -0.657576 0.660642 2.30055
v -0.711101 0.635995 2.37398
v -0.657575 0.645224 2.37857
v -0.657574 0.632501 2.40331
v -0.711197 0.620722 2.39609
v -0.599448 0.721707 1.52041
v -0.516329 0.720959 1.54744
v -0.307977 0.719882 1.57874
v -0.528835 1.05478 1.04828
v -0.49273 1.09637 0.894815
v -0.54223 1.08356 0.888551
v -0.49273 1.06431 1.04882
v -0.223273 1.14582 0.0911803
v -0.49273 1.11712 -0.215131
v -0.49273 1.12455 0.0888802
v -0.223167 1.13589 -0.226446
v -0.49273 1.10424 -0.38933
v -0.22311 1.12382 -0.395237
v -0.49273 1.11672 0.473222
v -0.22338 1.13796 0.46422
v -0.223493 1.12548 0.748646
v -0.49273 1.10527 0.7259
v -0.223545 1.1149 0.905598
v -0.223599 1.08908 1.06444
v -0.534173 1.10426 -0.205554
v -0.539868 1.09041 -0.391879
v -0.530267 1.11444 0.0879619
v -0.533424 1.10695 0.476192
v -0.537783 1.09547 0.716762
v -0.730931 0.694428 -0.75784
v -0.621707 0.68275 -0.857576
v -0.730931 0.682752 -0.788978
v -0.611678 0.692985 -0.82972
v -0.742138 0.690493 -0.695627
v -0.640315 0.547878 -2.03097
v -0.711895 0.570672 -2.02702
v -0.643174 0.572505 -1.99236
v -0.723054 0.582136 -1.98792
v -0.595148 0.537275 -2.01021
v -0.601303 0.506989 -2.03338
v -0.384505 0.682008 -0.899986
v -0.604265 0.682752 -0.86316
v -0.383919 0.691881 -0.863769
v -0.173023 0.681787 -0.909265
v -0.172623 0.691418 -0.869723
v -0.616155 0.655118 -1.13535
v -0.597922 0.663152 -1.13509
v -0.594843 0.643264 -1.41027
v -0.612624 0.639686 -1.41048
v -0.607073 0.618308 -1.63692
v -0.58809 0.616172 -1.63693
v -0.585466 0.535496 -2.01057
v -0.583191 0.558464 -1.96985
v -0.60269 0.569779 -1.87225
v -0.585083 0.499078 -2.03436
v -0.383476 0.664707 -1.13514
v -0.38143 0.646132 -1.41033
v -0.172315 0.664949 -1.13516
v -0.171268 0.647086 -1.41036
v -0.374325 0.530244 -2.02951
v -0.374233 0.499194 -2.04492
v -0.167225 0.499293 -2.05182
v -0.167287 0.533086 -2.03559
v -0.167504 0.570714 -1.97799
v -0.374553 0.566093 -1.97482
v -0.376925 0.621621 -1.63694
v -0.168968 0.623953 -1.63695
v -0.667731 0.657804 -1.1353
v -0.740177 0.666121 -1.135
v -0.740839 0.649626 -1.4104
v -0.660349 0.647938 -1.41044
v -0.6542 0.6276 -1.63688
v -0.735841 0.630187 -1.63686
v -0.730168 0.598078 -1.87219
v -0.646114 0.588997 -1.87221
v 0.797178 0.240781 -2.0018
v 0.742039 0.230382 -2.04111
v 0.738586 0.240681 -2.02926
v 0.81016 0.230373 -1.99898
v -0 0.230372 -2.0766
v -0 0.240907 -2.05988
v 0.122883 0.230372 -2.07548
v 0.14163 0.240869 -2.05875
v 0.364619 0.230372 -2.06765
v 0.330353 0.240796 -2.05436
v 0.615695 0.240631 -2.04204
v 0.605919 0.230372 -2.05285
v 0.688794 0.240712 -2.03587
v 0.601303 0.506989 -2.03338
v 0.598431 0.477308 -2.03107
v 0.585083 0.499078 -2.03436
v 0.767052 0.557741 -2.02386
v 0.812289 0.522555 -2.02126
v 0.779731 0.536264 -2.02451
v 0.834701 0.468646 -2.01998
v 0.822531 0.477308 -2.02297
v 0.836536 0.431099 -2.01987
v 0.821069 0.375022 -2.02076
v 0.822531 0.404434 -2.02297
v 0.167225 0.499293 -2.05182
v -0 0.459588 -2.05452
v -0 0.499337 -2.05444
v 0.162975 0.459588 -2.04799
v 0.366983 0.459588 -2.04218
v 0.374233 0.499194 -2.04492
v 0.502574 0.459588 -2.03566
v 0.64123 0.536264 -2.02952
v 0.640315 0.547878 -2.03097
v 0.710481 0.558784 -2.02702
v 0.711895 0.570672 -2.02702
v 0.551963 0.443528 -2.03366
v 0.582487 0.401481 -2.03243
v 0.598431 0.404434 -2.03107
v 0.582487 0.349508 -2.03243
v 0.64123 0.345478 -2.02952
v 0.779731 0.345478 -2.02451
v 0.756105 0.304468 -2.02438
v 0.710481 0.322959 -2.02702
v 0.69724 0.27583 -2.02779
v 0.793306 0.334646 -2.02227
v 0.805607 0.310477 -1.99463
v 0.790873 0.140055 -1.97547
v 0.706353 0.0888205 -2.01781
v 0.726643 0.140193 -2.03328
v 0.772818 0.0851651 -1.96292
v 0.681311 0.0516891 -1.97143
v 0.726961 0.0466226 -1.93457
v 0.605919 0.139969 -2.04699
v 0.605919 0.0905228 -2.03981
v 0.605919 0.0550441 -1.99786
v 0.358704 0.140005 -2.06248
v 0.358879 0.0933263 -2.05582
v 0.35961 0.0563487 -2.01584
v -0 0.140437 -2.07501
v -0 0.095839 -2.06604
v -0 0.0554861 -2.02261
v -0 0.291401 -2.05452
v 0.146804 0.291401 -2.04799
v 0.339616 0.291401 -2.04218
v 0.551963 0.307461 -2.03366
v 0.502574 0.291401 -2.03566
v 0.505555 0.443948 -2.01716
v 0.505555 0.305679 -2.01716
v 0.36873 0.443948 -2.02369
v 0.341113 0.305679 -2.02369
v 0.146545 0.305679 -2.0295
v 0.162863 0.443948 -2.0295
v 3.72529e-009 0.443948 -2.03602
v 3.72529e-009 0.305679 -2.03602
v 0.568326 0.396177 -2.01465
v 0.568326 0.35345 -2.01465
v 0.54435 0.430745 -2.01561
v 0.54435 0.318882 -2.01561
v -0.738586 0.240681 -2.02926
v -0.742039 0.230382 -2.04111
v -0.797178 0.240781 -2.0018
v -0.81016 0.230373 -1.99898
v -0.122883 0.230372 -2.07548
v -0.14163 0.240869 -2.05875
v -0.364619 0.230372 -2.06765
v -0.330353 0.240796 -2.05436
v -0.615695 0.240631 -2.04204
v -0.605919 0.230372 -2.05285
v -0.688794 0.240712 -2.03587
v -0.585083 0.499078 -2.03436
v -0.598431 0.477308 -2.03107
v -0.601303 0.506989 -2.03338
v -0.779731 0.536264 -2.02451
v -0.812289 0.522555 -2.02126
v -0.767052 0.557741 -2.02386
v -0.822531 0.477308 -2.02297
v -0.834701 0.468646 -2.01998
v -0.836536 0.431099 -2.01987
v -0.822531 0.404434 -2.02297
v -0.821069 0.375022 -2.02076
v -0.167225 0.499293 -2.05182
v -0.162975 0.459588 -2.04799
v -0.366983 0.459588 -2.04218
v -0.374233 0.499194 -2.04492
v -0.502574 0.459588 -2.03566
v -0.710481 0.558784 -2.02702
v -0.640315 0.547878 -2.03097
v -0.64123 0.536264 -2.02952
v -0.711895 0.570672 -2.02702
v -0.551963 0.443528 -2.03366
v -0.582487 0.401481 -2.03243
v -0.598431 0.404434 -2.03107
v -0.582487 0.349508 -2.03243
v -0.64123 0.345478 -2.02952
v -0.710481 0.322959 -2.02702
v -0.756105 0.304468 -2.02438
v -0.779731 0.345478 -2.02451
v -0.69724 0.27583 -2.02779
v -0.793306 0.334646 -2.02227
v -0.805607 0.310477 -1.99463
v -0.726643 0.140193 -2.03328
v -0.706353 0.0888205 -2.01781
v -0.790873 0.140055 -1.97547
v -0.772818 0.0851651 -1.96292
v -0.726961 0.0466226 -1.93457
v -0.681311 0.0516891 -1.97143
v -0.605919 0.139969 -2.04699
v -0.605919 0.0905228 -2.03981
v -0.605919 0.0550441 -1.99786
v -0.358704 0.140005 -2.06248
v -0.358879 0.0933263 -2.05582
v -0.35961 0.0563487 -2.01584
v -0.146804 0.291401 -2.04799
v -0.339616 0.291401 -2.04218
v -0.551963 0.307461 -2.03366
v -0.502574 0.291401 -2.03566
v -0.36873 0.443948 -2.02369
v -0.505555 0.305679 -2.01716
v -0.505555 0.443948 -2.01716
v -0.341113 0.305679 -2.02369
v -0.146545 0.305679 -2.0295
v -0.162863 0.443948 -2.0295
v -3.72529e-009 0.443948 -2.03602
v -3.72529e-009 0.305679 -2.03602
v -0.54435 0.430745 -2.01561
v -0.568326 0.35345 -2.01465
v -0.568326 0.396177 -2.01465
v -0.54435 0.318882 -2.01561
v 0.711197 0.620722 2.39609
v 0.711756 0.569709 2.4172
v 0.779926 0.56966 2.40001
v 0.657579 0.569606 2.42747
v 0.657574 0.632501 2.40331
v -0 0.632501 2.41322
v -0 0.569606 2.44017
v -0 0.283765 2.42786
v -0 0.140478 2.39689
v 0.657541 0.283765 2.4146
v 0.657528 0.140478 2.38362
v 0.779693 0.140478 2.3595
v 0.779706 0.283765 2.39047
v 0.851533 0.283765 2.36032
v 0.838417 0.140478 2.32934
v -0 0.501045 2.43715
v 0.660444 0.501045 2.42499
v 0.714846 0.501045 2.41614
v 0.794904 0.501045 2.3917
v 0.833844 0.557132 2.3809
v 0.842599 0.504374 2.38214
v 0.817349 0.494684 2.3848
v 0.83378 0.477306 2.37487
v 0.840897 0.453567 2.36798
v 0.845193 0.374373 2.34462
v 0.845308 0.358507 2.37498
v 0.86384 0.358547 2.36707
v 0.842 0.351478 2.37674
v 0.83378 0.336356 2.38051
v 0.817349 0.318977 2.38409
v 0.783724 0.312617 2.41659
v 0.660444 0.312617 2.42068
v -0 0.312617 2.43453
v -0 0.477681 2.42657
v -0 0.336035 2.42654
v 0.657473 0.477681 2.42654
v 0.657473 0.336035 2.42654
v -0.779926 0.56966 2.40001
v -0.711756 0.569709 2.4172
v -0.711197 0.620722 2.39609
v -0.657579 0.569606 2.42747
v -0.657574 0.632501 2.40331
v -0.657541 0.283765 2.4146
v -0.657528 0.140478 2.38362
v -0.779693 0.140478 2.3595
v -0.779706 0.283765 2.39047
v -0.851533 0.283765 2.36032
v -0.838417 0.140478 2.32934
v -0.660444 0.501045 2.42499
v -0.714846 0.501045 2.41614
v -0.794904 0.501045 2.3917
v -0.833844 0.557132 2.3809
v -0.842599 0.504374 2.38214
v -0.817349 0.494684 2.3848
v -0.83378 0.477306 2.37487
v -0.840897 0.453567 2.36798
v -0.845193 0.374373 2.34462
v -0.86384 0.358547 2.36707
v -0.845308 0.358507 2.37498
v -0.842 0.351478 2.37674
v -0.83378 0.336356 2.38051
v -0.817349 0.318977 2.38409
v -0.783724 0.312617 2.41659
v -0.660444 0.312617 2.42068
v -0.657473 0.477681 2.42654
v -0.657473 0.336035 2.42654
v 0.505555 0.443948 -2.01716
v 0.36873 0.443948 -2.02369
v 0.366983 0.459588 -2.04218
v 0.502574 0.459588 -2.03566
v 0.502574 0.291401 -2.03566
v 0.339616 0.291401 -2.04218
v 0.341113 0.305679 -2.02369
v 0.505555 0.305679 -2.01716
v 0.162863 0.443948 -2.0295
v 0.162975 0.459588 -2.04799
v 0.146804 0.291401 -2.04799
v 0.146545 0.305679 -2.0295
v -0 0.443948 -2.03602
v -0 0.459588 -2.05452
v -0 0.291401 -2.05452
v -0 0.305679 -2.03602
v 0.54435 0.430745 -2.01561
v 0.551963 0.443528 -2.03366
v 0.582487 0.401481 -2.03243
v 0.568327 0.396177 -2.01465
v 0.568327 0.35345 -2.01465
v 0.582487 0.349508 -2.03243
v 0.551963 0.307461 -2.03366
v 0.54435 0.318882 -2.01561
v 0.70874 0.343208 -2.00852
v 0.64123 0.345478 -2.02952
v 0.65176 0.361736 -2.01047
v 0.710481 0.322959 -2.02702
v 0.779731 0.345478 -2.02451
v 0.765719 0.361736 -2.00658
v 0.800935 0.410246 -2.00537
v 0.822531 0.404435 -2.02297
v 0.822531 0.477308 -2.02297
v 0.800935 0.470206 -2.00537
v 0.765719 0.518716 -2.00658
v 0.779731 0.536264 -2.02451
v 0.710481 0.558784 -2.02702
v 0.70874 0.537244 -2.00852
v 0.65176 0.518716 -2.01047
v 0.64123 0.536264 -2.02952
v 0.598431 0.477308 -2.03107
v 0.616545 0.470206 -2.01168
v 0.616545 0.410246 -2.01168
v 0.598431 0.404435 -2.03107
v 0.822071 0.142166 -1.92959
v 0.862164 0.184362 -1.92994
v 0.825669 0.142171 -1.88343
v 0.825669 0.158291 -1.80626
v 0.825669 0.184369 -1.7768
v 0.813213 0.142166 -2.00426
v 0.853306 0.184362 -2.0451
v 0.746143 0.142166 -2.04602
v 0.763457 0.184362 -2.10078
v 0.367222 0.142166 -2.07229
v 0.367941 0.184362 -2.12706
v -0 0.142166 -2.07921
v -0 0.184362 -2.13397
v 0.825669 0.226558 -1.88348
v 0.822071 0.226553 -1.9296
v 0.825669 0.210446 -1.80629
v 0.813213 0.226553 -2.00426
v 0.746143 0.226553 -2.04602
v 0.367222 0.226553 -2.0723
v -0 0.226553 -2.07921
v 0.733198 0.701487 1.14774
v 0.721094 0.710045 1.1297
v 0.702593 0.731317 1.18008
v 0.714697 0.723679 1.20771
v 0.741775 0.691059 1.04874
v 0.729672 0.70005 1.03257
v 0.622361 0.941458 0.930198
v 0.634464 0.942919 0.944397
v 0.598107 1.00491 0.833832
v 0.610211 1.00912 0.846175
v 0.586226 1.06632 -0.334272
v 0.574123 1.05974 -0.32431
v 0.730034 0.699507 -0.670377
v 0.742138 0.690493 -0.695627
v 0.581422 1.07519 -0.175231
v 0.569319 1.06824 -0.168275
v 0.581936 1.0746 0.0830417
v 0.569832 1.06768 0.085118
v 0.579011 1.05043 0.692697
v 0.591114 1.0566 0.702322
v 0.730931 0.694428 -0.75784
v 0.721029 0.701104 -0.756655
v 0.557814 1.06728 -0.416273
v 0.565475 1.07244 -0.405609
v 0.532554 1.08469 -0.402544
v 0.539868 1.09041 -0.391879
v 0.49273 1.10424 -0.38933
v 0.486055 1.09809 -0.399995
v 0.220087 1.11706 -0.405901
v 0.22311 1.12382 -0.395237
v -0 1.11905 -0.411543
v -0 1.12588 -0.400879
v 0.611678 0.692985 -0.82972
v 0.603391 0.699706 -0.828535
v 0.383919 0.691881 -0.863769
v 0.378717 0.698636 -0.862584
v -0 0.691325 -0.869542
v -0 0.698097 -0.868357
v 0.170285 0.698188 -0.868538
v 0.172623 0.691418 -0.869723
v 0.560435 1.03507 1.05813
v 0.5525 1.03264 1.06826
v 0.680622 0.730195 1.43666
v 0.690398 0.722224 1.44071
v 0.528835 1.05478 1.04828
v 0.521347 1.0515 1.05842
v 0.648265 0.730562 1.47984
v 0.657576 0.722607 1.4839
v 0.59096 0.7297 1.51635
v 0.599448 0.721707 1.52041
v 0.509018 0.728985 1.54339
v 0.516329 0.720959 1.54744
v 0.303616 0.727954 1.57469
v 0.307977 0.719882 1.57874
v -0 0.727225 1.58602
v -0 0.71912 1.59007
v 0.49273 1.06431 1.04882
v 0.485753 1.06063 1.05895
v -0 1.09242 1.07614
v -0 1.08752 1.08627
v 0.220433 1.08432 1.07457
v 0.223599 1.08908 1.06444
v 0.585992 1.06715 0.498612
v 0.741869 0.690908 0.497343
v 0.729824 0.699871 0.49261
v 0.573852 1.06047 0.493879
v 0.574129 1.06 0.503346
v 0.729824 0.699871 0.502076
v 0.822026 0.469152 2.43506
v 0.81232 0.464603 2.42654
v 0.816687 0.451525 2.42654
v 0.827862 0.451224 2.43408
v 0.809081 0.482277 2.43722
v 0.803385 0.474177 2.42654
v 0.791398 0.487081 2.44017
v 0.79118 0.477681 2.42654
v 0.711783 0.487081 2.44917
v 0.711565 0.477681 2.42654
v 0.656784 0.487081 2.45344
v 0.657473 0.477681 2.42654
v -0 0.487081 2.46326
v -0 0.477681 2.42657
v 0.821073 0.37425 2.42654
v 0.832248 0.373949 2.43273
v 0.822026 0.344564 2.43321
v 0.828958 0.353876 2.43267
v 0.817784 0.353575 2.42654
v 0.81232 0.349113 2.42654
v 0.809081 0.331439 2.43537
v 0.803385 0.339539 2.42654
v 0.780279 0.326635 2.43832
v 0.780061 0.336035 2.42654
v 0.656784 0.326635 2.45159
v 0.657473 0.336035 2.42654
v -0 0.336035 2.42654
v -0 0.326635 2.46141
v 0.832248 0.360607 2.43273
v 0.821073 0.360306 2.42654
v 0.836238 0.451224 2.42716
v 0.840897 0.453567 2.36798
v 0.83378 0.477306 2.37487
v 0.829161 0.473854 2.42834
v 0.817349 0.494684 2.3848
v 0.812821 0.49042 2.43107
v 0.794904 0.501045 2.3917
v 0.7905 0.496484 2.43479
v 0.714846 0.501045 2.41614
v 0.710885 0.496484 2.44379
v 0.660444 0.501045 2.42499
v 0.656784 0.496484 2.44798
v -0 0.501045 2.43715
v -0 0.496484 2.45781
v 0.840625 0.373949 2.42581
v 0.845308 0.37462 2.34493
v 0.829161 0.339862 2.42649
v 0.83378 0.336356 2.38051
v 0.842 0.351478 2.37674
v 0.837335 0.353876 2.42575
v 0.812821 0.323296 2.42922
v 0.817349 0.318977 2.38409
v 0.779381 0.317232 2.43295
v 0.783724 0.312617 2.41659
v -0 0.317232 2.45596
v -0 0.312617 2.43453
v 0.660444 0.312617 2.42068
v 0.656784 0.317232 2.44614
v 0.845308 0.358507 2.37498
v 0.840625 0.360607 2.42581
v 0.876025 0.213365 2.0455
v 0.916118 0.255556 2.09972
v 0.876025 0.21336 2.09983
v 0.876025 0.255563 1.92896
v 0.876025 0.229485 1.96116
v 0.905732 0.255556 2.41639
v 0.869101 0.21336 2.36659
v 0.788218 0.255556 2.47422
v 0.781014 0.21336 2.40918
v -0 0.255556 2.50765
v -0 0.21336 2.44261
v 0.876025 0.297747 2.09984
v 0.876025 0.297752 2.04555
v 0.876025 0.28164 1.9612
v 0.869101 0.297747 2.36659
v 0.781014 0.297747 2.40919
v -0 0.297747 2.44262
v -0.505555 0.443948 -2.01716
v -0.502574 0.459588 -2.03566
v -0.366983 0.459588 -2.04218
v -0.36873 0.443948 -2.02369
v -0.502574 0.291401 -2.03566
v -0.505555 0.305679 -2.01716
v -0.341113 0.305679 -2.02369
v -0.339616 0.291401 -2.04218
v -0.162975 0.459588 -2.04799
v -0.162863 0.443948 -2.0295
v -0.146545 0.305679 -2.0295
v -0.146804 0.291401 -2.04799
v -0.54435 0.430745 -2.01561
v -0.551963 0.443528 -2.03366
v -0.582487 0.401481 -2.03243
v -0.568327 0.396177 -2.01465
v -0.568327 0.35345 -2.01465
v -0.582487 0.349508 -2.03243
v -0.551963 0.307461 -2.03366
v -0.54435 0.318882 -2.01561
v -0.65176 0.361736 -2.01047
v -0.64123 0.345478 -2.02952
v -0.70874 0.343208 -2.00852
v -0.710481 0.322959 -2.02702
v -0.779731 0.345478 -2.02451
v -0.76572 0.361736 -2.00658
v -0.800935 0.410246 -2.00537
v -0.822531 0.404435 -2.02297
v -0.822531 0.477308 -2.02297
v -0.800935 0.470206 -2.00537
v -0.76572 0.518716 -2.00658
v -0.779731 0.536264 -2.02451
v -0.710481 0.558784 -2.02702
v -0.70874 0.537244 -2.00852
v -0.65176 0.518716 -2.01047
v -0.64123 0.536264 -2.02952
v -0.598431 0.477308 -2.03107
v -0.616545 0.470206 -2.01168
v -0.616545 0.410246 -2.01168
v -0.598431 0.404435 -2.03107
v -0.825669 0.142171 -1.88343
v -0.862164 0.184362 -1.92994
v -0.822071 0.142166 -1.92959
v -0.825669 0.184369 -1.7768
v -0.825669 0.158291 -1.80626
v -0.853306 0.184362 -2.0451
v -0.813213 0.142166 -2.00426
v -0.763456 0.184362 -2.10078
v -0.746143 0.142166 -2.04602
v -0.367941 0.184362 -2.12706
v -0.367222 0.142166 -2.07229
v -0.822071 0.226553 -1.9296
v -0.825669 0.226558 -1.88348
v -0.825669 0.210446 -1.80629
v -0.813213 0.226553 -2.00426
v -0.746143 0.226553 -2.04602
v -0.367222 0.226553 -2.0723
v -0.733198 0.701487 1.14774
v -0.714697 0.723679 1.20771
v -0.702593 0.731317 1.18008
v -0.721094 0.710045 1.1297
v -0.741775 0.691059 1.04874
v -0.729672 0.70005 1.03257
v -0.634464 0.942919 0.944397
v -0.622361 0.941458 0.930198
v -0.610211 1.00912 0.846175
v -0.598107 1.00491 0.833832
v -0.586226 1.06632 -0.334272
v -0.742138 0.690493 -0.695627
v -0.730034 0.699507 -0.670377
v -0.574123 1.05974 -0.32431
v -0.581422 1.07519 -0.175231
v -0.569319 1.06824 -0.168275
v -0.581936 1.0746 0.0830417
v -0.569832 1.06768 0.085118
v -0.591114 1.0566 0.702322
v -0.579011 1.05043 0.692697
v -0.730931 0.694428 -0.75784
v -0.565475 1.07244 -0.405609
v -0.557814 1.06728 -0.416273
v -0.721029 0.701104 -0.756655
v -0.539868 1.09041 -0.391879
v -0.532554 1.08469 -0.402544
v -0.49273 1.10424 -0.38933
v -0.22311 1.12382 -0.395237
v -0.220087 1.11706 -0.405901
v -0.486055 1.09809 -0.399995
v -0.611678 0.692985 -0.82972
v -0.603391 0.699706 -0.828535
v -0.383919 0.691881 -0.863769
v -0.378717 0.698636 -0.862584
v -0.172623 0.691418 -0.869723
v -0.170285 0.698188 -0.868538
v -0.560435 1.03507 1.05813
v -0.690398 0.722224 1.44071
v -0.680622 0.730195 1.43666
v -0.5525 1.03264 1.06826
v -0.528835 1.05478 1.04828
v -0.521347 1.0515 1.05842
v -0.657576 0.722607 1.4839
v -0.648265 0.730562 1.47984
v -0.599448 0.721707 1.52041
v -0.59096 0.7297 1.51635
v -0.516329 0.720959 1.54744
v -0.509018 0.728985 1.54339
v -0.307977 0.719882 1.57874
v -0.303617 0.727954 1.57469
v -0.49273 1.06431 1.04882
v -0.485753 1.06063 1.05895
v -0.223599 1.08908 1.06444
v -0.220433 1.08432 1.07457
v -0.585992 1.06715 0.498612
v -0.573852 1.06047 0.493879
v -0.729824 0.699871 0.49261
v -0.741869 0.690908 0.497343
v -0.729824 0.699871 0.502076
v -0.574129 1.06 0.503346
v -0.822026 0.469152 2.43506
v -0.827862 0.451224 2.43408
v -0.816687 0.451525 2.42654
v -0.81232 0.464603 2.42654
v -0.809081 0.482277 2.43722
v -0.803385 0.474177 2.42654
v -0.791398 0.487081 2.44017
v -0.79118 0.477681 2.42654
v -0.711565 0.477681 2.42654
v -0.711783 0.487081 2.44917
v -0.657473 0.477681 2.42654
v -0.656784 0.487081 2.45344
v -0.832248 0.373949 2.43273
v -0.821073 0.37425 2.42654
v -0.822026 0.344564 2.43321
v -0.81232 0.349113 2.42654
v -0.817784 0.353575 2.42654
v -0.828958 0.353876 2.43267
v -0.809081 0.331439 2.43537
v -0.803385 0.339539 2.42654
v -0.780279 0.326635 2.43832
v -0.780061 0.336035 2.42654
v -0.656784 0.326635 2.45159
v -0.657473 0.336035 2.42654
v -0.821073 0.360306 2.42654
v -0.832248 0.360607 2.43273
v -0.836238 0.451224 2.42716
v -0.829161 0.473854 2.42834
v -0.83378 0.477306 2.37487
v -0.840897 0.453567 2.36798
v -0.812821 0.49042 2.43107
v -0.817349 0.494684 2.3848
v -0.7905 0.496484 2.43479
v -0.794904 0.501045 2.3917
v -0.710885 0.496484 2.44379
v -0.714846 0.501045 2.41614
v -0.656784 0.496484 2.44798
v -0.660444 0.501045 2.42499
v -0.840625 0.373949 2.42581
v -0.845308 0.37462 2.34493
v -0.829161 0.339862 2.42649
v -0.837335 0.353876 2.42575
v -0.842 0.351478 2.37674
v -0.83378 0.336356 2.38051
v -0.812821 0.323296 2.42922
v -0.817349 0.318977 2.38409
v -0.779381 0.317232 2.43295
v -0.783724 0.312617 2.41659
v -0.656784 0.317232 2.44614
v -0.660444 0.312617 2.42068
v -0.840625 0.360607 2.42581
v -0.845308 0.358507 2.37498
v -0.876025 0.21336 2.09983
v -0.916118 0.255556 2.09972
v -0.876025 0.213365 2.0455
v -0.876025 0.229485 1.96116
v -0.876025 0.255563 1.92896
v -0.869101 0.21336 2.36659
v -0.905732 0.255556 2.41639
v -0.781014 0.21336 2.40918
v -0.788218 0.255556 2.47422
v -0.876025 0.297752 2.04555
v -0.876025 0.297747 2.09984
v -0.876025 0.28164 1.9612
v -0.869101 0.297747 2.36659
v -0.781014 0.297747 2.40919
v 0.84278 0.165371 -0.993482
v 0.586962 0.165371 -0.993482
v 0.586967 0.250484 -1.05939
v 0.859145 0.250484 -1.05939
v 0.586971 0.336402 -1.16037
v 0.873775 0.336402 -1.16037
v 0.586972 0.381838 -1.2959
v 0.879487 0.381838 -1.2959
v 0.586971 0.37481 -1.4803
v 0.874754 0.37481 -1.4803
v 0.586965 0.340529 -1.62349
v 0.861392 0.340529 -1.62349
v 0.586959 0.23628 -1.69498
v 0.830705 0.23628 -1.69498
v 0.871306 0.326768 1.66475
v 0.58697 0.326768 1.66475
v 0.586971 0.341534 1.60422
v 0.874218 0.341534 1.60422
v 0.852568 0.168066 1.1093
v 0.586965 0.168066 1.1093
v 0.586959 0.0567096 1.07522
v 0.831574 0.0567096 1.07522
v 0.866599 0.253747 1.16612
v 0.586969 0.253747 1.16612
v 0.876582 0.318205 1.24731
v 0.586971 0.318205 1.24731
v 0.879589 0.340892 1.3302
v 0.586972 0.340892 1.3302
v 0.586953 4.16301e-007 1.05475
v 0.808637 4.16301e-007 1.05475
v 0.823265 0.0609727 -0.95431
v 0.586957 0.0609727 -0.95431
v 0.806306 1.06171e-006 -0.930782
v 0.586953 1.06171e-006 -0.930782
v 0.813424 0.140029 -1.73443
v 0.586954 0.140029 -1.73443
v 0.58695 0.0805102 -1.75107
v 0.797194 0.0805102 -1.75107
v 0.58694 0.0320212 -1.76154
v 0.758557 0.0320212 -1.76154
v 0.863395 0.277555 1.72571
v 0.586968 0.277555 1.72571
v 0.832098 0.100047 1.85317
v 0.586959 0.100047 1.85317
v 0.415186 1.1085 0.0869595
v -3.8743e-007 1.11859 0.0869595
v -3.8743e-007 1.11859 -0.335382
v 0.415186 1.1085 -0.335382
v 0.692765 0.672119 0.497234
v 0.692765 0.672119 -0.739623
v -3.8743e-007 0.672119 -0.739623
v -3.8743e-007 0.672119 0.497234
v -3.8743e-007 0.672119 1.32683
v 0.692765 0.672119 1.32683
v 0.415186 1.10247 0.497234
v -3.8743e-007 1.11256 0.497234
v 0.415186 1.08738 0.82304
v -3.8743e-007 1.09748 0.82304
v 0.648265 0.730562 1.47984
v 0.680622 0.730195 1.43666
v 0.59096 0.7297 1.51635
v 0.509018 0.728985 1.54339
v -0 0.727225 1.58602
v 0.303616 0.727954 1.57469
v 0.702593 0.731317 1.18008
v 0.721094 0.710045 1.1297
v 0.729672 0.70005 1.03257
v 0.579011 1.05043 0.692697
v 0.598107 1.00491 0.833832
v 0.5525 1.03264 1.06826
v 0.622361 0.941458 0.930198
v 0.521347 1.0515 1.05842
v 0.485753 1.06063 1.05895
v 0.220433 1.08432 1.07457
v -0 1.08752 1.08627
v 0.729824 0.699871 0.502076
v 0.574129 1.06 0.503346
v 0.729824 0.699871 0.49261
v 0.573852 1.06047 0.493879
v 0.569832 1.06768 0.085118
v 0.569319 1.06824 -0.168275
v 0.220087 1.11706 -0.405901
v -0 1.11905 -0.411543
v 0.486055 1.09809 -0.399995
v 0.574123 1.05974 -0.32431
v 0.557814 1.06728 -0.416273
v 0.730034 0.699507 -0.670377
v 0.721029 0.701104 -0.756655
v 0.532554 1.08469 -0.402544
v 0.603391 0.699706 -0.828535
v 0.378717 0.698636 -0.862584
v 0.170285 0.698188 -0.868538
v -0 0.698097 -0.868357
v -0.84278 0.165371 -0.993482
v -0.859145 0.250484 -1.05939
v -0.586967 0.250484 -1.05939
v -0.586962 0.165371 -0.993482
v -0.873775 0.336402 -1.16037
v -0.586971 0.336402 -1.16037
v -0.879487 0.381838 -1.2959
v -0.586972 0.381838 -1.2959
v -0.874754 0.37481 -1.4803
v -0.586971 0.37481 -1.4803
v -0.861392 0.340529 -1.62349
v -0.586965 0.340529 -1.62349
v -0.830705 0.23628 -1.69498
v -0.586959 0.23628 -1.69498
v -0.871306 0.326768 1.66475
v -0.874218 0.341534 1.60422
v -0.586971 0.341534 1.60422
v -0.58697 0.326768 1.66475
v -0.852568 0.168066 1.1093
v -0.831574 0.0567096 1.07522
v -0.586959 0.0567096 1.07522
v -0.586965 0.168066 1.1093
v -0.866599 0.253747 1.16612
v -0.586969 0.253747 1.16612
v -0.876582 0.318205 1.24731
v -0.586971 0.318205 1.24731
v -0.879589 0.340892 1.3302
v -0.586972 0.340892 1.3302
v -0.808637 4.16301e-007 1.05475
v -0.586953 4.16301e-007 1.05475
v -0.823265 0.0609727 -0.95431
v -0.586957 0.0609727 -0.95431
v -0.806306 1.06171e-006 -0.930782
v -0.586953 1.06171e-006 -0.930782
v -0.813424 0.140029 -1.73443
v -0.797194 0.0805102 -1.75107
v -0.58695 0.0805102 -1.75107
v -0.586954 0.140029 -1.73443
v -0.758557 0.0320212 -1.76154
v -0.58694 0.0320212 -1.76154
v -0.863395 0.277555 1.72571
v -0.586968 0.277555 1.72571
v -0.832098 0.100047 1.85317
v -0.586959 0.100047 1.85317
v -0.415186 1.1085 0.0869595
v -0.415186 1.1085 -0.335382
v 3.8743e-007 1.11859 -0.335382
v 3.8743e-007 1.11859 0.0869595
v -0.692765 0.672119 0.497234
v 3.8743e-007 0.672119 0.497234
v 3.8743e-007 0.672119 -0.739623
v -0.692765 0.672119 -0.739623
v -0.692765 0.672119 1.32683
v 3.8743e-007 0.672119 1.32683
v 3.8743e-007 1.11256 0.497234
v -0.415186 1.10247 0.497234
v 3.8743e-007 1.09748 0.82304
v -0.415186 1.08738 0.82304
v -0.680622 0.730195 1.43666
v -0.648265 0.730562 1.47984
v -0.59096 0.7297 1.51635
v -0.509018 0.728985 1.54339
v -0.303616 0.727954 1.57469
v -0.702593 0.731317 1.18008
v -0.721094 0.710045 1.1297
v -0.729672 0.70005 1.03257
v -0.5525 1.03264 1.06826
v -0.598107 1.00491 0.833832
v -0.579011 1.05043 0.692697
v -0.622361 0.941458 0.930198
v -0.521347 1.0515 1.05842
v -0.485753 1.06063 1.05895
v -0.220433 1.08432 1.07457
v -0.729824 0.699871 0.49261
v -0.574129 1.06 0.503346
v -0.729824 0.699871 0.502076
v -0.573852 1.06047 0.493879
v -0.569832 1.06768 0.085118
v -0.569319 1.06824 -0.168275
v -0.220087 1.11706 -0.405901
v -0.486055 1.09809 -0.399995
v -0.730034 0.699507 -0.670377
v -0.557814 1.06728 -0.416273
v -0.574123 1.05974 -0.32431
v -0.721029 0.701104 -0.756655
v -0.532554 1.08469 -0.402544
v -0.603391 0.699706 -0.828535
v -0.378717 0.698636 -0.862584
v -0.170285 0.698188 -0.868538
v 0.586959 0.100047 1.85317
v -0 0.100047 1.85317
v -0 4.16301e-007 1.05475
v 0.586953 4.16301e-007 1.05475
v 0.586953 1.06171e-006 -0.930782
v -0 1.06171e-006 -0.930782
v -0 0.0320212 -1.76154
v 0.58694 0.0320212 -1.76154
v 0.832098 0.100047 1.85317
v 0.832616 0.103291 1.94178
v 0.838417 0.140478 2.32934
v 0.779693 0.140478 2.3595
v 0.657528 0.140478 2.38362
v -0 0.140478 2.39689
v 0.809296 1.4063e-006 -0.688919
v 0.808637 4.16301e-007 1.05475
v 0.806306 1.06171e-006 -0.930782
v 0.748979 0.0431159 -1.87206
v 0.758557 0.0320212 -1.76154
v 0.726961 0.0466226 -1.93457
v 0.681311 0.0516891 -1.97143
v 0.605919 0.0550441 -1.99786
v 0.35961 0.0563487 -2.01584
v -0 0.0554861 -2.02261
v -0.586959 0.100047 1.85317
v -0.586953 4.16301e-007 1.05475
v -0.586953 1.06171e-006 -0.930782
v -0.58694 0.0320212 -1.76154
v -0.832616 0.103291 1.94178
v -0.832098 0.100047 1.85317
v -0.838417 0.140478 2.32934
v -0.779693 0.140478 2.3595
v -0.657528 0.140478 2.38362
v -0.808637 4.16301e-007 1.05475
v -0.809296 1.4063e-006 -0.688919
v -0.806306 1.06171e-006 -0.930782
v -0.758557 0.0320212 -1.76154
v -0.748979 0.0431159 -1.87206
v -0.726961 0.0466226 -1.93457
v -0.681311 0.0516891 -1.97143
v -0.605919 0.0550441 -1.99786
v -0.35961 0.0563487 -2.01584
v 0.651761 0.361736 -2.01047
v 0.616545 0.410246 -2.01168
v 0.708776 0.438616 -2.02594
v 0.616545 0.470206 -2.01168
v 0.651761 0.518715 -2.01047
v 0.70874 0.537244 -2.00852
v 0.765719 0.518715 -2.00658
v 0.800935 0.470206 -2.00537
v 0.800935 0.410246 -2.00537
v 0.765719 0.361736 -2.00658
v 0.70874 0.343208 -2.00852
v -0.708776 0.438616 -2.02594
v -0.616545 0.410246 -2.01168
v -0.651761 0.361736 -2.01047
v -0.616545 0.470206 -2.01168
v -0.651761 0.518715 -2.01047
v -0.70874 0.537244 -2.00852
v -0.765719 0.518715 -2.00658
v -0.800935 0.470206 -2.00537
v -0.800935 0.410246 -2.00537
v -0.765719 0.361736 -2.00658
v -0.70874 0.343208 -2.00852
v 0.657473 0.477681 2.42654
v 0.664762 0.471923 2.43693
v 0.711565 0.477681 2.42654
v 0.713897 0.471923 2.43693
v 0.786216 0.471923 2.43693
v 0.79118 0.477681 2.42654
v 0.803385 0.474177 2.42654
v 0.797303 0.468714 2.43693
v 0.805419 0.459947 2.43693
v 0.81232 0.464603 2.42654
v 0.816687 0.451525 2.42654
v 0.809386 0.447971 2.43693
v 0.813371 0.377209 2.43693
v 0.821073 0.37425 2.42654
v 0.821073 0.360306 2.42654
v 0.813371 0.364441 2.43693
v 0.810383 0.358277 2.43693
v 0.817784 0.353575 2.42654
v 0.81232 0.349113 2.42654
v 0.805419 0.354191 2.43693
v 0.797303 0.345424 2.43693
v 0.803385 0.339539 2.42654
v 0.780061 0.336035 2.42654
v 0.776116 0.342215 2.43693
v 0.664762 0.342215 2.43693
v 0.657473 0.336035 2.42654
v -0.711565 0.477681 2.42654
v -0.664762 0.471923 2.43693
v -0.657473 0.477681 2.42654
v -0.713897 0.471923 2.43693
v -0.786216 0.471923 2.43693
v -0.79118 0.477681 2.42654
v -0.803385 0.474177 2.42654
v -0.797303 0.468714 2.43693
v -0.805419 0.459947 2.43693
v -0.81232 0.464603 2.42654
v -0.816687 0.451525 2.42654
v -0.809386 0.447971 2.43693
v -0.813371 0.377209 2.43693
v -0.821073 0.37425 2.42654
v -0.821073 0.360306 2.42654
v -0.813371 0.364441 2.43693
v -0.810383 0.358277 2.43693
v -0.817784 0.353575 2.42654
v -0.81232 0.349113 2.42654
v -0.805419 0.354191 2.43693
v -0.797303 0.345424 2.43693
v -0.803385 0.339539 2.42654
v -0.780061 0.336035 2.42654
v -0.776116 0.342215 2.43693
v -0.664762 0.342215 2.43693
v -0.657473 0.336035 2.42654
v 0.220087 1.11706 -0.405901
v -0 0.698097 -0.868357
v -0 1.11905 -0.411543
v 0.170285 0.698188 -0.868538
v 0.378717 0.698636 -0.862584
v 0.603391 0.699706 -0.828535
v 0.486055 1.09809 -0.399995
v 0.557814 1.06728 -0.416273
v 0.721029 0.701104 -0.756655
v 0.532554 1.08469 -0.402544
v 0.574123 1.05974 -0.32431
v 0.569319 1.06824 -0.168275
v 0.730034 0.699507 -0.670377
v 0.569832 1.06768 0.085118
v 0.729824 0.699871 0.49261
v 0.573852 1.06047 0.493879
v 0.702593 0.731317 1.18008
v 0.721094 0.710045 1.1297
v 0.622361 0.941458 0.930198
v 0.729672 0.70005 1.03257
v 0.598107 1.00491 0.833832
v 0.579011 1.05043 0.692697
v 0.729824 0.699871 0.502076
v 0.574129 1.06 0.503346
v 0.485753 1.06063 1.05895
v 0.59096 0.7297 1.51635
v 0.521347 1.0515 1.05842
v 0.648265 0.730562 1.47984
v 0.680622 0.730195 1.43666
v 0.5525 1.03264 1.06826
v -0 1.08752 1.08627
v -0 0.727225 1.58602
v 0.220433 1.08432 1.07457
v 0.303616 0.727954 1.57469
v 0.509018 0.728985 1.54339
v -0.220087 1.11706 -0.405901
v -0.170285 0.698188 -0.868538
v -0.378717 0.698636 -0.862584
v -0.603391 0.699706 -0.828535
v -0.486055 1.09809 -0.399995
v -0.532554 1.08469 -0.402544
v -0.721029 0.701104 -0.756655
v -0.557814 1.06728 -0.416273
v -0.730034 0.699507 -0.670377
v -0.569319 1.06824 -0.168275
v -0.574123 1.05974 -0.32431
v -0.569832 1.06768 0.085118
v -0.729824 0.699871 0.49261
v -0.573852 1.06047 0.493879
v -0.622361 0.941458 0.930198
v -0.721094 0.710045 1.1297
v -0.702593 0.731317 1.18008
v -0.729672 0.70005 1.03257
v -0.598107 1.00491 0.833832
v -0.579011 1.05043 0.692697
v -0.729824 0.699871 0.502076
v -0.574129 1.06 0.503346
v -0.521347 1.0515 1.05842
v -0.59096 0.7297 1.51635
v -0.485753 1.06063 1.05895
v -0.648265 0.730562 1.47984
v -0.680622 0.730195 1.43666
v -0.5525 1.03264 1.06826
v -0.220433 1.08432 1.07457
v -0.303616 0.727954 1.57469
v -0.509018 0.728985 1.54339
v -0.790348 0.115894 -1.40921
v -0.790348 0.125272 -1.40772
v -0.790357 0.139637 -1.45193
v -0.790358 0.115894 -1.45569
v -0.790347 0.133732 -1.40341
v -0.790355 0.161055 -1.44102
v -0.790345 0.140446 -1.3967
v -0.790351 0.178053 -1.42402
v -0.790343 0.144756 -1.38824
v -0.790346 0.188966 -1.4026
v -0.790341 0.146242 -1.37886
v -0.790341 0.192727 -1.37886
v -0.790339 0.144756 -1.36948
v -0.790336 0.188966 -1.35512
v -0.790337 0.140446 -1.36102
v -0.790331 0.178053 -1.3337
v -0.790336 0.133732 -1.35431
v -0.790328 0.161055 -1.3167
v -0.790335 0.125272 -1.35
v -0.790325 0.139637 -1.30579
v -0.790334 0.115894 -1.34851
v -0.790324 0.115894 -1.30203
v -0.790335 0.106517 -1.35
v -0.790325 0.0921519 -1.30579
v -0.790336 0.0980567 -1.35431
v -0.790327 0.0707336 -1.3167
v -0.790337 0.0913429 -1.36102
v -0.790331 0.0537357 -1.3337
v -0.790339 0.0870325 -1.36948
v -0.790336 0.0428226 -1.35512
v -0.790341 0.0855471 -1.37886
v -0.790341 0.0390621 -1.37886
v -0.790343 0.0870325 -1.38824
v -0.790346 0.0428226 -1.4026
v -0.790345 0.0913429 -1.3967
v -0.790351 0.0537358 -1.42402
v -0.790347 0.0980567 -1.40341
v -0.790355 0.0707336 -1.44102
v -0.790348 0.106517 -1.40772
v -0.790357 0.0921519 -1.45193
v -0.820067 0.115894 -1.53579
v -0.820065 0.164391 -1.52811
v -0.822257 0.172894 -1.55428
v -0.822258 0.115894 -1.56331
v -0.82006 0.208141 -1.50582
v -0.822251 0.224314 -1.52808
v -0.820053 0.242861 -1.4711
v -0.822242 0.265121 -1.48727
v -0.820043 0.265152 -1.42735
v -0.82223 0.29132 -1.43585
v -0.820032 0.272833 -1.37885
v -0.822217 0.300348 -1.37885
v -0.820022 0.265152 -1.33036
v -0.822205 0.29132 -1.32186
v -0.820012 0.242861 -1.28661
v -0.822194 0.265121 -1.27043
v -0.820004 0.208141 -1.25189
v -0.822185 0.224314 -1.22963
v -0.819999 0.164391 -1.2296
v -0.822179 0.172894 -1.20343
v -0.819998 0.115894 -1.22192
v -0.822177 0.115894 -1.1944
v -0.819999 0.0673976 -1.2296
v -0.822179 0.0588951 -1.20343
v -0.820004 0.0236476 -1.25189
v -0.822185 0.00747498 -1.22963
v -0.820012 -0.0110721 -1.28661
v -0.822194 -0.033332 -1.27043
v -0.820022 -0.0333632 -1.33036
v -0.822205 -0.0595315 -1.32186
v -0.820032 -0.0410443 -1.37885
v -0.822217 -0.0685589 -1.37885
v -0.820043 -0.0333632 -1.42735
v -0.82223 -0.0595315 -1.43585
v -0.820053 -0.0110721 -1.4711
v -0.822242 -0.033332 -1.48727
v -0.82006 0.0236476 -1.50582
v -0.822251 0.00747498 -1.52808
v -0.820065 0.0673976 -1.52811
v -0.822257 0.0588951 -1.55428
v -0.832804 0.115894 -1.57847
v -0.832802 0.17758 -1.5687
v -0.843364 0.19796 -1.63142
v -0.843368 0.115894 -1.64442
v -0.832796 0.233228 -1.54035
v -0.843355 0.271994 -1.5937
v -0.832786 0.277391 -1.49619
v -0.843341 0.330747 -1.53495
v -0.832774 0.305744 -1.44054
v -0.843323 0.368468 -1.46092
v -0.83276 0.315515 -1.37885
v -0.843303 0.381467 -1.37885
v -0.832746 0.305744 -1.31717
v -0.843283 0.368468 -1.29679
v -0.832734 0.277391 -1.26152
v -0.843265 0.333001 -1.22264
v -0.832724 0.233228 -1.21736
v -0.84325 0.271994 -1.164
v -0.832718 0.17758 -1.189
v -0.843241 0.19796 -1.12628
v -0.832716 0.115894 -1.17923
v -0.843238 0.115894 -1.11328
v -0.832718 0.0542083 -1.189
v -0.843241 0.0338283 -1.12628
v -0.832724 -0.00143936 -1.21736
v -0.84325 -0.0402052 -1.164
v -0.832734 -0.0456023 -1.26152
v -0.843265 -0.098958 -1.22275
v -0.832746 -0.0739557 -1.31717
v -0.843283 -0.13668 -1.29679
v -0.83276 -0.0837261 -1.37885
v -0.843303 -0.149678 -1.37885
v -0.832774 -0.0739557 -1.44054
v -0.843323 -0.13668 -1.46092
v -0.832786 -0.0456023 -1.49619
v -0.843341 -0.098958 -1.53495
v -0.832796 -0.00143936 -1.54035
v -0.843355 -0.0402052 -1.5937
v -0.832802 0.0542083 -1.5687
v -0.843364 0.0338283 -1.63142
v -0.839155 0.208113 -1.66267
v -0.839159 0.115894 -1.67728
v -0.839144 0.291304 -1.62028
v -0.839128 0.357325 -1.55426
v -0.839108 0.399712 -1.47107
v -0.839086 0.414319 -1.37885
v -0.839063 0.399712 -1.28663
v -0.839043 0.357325 -1.20344
v -0.839027 0.291304 -1.13742
v -0.839016 0.208113 -1.09503
v -0.839013 0.115894 -1.08043
v -0.839016 0.0236761 -1.09503
v -0.839027 -0.0595155 -1.13742
v -0.839043 -0.125537 -1.20344
v -0.839063 -0.167924 -1.28663
v -0.839086 -0.182531 -1.37885
v -0.839108 -0.167924 -1.47107
v -0.839128 -0.125537 -1.55426
v -0.839144 -0.0595155 -1.62028
v -0.839155 0.0236761 -1.66267
v -0.790348 0.115894 -1.40921
v -0.794498 0.115894 -1.37886
v -0.790348 0.125272 -1.40772
v -0.790347 0.133732 -1.40341
v -0.790345 0.140446 -1.3967
v -0.790343 0.144756 -1.38824
v -0.790341 0.146242 -1.37886
v -0.790339 0.144756 -1.36948
v -0.790337 0.140446 -1.36102
v -0.790336 0.133732 -1.35431
v -0.790335 0.125272 -1.35
v -0.790334 0.115894 -1.34851
v -0.790335 0.106517 -1.35
v -0.790336 0.0980567 -1.35431
v -0.790337 0.0913429 -1.36102
v -0.790339 0.0870325 -1.36948
v -0.790341 0.0855471 -1.37886
v -0.790343 0.0870325 -1.38824
v -0.790345 0.0913429 -1.3967
v -0.790347 0.0980567 -1.40341
v -0.790348 0.106517 -1.40772
v -0.790358 0.115894 -1.45569
v -0.790357 0.139637 -1.45193
v -0.820065 0.164391 -1.52811
v -0.820067 0.115894 -1.53579
v -0.790355 0.161055 -1.44102
v -0.82006 0.208141 -1.50582
v -0.790351 0.178053 -1.42402
v -0.820053 0.242861 -1.4711
v -0.790346 0.188966 -1.4026
v -0.820043 0.265152 -1.42735
v -0.790341 0.192727 -1.37886
v -0.820032 0.272833 -1.37885
v -0.790336 0.188966 -1.35512
v -0.820022 0.265152 -1.33036
v -0.790331 0.178053 -1.3337
v -0.820012 0.242861 -1.28661
v -0.790328 0.161055 -1.3167
v -0.820004 0.208141 -1.25189
v -0.790325 0.139637 -1.30579
v -0.819999 0.164391 -1.2296
v -0.790324 0.115894 -1.30203
v -0.819998 0.115894 -1.22192
v -0.790325 0.0921519 -1.30579
v -0.819999 0.0673976 -1.2296
v -0.790327 0.0707336 -1.3167
v -0.820004 0.0236476 -1.25189
v -0.790331 0.0537357 -1.3337
v -0.820012 -0.0110721 -1.28661
v -0.790336 0.0428226 -1.35512
v -0.820022 -0.0333632 -1.33036
v -0.790341 0.0390621 -1.37886
v -0.820032 -0.0410443 -1.37885
v -0.790346 0.0428226 -1.4026
v -0.820043 -0.0333632 -1.42735
v -0.790351 0.0537358 -1.42402
v -0.820053 -0.0110721 -1.4711
v -0.790355 0.0707336 -1.44102
v -0.82006 0.0236476 -1.50582
v -0.790357 0.0921519 -1.45193
v -0.820065 0.0673976 -1.52811
v -0.822258 0.115894 -1.56331
v -0.822257 0.172894 -1.55428
v -0.832802 0.17758 -1.5687
v -0.832804 0.115894 -1.57847
v -0.822251 0.224314 -1.52808
v -0.832796 0.233228 -1.54035
v -0.822242 0.265121 -1.48727
v -0.832786 0.277391 -1.49619
v -0.82223 0.29132 -1.43585
v -0.832774 0.305744 -1.44054
v -0.822217 0.300348 -1.37885
v -0.83276 0.315515 -1.37885
v -0.822205 0.29132 -1.32186
v -0.832746 0.305744 -1.31717
v -0.822194 0.265121 -1.27043
v -0.832734 0.277391 -1.26152
v -0.822185 0.224314 -1.22963
v -0.832724 0.233228 -1.21736
v -0.822179 0.172894 -1.20343
v -0.832718 0.17758 -1.189
v -0.822177 0.115894 -1.1944
v -0.832716 0.115894 -1.17923
v -0.822179 0.0588951 -1.20343
v -0.832718 0.0542083 -1.189
v -0.822185 0.00747498 -1.22963
v -0.832724 -0.00143936 -1.21736
v -0.822194 -0.033332 -1.27043
v -0.832734 -0.0456023 -1.26152
v -0.822205 -0.0595315 -1.32186
v -0.832746 -0.0739557 -1.31717
v -0.822217 -0.0685589 -1.37885
v -0.83276 -0.0837261 -1.37885
v -0.82223 -0.0595315 -1.43585
v -0.832774 -0.0739557 -1.44054
v -0.822242 -0.033332 -1.48727
v -0.832786 -0.0456023 -1.49619
v -0.822251 0.00747498 -1.52808
v -0.832796 -0.00143936 -1.54035
v -0.822257 0.0588951 -1.55428
v -0.832802 0.0542083 -1.5687
v -0.839159 0.115894 -1.67728
v -0.839155 0.208113 -1.66267
v -0.832747 0.212421 -1.67593
v -0.832751 0.115894 -1.69122
v -0.839144 0.291304 -1.62028
v -0.832736 0.299498 -1.63156
v -0.839128 0.357325 -1.55426
v -0.83272 0.368603 -1.56246
v -0.839108 0.399712 -1.47107
v -0.832698 0.412971 -1.47538
v -0.839086 0.414319 -1.37885
v -0.832675 0.42826 -1.37885
v -0.839063 0.399712 -1.28663
v -0.832651 0.412971 -1.28233
v -0.839043 0.357325 -1.20344
v -0.83263 0.368603 -1.19525
v -0.839027 0.291304 -1.13742
v -0.832613 0.299498 -1.12614
v -0.839016 0.208113 -1.09503
v -0.832603 0.21242 -1.08178
v -0.839013 0.115894 -1.08043
v -0.832598 0.115894 -1.06649
v -0.839016 0.0236761 -1.09503
v -0.832603 0.0193679 -1.08178
v -0.839027 -0.0595155 -1.13742
v -0.832613 -0.0677088 -1.12614
v -0.839043 -0.125537 -1.20344
v -0.83263 -0.136814 -1.19525
v -0.839063 -0.167924 -1.28663
v -0.832651 -0.181182 -1.28233
v -0.839086 -0.182531 -1.37885
v -0.832675 -0.196471 -1.37885
v -0.839108 -0.167924 -1.47107
v -0.832698 -0.181182 -1.47538
v -0.839128 -0.125537 -1.55426
v -0.83272 -0.136814 -1.56246
v -0.839144 -0.0595155 -1.62028
v -0.832736 -0.0677088 -1.63156
v -0.839155 0.0236761 -1.66267
v -0.832747 0.0193679 -1.67593
v -0.822374 0.216394 -1.68816
v -0.822378 0.115894 -1.70408
v -0.822363 0.307057 -1.64197
v -0.822345 0.379007 -1.57002
v -0.822323 0.425201 -1.47935
v -0.822299 0.441119 -1.37885
v -0.822274 0.425201 -1.27835
v -0.822252 0.379007 -1.18769
v -0.822234 0.307057 -1.11574
v -0.822223 0.216394 -1.06955
v -0.822219 0.115894 -1.05363
v -0.822223 0.0153943 -1.06955
v -0.822234 -0.0752679 -1.11574
v -0.822252 -0.147219 -1.18769
v -0.822274 -0.193413 -1.27835
v -0.822299 -0.209331 -1.37885
v -0.822323 -0.193413 -1.47935
v -0.822345 -0.147218 -1.57002
v -0.822363 -0.0752679 -1.64197
v -0.822374 0.0153943 -1.68816
v -0.614172 0.115894 -1.64446
v -0.618397 0.115894 -1.67731
v -0.618394 0.208113 -1.66271
v -0.614169 0.19796 -1.63146
v -0.618383 0.291304 -1.62032
v -0.61416 0.271994 -1.59374
v -0.618368 0.357325 -1.5543
v -0.614146 0.330747 -1.53499
v -0.618347 0.399712 -1.47111
v -0.614128 0.368468 -1.46096
v -0.618325 0.414319 -1.37889
v -0.614108 0.381467 -1.37889
v -0.618302 0.399712 -1.28667
v -0.614088 0.368468 -1.29682
v -0.618282 0.357325 -1.20348
v -0.614069 0.333001 -1.22268
v -0.618266 0.291304 -1.13746
v -0.614055 0.271994 -1.16404
v -0.618255 0.208113 -1.09507
v -0.614046 0.19796 -1.12632
v -0.618252 0.115894 -1.08047
v -0.614043 0.115894 -1.11332
v -0.618255 0.0236761 -1.09507
v -0.614046 0.0338283 -1.12632
v -0.618266 -0.0595155 -1.13746
v -0.614055 -0.0402052 -1.16404
v -0.618282 -0.125537 -1.20348
v -0.614069 -0.098958 -1.22279
v -0.618302 -0.167924 -1.28667
v -0.614088 -0.13668 -1.29682
v -0.618325 -0.182531 -1.37889
v -0.614108 -0.149678 -1.37889
v -0.618347 -0.167924 -1.47111
v -0.614128 -0.13668 -1.46096
v -0.618368 -0.125537 -1.5543
v -0.614146 -0.098958 -1.53499
v -0.618383 -0.0595155 -1.62032
v -0.61416 -0.0402052 -1.59374
v -0.618394 0.0236761 -1.66271
v -0.614169 0.0338283 -1.63146
v -0.618397 0.115894 -1.67731
v -0.624811 0.115894 -1.69125
v -0.624807 0.212421 -1.67597
v -0.618394 0.208113 -1.66271
v -0.624797 0.299498 -1.6316
v -0.618383 0.291304 -1.62032
v -0.62478 0.368603 -1.56249
v -0.618368 0.357325 -1.5543
v -0.624758 0.412971 -1.47542
v -0.618347 0.399712 -1.47111
v -0.624735 0.42826 -1.37889
v -0.618325 0.414319 -1.37889
v -0.624712 0.412971 -1.28236
v -0.618302 0.399712 -1.28667
v -0.624691 0.368603 -1.19529
v -0.618282 0.357325 -1.20348
v -0.624673 0.299498 -1.12618
v -0.618266 0.291304 -1.13746
v -0.624663 0.21242 -1.08181
v -0.618255 0.208113 -1.09507
v -0.624659 0.115894 -1.06652
v -0.618252 0.115894 -1.08047
v -0.624663 0.0193679 -1.08181
v -0.618255 0.0236761 -1.09507
v -0.624673 -0.0677088 -1.12618
v -0.618266 -0.0595155 -1.13746
v -0.624691 -0.136814 -1.19529
v -0.618282 -0.125537 -1.20348
v -0.624712 -0.181182 -1.28236
v -0.618302 -0.167924 -1.28667
v -0.624735 -0.196471 -1.37889
v -0.618325 -0.182531 -1.37889
v -0.624758 -0.181182 -1.47542
v -0.618347 -0.167924 -1.47111
v -0.62478 -0.136814 -1.56249
v -0.618368 -0.125537 -1.5543
v -0.624797 -0.0677088 -1.6316
v -0.618383 -0.0595155 -1.62032
v -0.624807 0.0193679 -1.67597
v -0.618394 0.0236761 -1.66271
v -0.635191 0.115894 -1.70411
v -0.635187 0.216394 -1.68819
v -0.635175 0.307057 -1.642
v -0.635158 0.379007 -1.57005
v -0.635136 0.425201 -1.47939
v -0.635111 0.441119 -1.37889
v -0.635086 0.425201 -1.27839
v -0.635065 0.379007 -1.18773
v -0.635047 0.307057 -1.11577
v -0.635035 0.216394 -1.06958
v -0.635032 0.115894 -1.05366
v -0.635035 0.0153943 -1.06958
v -0.635047 -0.0752679 -1.11577
v -0.635065 -0.147219 -1.18773
v -0.635086 -0.193413 -1.27839
v -0.635111 -0.209331 -1.37889
v -0.635136 -0.193413 -1.47939
v -0.635158 -0.147218 -1.57005
v -0.635175 -0.0752679 -1.642
v -0.635187 0.0153943 -1.68819
v -0.614046 0.0338283 -1.12632
v -0.614046 0.19796 -1.12632
v -0.614043 0.115894 -1.11332
v -0.614055 0.271994 -1.16404
v -0.614055 -0.0402052 -1.16404
v -0.614069 -0.098958 -1.22279
v -0.614069 0.333001 -1.22268
v -0.614088 0.368468 -1.29682
v -0.614088 -0.13668 -1.29682
v -0.614108 -0.149678 -1.37889
v -0.614108 0.381467 -1.37889
v -0.614128 0.368468 -1.46096
v -0.614128 -0.13668 -1.46096
v -0.614146 -0.098958 -1.53499
v -0.614146 0.330747 -1.53499
v -0.61416 0.271994 -1.59374
v -0.61416 -0.0402052 -1.59374
v -0.614169 0.0338283 -1.63146
v -0.614169 0.19796 -1.63146
v -0.614172 0.115894 -1.64446
v -0.635191 0.115894 -1.70411
v -0.635187 0.0153943 -1.68819
v -0.822378 0.115894 -1.70408
v -0.822374 0.0153943 -1.68816
v -0.822363 -0.0752679 -1.64197
v -0.635175 -0.0752679 -1.642
v -0.635158 -0.147218 -1.57005
v -0.822345 -0.147218 -1.57002
v -0.822323 -0.193413 -1.47935
v -0.635136 -0.193413 -1.47939
v -0.635111 -0.209331 -1.37889
v -0.822299 -0.209331 -1.37885
v -0.822299 -0.209331 -1.37885
v -0.635111 -0.209331 -1.37889
v -0.822274 -0.193413 -1.27835
v -0.635086 -0.193413 -1.27839
v -0.635065 -0.147219 -1.18773
v -0.822252 -0.147219 -1.18769
v -0.822234 -0.0752679 -1.11574
v -0.635047 -0.0752679 -1.11577
v -0.635035 0.0153943 -1.06958
v -0.822223 0.0153943 -1.06955
v -0.822219 0.115894 -1.05363
v -0.635032 0.115894 -1.05366
v -0.822345 0.379007 -1.57002
v -0.635158 0.379007 -1.57005
v -0.822363 0.307057 -1.64197
v -0.635175 0.307057 -1.642
v -0.635187 0.216394 -1.68819
v -0.822374 0.216394 -1.68816
v -0.822378 0.115894 -1.70408
v -0.635191 0.115894 -1.70411
v -0.822299 0.441119 -1.37885
v -0.635111 0.441119 -1.37889
v -0.822323 0.425201 -1.47935
v -0.635136 0.425201 -1.47939
v -0.635032 0.115894 -1.05366
v -0.635035 0.216394 -1.06958
v -0.822219 0.115894 -1.05363
v -0.822223 0.216394 -1.06955
v -0.822234 0.307057 -1.11574
v -0.635047 0.307057 -1.11577
v -0.635065 0.379007 -1.18773
v -0.822252 0.379007 -1.18769
v -0.822274 0.425201 -1.27835
v -0.635086 0.425201 -1.27839
v -0.635111 0.441119 -1.37889
v -0.822299 0.441119 -1.37885
v -0.790348 0.115894 1.41279
v -0.790348 0.125272 1.41428
v -0.790357 0.139637 1.37007
v -0.790358 0.115894 1.36631
v -0.790347 0.133732 1.41859
v -0.790355 0.161055 1.38098
v -0.790345 0.140446 1.4253
v -0.790351 0.178053 1.39798
v -0.790343 0.144756 1.43376
v -0.790346 0.188966 1.4194
v -0.790341 0.146242 1.44314
v -0.790341 0.192727 1.44314
v -0.790339 0.144756 1.45252
v -0.790336 0.188966 1.46688
v -0.790337 0.140446 1.46098
v -0.790331 0.178053 1.4883
v -0.790336 0.133732 1.46769
v -0.790328 0.161055 1.5053
v -0.790335 0.125272 1.472
v -0.790325 0.139637 1.51621
v -0.790334 0.115894 1.47349
v -0.790324 0.115894 1.51997
v -0.790335 0.106517 1.472
v -0.790325 0.0921519 1.51621
v -0.790336 0.0980567 1.46769
v -0.790327 0.0707336 1.5053
v -0.790337 0.0913429 1.46098
v -0.790331 0.0537357 1.4883
v -0.790339 0.0870325 1.45252
v -0.790336 0.0428226 1.46688
v -0.790341 0.0855471 1.44314
v -0.790341 0.0390621 1.44314
v -0.790343 0.0870325 1.43376
v -0.790346 0.0428226 1.4194
v -0.790345 0.0913429 1.4253
v -0.790351 0.0537358 1.39798
v -0.790347 0.0980567 1.41859
v -0.790355 0.0707336 1.38098
v -0.790348 0.106517 1.41428
v -0.790357 0.0921519 1.37007
v -0.820067 0.115894 1.28621
v -0.820065 0.164391 1.29389
v -0.822257 0.172894 1.26772
v -0.822258 0.115894 1.25869
v -0.82006 0.208141 1.31618
v -0.822251 0.224314 1.29392
v -0.820053 0.242861 1.3509
v -0.822242 0.265121 1.33473
v -0.820043 0.265152 1.39465
v -0.82223 0.29132 1.38615
v -0.820032 0.272833 1.44315
v -0.822217 0.300348 1.44315
v -0.820022 0.265152 1.49164
v -0.822205 0.29132 1.50014
v -0.820012 0.242861 1.53539
v -0.822194 0.265121 1.55157
v -0.820004 0.208141 1.57011
v -0.822185 0.224314 1.59237
v -0.819999 0.164391 1.5924
v -0.822179 0.172894 1.61857
v -0.819998 0.115894 1.60008
v -0.822177 0.115894 1.6276
v -0.819999 0.0673976 1.5924
v -0.822179 0.0588951 1.61857
v -0.820004 0.0236476 1.57011
v -0.822185 0.00747498 1.59237
v -0.820012 -0.0110721 1.53539
v -0.822194 -0.033332 1.55157
v -0.820022 -0.0333632 1.49164
v -0.822205 -0.0595315 1.50014
v -0.820032 -0.0410443 1.44315
v -0.822217 -0.0685589 1.44315
v -0.820043 -0.0333632 1.39465
v -0.82223 -0.0595315 1.38615
v -0.820053 -0.0110721 1.3509
v -0.822242 -0.033332 1.33473
v -0.82006 0.0236476 1.31618
v -0.822251 0.00747498 1.29392
v -0.820065 0.0673976 1.29389
v -0.822257 0.0588951 1.26772
v -0.832804 0.115894 1.24353
v -0.832802 0.17758 1.2533
v -0.843364 0.19796 1.19058
v -0.843368 0.115894 1.17758
v -0.832796 0.233228 1.28165
v -0.843355 0.271994 1.2283
v -0.832786 0.277391 1.32581
v -0.843341 0.330747 1.28705
v -0.832774 0.305744 1.38146
v -0.843323 0.368468 1.36108
v -0.83276 0.315515 1.44315
v -0.843303 0.381467 1.44315
v -0.832746 0.305744 1.50483
v -0.843283 0.368468 1.52521
v -0.832734 0.277391 1.56048
v -0.843265 0.332243 1.59916
v -0.832724 0.233228 1.60464
v -0.84325 0.271994 1.658
v -0.832718 0.17758 1.633
v -0.843241 0.19796 1.69572
v -0.832716 0.115894 1.64277
v -0.843238 0.115894 1.70872
v -0.832718 0.0542083 1.633
v -0.843241 0.0338283 1.69572
v -0.832724 -0.00143936 1.60464
v -0.84325 -0.0402052 1.658
v -0.832734 -0.0456023 1.56048
v -0.843265 -0.098958 1.59925
v -0.832746 -0.0739557 1.50483
v -0.843283 -0.13668 1.52521
v -0.83276 -0.0837261 1.44315
v -0.843303 -0.149678 1.44315
v -0.832774 -0.0739557 1.38146
v -0.843323 -0.13668 1.36108
v -0.832786 -0.0456023 1.32581
v -0.843341 -0.098958 1.28705
v -0.832796 -0.00143936 1.28165
v -0.843355 -0.0402052 1.2283
v -0.832802 0.0542083 1.2533
v -0.843364 0.0338283 1.19058
v -0.839155 0.208113 1.15933
v -0.839159 0.115894 1.14472
v -0.839144 0.291304 1.20172
v -0.839128 0.357325 1.26774
v -0.839108 0.399712 1.35093
v -0.839086 0.414319 1.44315
v -0.839063 0.399712 1.53537
v -0.839043 0.357325 1.61856
v -0.839027 0.291304 1.68458
v -0.839016 0.208113 1.72697
v -0.839013 0.115894 1.74157
v -0.839016 0.0236761 1.72697
v -0.839027 -0.0595155 1.68458
v -0.839043 -0.125537 1.61856
v -0.839063 -0.167924 1.53537
v -0.839086 -0.182531 1.44315
v -0.839108 -0.167924 1.35093
v -0.839128 -0.125537 1.26774
v -0.839144 -0.0595155 1.20172
v -0.839155 0.0236761 1.15933
v -0.790348 0.115894 1.41279
v -0.794498 0.115894 1.44314
v -0.790348 0.125272 1.41428
v -0.790347 0.133732 1.41859
v -0.790345 0.140446 1.4253
v -0.790343 0.144756 1.43376
v -0.790341 0.146242 1.44314
v -0.790339 0.144756 1.45252
v -0.790337 0.140446 1.46098
v -0.790336 0.133732 1.46769
v -0.790335 0.125272 1.472
v -0.790334 0.115894 1.47349
v -0.790335 0.106517 1.472
v -0.790336 0.0980567 1.46769
v -0.790337 0.0913429 1.46098
v -0.790339 0.0870325 1.45252
v -0.790341 0.0855471 1.44314
v -0.790343 0.0870325 1.43376
v -0.790345 0.0913429 1.4253
v -0.790347 0.0980567 1.41859
v -0.790348 0.106517 1.41428
v -0.790358 0.115894 1.36631
v -0.790357 0.139637 1.37007
v -0.820065 0.164391 1.29389
v -0.820067 0.115894 1.28621
v -0.790355 0.161055 1.38098
v -0.82006 0.208141 1.31618
v -0.790351 0.178053 1.39798
v -0.820053 0.242861 1.3509
v -0.790346 0.188966 1.4194
v -0.820043 0.265152 1.39465
v -0.790341 0.192727 1.44314
v -0.820032 0.272833 1.44315
v -0.790336 0.188966 1.46688
v -0.820022 0.265152 1.49164
v -0.790331 0.178053 1.4883
v -0.820012 0.242861 1.53539
v -0.790328 0.161055 1.5053
v -0.820004 0.208141 1.57011
v -0.790325 0.139637 1.51621
v -0.819999 0.164391 1.5924
v -0.790324 0.115894 1.51997
v -0.819998 0.115894 1.60008
v -0.790325 0.0921519 1.51621
v -0.819999 0.0673976 1.5924
v -0.790327 0.0707336 1.5053
v -0.820004 0.0236476 1.57011
v -0.790331 0.0537357 1.4883
v -0.820012 -0.0110721 1.53539
v -0.790336 0.0428226 1.46688
v -0.820022 -0.0333632 1.49164
v -0.790341 0.0390621 1.44314
v -0.820032 -0.0410443 1.44315
v -0.790346 0.0428226 1.4194
v -0.820043 -0.0333632 1.39465
v -0.790351 0.0537358 1.39798
v -0.820053 -0.0110721 1.3509
v -0.790355 0.0707336 1.38098
v -0.82006 0.0236476 1.31618
v -0.790357 0.0921519 1.37007
v -0.820065 0.0673976 1.29389
v -0.822258 0.115894 1.25869
v -0.822257 0.172894 1.26772
v -0.832802 0.17758 1.2533
v -0.832804 0.115894 1.24353
v -0.822251 0.224314 1.29392
v -0.832796 0.233228 1.28165
v -0.822242 0.265121 1.33473
v -0.832786 0.277391 1.32581
v -0.82223 0.29132 1.38615
v -0.832774 0.305744 1.38146
v -0.822217 0.300348 1.44315
v -0.83276 0.315515 1.44315
v -0.822205 0.29132 1.50014
v -0.832746 0.305744 1.50483
v -0.822194 0.265121 1.55157
v -0.832734 0.277391 1.56048
v -0.822185 0.224314 1.59237
v -0.832724 0.233228 1.60464
v -0.822179 0.172894 1.61857
v -0.832718 0.17758 1.633
v -0.822177 0.115894 1.6276
v -0.832716 0.115894 1.64277
v -0.822179 0.0588951 1.61857
v -0.832718 0.0542083 1.633
v -0.822185 0.00747498 1.59237
v -0.832724 -0.00143936 1.60464
v -0.822194 -0.033332 1.55157
v -0.832734 -0.0456023 1.56048
v -0.822205 -0.0595315 1.50014
v -0.832746 -0.0739557 1.50483
v -0.822217 -0.0685589 1.44315
v -0.83276 -0.0837261 1.44315
v -0.82223 -0.0595315 1.38615
v -0.832774 -0.0739557 1.38146
v -0.822242 -0.033332 1.33473
v -0.832786 -0.0456023 1.32581
v -0.822251 0.00747498 1.29392
v -0.832796 -0.00143936 1.28165
v -0.822257 0.0588951 1.26772
v -0.832802 0.0542083 1.2533
v -0.839159 0.115894 1.14472
v -0.839155 0.208113 1.15933
v -0.832747 0.212421 1.14607
v -0.832751 0.115894 1.13078
v -0.839144 0.291304 1.20172
v -0.832736 0.299498 1.19044
v -0.839128 0.357325 1.26774
v -0.83272 0.368603 1.25954
v -0.839108 0.399712 1.35093
v -0.832698 0.412971 1.34662
v -0.839086 0.414319 1.44315
v -0.832675 0.42826 1.44315
v -0.839063 0.399712 1.53537
v -0.832651 0.412971 1.53967
v -0.839043 0.357325 1.61856
v -0.83263 0.368603 1.62675
v -0.839027 0.291304 1.68458
v -0.832613 0.299498 1.69586
v -0.839016 0.208113 1.72697
v -0.832603 0.21242 1.74022
v -0.839013 0.115894 1.74157
v -0.832598 0.115894 1.75551
v -0.839016 0.0236761 1.72697
v -0.832603 0.0193679 1.74022
v -0.839027 -0.0595155 1.68458
v -0.832613 -0.0677088 1.69586
v -0.839043 -0.125537 1.61856
v -0.83263 -0.136814 1.62675
v -0.839063 -0.167924 1.53537
v -0.832651 -0.181182 1.53967
v -0.839086 -0.182531 1.44315
v -0.832675 -0.196471 1.44315
v -0.839108 -0.167924 1.35093
v -0.832698 -0.181182 1.34662
v -0.839128 -0.125537 1.26774
v -0.83272 -0.136814 1.25954
v -0.839144 -0.0595155 1.20172
v -0.832736 -0.0677088 1.19044
v -0.839155 0.0236761 1.15933
v -0.832747 0.0193679 1.14607
v -0.822374 0.216394 1.13384
v -0.822378 0.115894 1.11792
v -0.822363 0.307057 1.18003
v -0.822345 0.379007 1.25198
v -0.822323 0.425201 1.34265
v -0.822299 0.441119 1.44315
v -0.822274 0.425201 1.54365
v -0.822252 0.379007 1.63431
v -0.822234 0.307057 1.70626
v -0.822223 0.216394 1.75245
v -0.822219 0.115894 1.76837
v -0.822223 0.0153943 1.75245
v -0.822234 -0.0752679 1.70626
v -0.822252 -0.147219 1.63431
v -0.822274 -0.193413 1.54365
v -0.822299 -0.209331 1.44315
v -0.822323 -0.193413 1.34265
v -0.822345 -0.147218 1.25198
v -0.822363 -0.0752679 1.18003
v -0.822374 0.0153943 1.13384
v -0.614172 0.115894 1.17754
v -0.618397 0.115894 1.14469
v -0.618394 0.208113 1.15929
v -0.614169 0.19796 1.19054
v -0.618383 0.291304 1.20168
v -0.61416 0.271994 1.22826
v -0.618368 0.357325 1.2677
v -0.614146 0.330747 1.28701
v -0.618347 0.399712 1.35089
v -0.614128 0.368468 1.36104
v -0.618325 0.414319 1.44311
v -0.614108 0.381467 1.44311
v -0.618302 0.399712 1.53533
v -0.614088 0.368468 1.52518
v -0.618282 0.357325 1.61852
v -0.614069 0.332243 1.59912
v -0.618266 0.291304 1.68454
v -0.614055 0.271994 1.65796
v -0.618255 0.208113 1.72693
v -0.614046 0.19796 1.69568
v -0.618252 0.115894 1.74153
v -0.614043 0.115894 1.70868
v -0.618255 0.0236761 1.72693
v -0.614046 0.0338283 1.69568
v -0.618266 -0.0595155 1.68454
v -0.614055 -0.0402052 1.65796
v -0.618282 -0.125537 1.61852
v -0.614069 -0.098958 1.59921
v -0.618302 -0.167924 1.53533
v -0.614088 -0.13668 1.52518
v -0.618325 -0.182531 1.44311
v -0.614108 -0.149678 1.44311
v -0.618347 -0.167924 1.35089
v -0.614128 -0.13668 1.36104
v -0.618368 -0.125537 1.2677
v -0.614146 -0.098958 1.28701
v -0.618383 -0.0595155 1.20168
v -0.61416 -0.0402052 1.22826
v -0.618394 0.0236761 1.15929
v -0.614169 0.0338283 1.19054
v -0.618397 0.115894 1.14469
v -0.624811 0.115894 1.13075
v -0.624807 0.212421 1.14603
v -0.618394 0.208113 1.15929
v -0.624797 0.299498 1.1904
v -0.618383 0.291304 1.20168
v -0.62478 0.368603 1.25951
v -0.618368 0.357325 1.2677
v -0.624758 0.412971 1.34658
v -0.618347 0.399712 1.35089
v -0.624735 0.42826 1.44311
v -0.618325 0.414319 1.44311
v -0.624712 0.412971 1.53964
v -0.618302 0.399712 1.53533
v -0.624691 0.368603 1.62671
v -0.618282 0.357325 1.61852
v -0.624673 0.299498 1.69582
v -0.618266 0.291304 1.68454
v -0.624663 0.21242 1.74019
v -0.618255 0.208113 1.72693
v -0.624659 0.115894 1.75548
v -0.618252 0.115894 1.74153
v -0.624663 0.0193679 1.74019
v -0.618255 0.0236761 1.72693
v -0.624673 -0.0677088 1.69582
v -0.618266 -0.0595155 1.68454
v -0.624691 -0.136814 1.62671
v -0.618282 -0.125537 1.61852
v -0.624712 -0.181182 1.53964
v -0.618302 -0.167924 1.53533
v -0.624735 -0.196471 1.44311
v -0.618325 -0.182531 1.44311
v -0.624758 -0.181182 1.34658
v -0.618347 -0.167924 1.35089
v -0.62478 -0.136814 1.25951
v -0.618368 -0.125537 1.2677
v -0.624797 -0.0677088 1.1904
v -0.618383 -0.0595155 1.20168
v -0.624807 0.0193679 1.14603
v -0.618394 0.0236761 1.15929
v -0.635191 0.115894 1.11789
v -0.635187 0.216394 1.13381
v -0.635175 0.307057 1.18
v -0.635158 0.379007 1.25195
v -0.635136 0.425201 1.34261
v -0.635111 0.441119 1.44311
v -0.635086 0.425201 1.54361
v -0.635065 0.379007 1.63427
v -0.635047 0.307057 1.70623
v -0.635035 0.216394 1.75242
v -0.635032 0.115894 1.76834
v -0.635035 0.0153943 1.75242
v -0.635047 -0.0752679 1.70623
v -0.635065 -0.147219 1.63427
v -0.635086 -0.193413 1.54361
v -0.635111 -0.209331 1.44311
v -0.635136 -0.193413 1.34261
v -0.635158 -0.147218 1.25195
v -0.635175 -0.0752679 1.18
v -0.635187 0.0153943 1.13381
v -0.614046 0.0338283 1.69568
v -0.614046 0.19796 1.69568
v -0.614043 0.115894 1.70868
v -0.614055 0.271994 1.65796
v -0.614055 -0.0402052 1.65796
v -0.614069 -0.098958 1.59921
v -0.614069 0.332243 1.59912
v -0.614088 0.368468 1.52518
v -0.614088 -0.13668 1.52518
v -0.614108 -0.149678 1.44311
v -0.614108 0.381467 1.44311
v -0.614128 0.368468 1.36104
v -0.614128 -0.13668 1.36104
v -0.614146 -0.098958 1.28701
v -0.614146 0.330747 1.28701
v -0.61416 0.271994 1.22826
v -0.61416 -0.0402052 1.22826
v -0.614169 0.0338283 1.19054
v -0.614169 0.19796 1.19054
v -0.614172 0.115894 1.17754
v -0.635191 0.115894 1.11789
v -0.635187 0.0153943 1.13381
v -0.822378 0.115894 1.11792
v -0.822374 0.0153943 1.13384
v -0.822363 -0.0752679 1.18003
v -0.635175 -0.0752679 1.18
v -0.635158 -0.147218 1.25195
v -0.822345 -0.147218 1.25198
v -0.822323 -0.193413 1.34265
v -0.635136 -0.193413 1.34261
v -0.635111 -0.209331 1.44311
v -0.822299 -0.209331 1.44315
v -0.822299 -0.209331 1.44315
v -0.635111 -0.209331 1.44311
v -0.822274 -0.193413 1.54365
v -0.635086 -0.193413 1.54361
v -0.635065 -0.147219 1.63427
v -0.822252 -0.147219 1.63431
v -0.822234 -0.0752679 1.70626
v -0.635047 -0.0752679 1.70623
v -0.635035 0.0153943 1.75242
v -0.822223 0.0153943 1.75245
v -0.822219 0.115894 1.76837
v -0.635032 0.115894 1.76834
v -0.822345 0.379007 1.25198
v -0.635158 0.379007 1.25195
v -0.822363 0.307057 1.18003
v -0.635175 0.307057 1.18
v -0.635187 0.216394 1.13381
v -0.822374 0.216394 1.13384
v -0.822378 0.115894 1.11792
v -0.635191 0.115894 1.11789
v -0.822299 0.441119 1.44315
v -0.635111 0.441119 1.44311
v -0.822323 0.425201 1.34265
v -0.635136 0.425201 1.34261
v -0.635032 0.115894 1.76834
v -0.635035 0.216394 1.75242
v -0.822219 0.115894 1.76837
v -0.822223 0.216394 1.75245
v -0.822234 0.307057 1.70626
v -0.635047 0.307057 1.70623
v -0.635065 0.379007 1.63427
v -0.822252 0.379007 1.63431
v -0.822274 0.425201 1.54365
v -0.635086 0.425201 1.54361
v -0.635111 0.441119 1.44311
v -0.822299 0.441119 1.44315
v 0.790348 0.115894 1.47354
v 0.790348 0.125272 1.47206
v 0.790357 0.139637 1.51627
v 0.790358 0.115894 1.52003
v 0.790347 0.133732 1.46775
v 0.790355 0.161055 1.50536
v 0.790345 0.140446 1.46103
v 0.790351 0.178053 1.48836
v 0.790343 0.144756 1.45257
v 0.790346 0.188966 1.46694
v 0.790341 0.146242 1.4432
v 0.790341 0.192727 1.4432
v 0.790339 0.144756 1.43382
v 0.790336 0.188966 1.41945
v 0.790337 0.140446 1.42536
v 0.790331 0.178053 1.39804
v 0.790336 0.133732 1.41865
v 0.790327 0.161055 1.38104
v 0.790335 0.125272 1.41434
v 0.790325 0.139637 1.37013
v 0.790334 0.115894 1.41285
v 0.790324 0.115894 1.36636
v 0.790335 0.106517 1.41434
v 0.790325 0.0921519 1.37013
v 0.790336 0.0980567 1.41865
v 0.790327 0.0707336 1.38104
v 0.790337 0.0913429 1.42536
v 0.790331 0.0537357 1.39804
v 0.790339 0.0870325 1.43382
v 0.790336 0.0428226 1.41945
v 0.790341 0.0855471 1.4432
v 0.790341 0.0390621 1.4432
v 0.790343 0.0870325 1.45257
v 0.790346 0.0428226 1.46694
v 0.790345 0.0913429 1.46103
v 0.790351 0.0537358 1.48836
v 0.790347 0.0980567 1.46775
v 0.790355 0.0707336 1.50536
v 0.790348 0.106517 1.47206
v 0.790357 0.0921519 1.51627
v 0.820067 0.115894 1.60013
v 0.820065 0.164391 1.59245
v 0.822256 0.172894 1.61862
v 0.822258 0.115894 1.62764
v 0.82006 0.208141 1.57016
v 0.822251 0.224314 1.59242
v 0.820053 0.242861 1.53544
v 0.822242 0.265121 1.55161
v 0.820043 0.265152 1.49169
v 0.82223 0.29132 1.50019
v 0.820032 0.272833 1.44319
v 0.822218 0.300348 1.44319
v 0.820022 0.265152 1.3947
v 0.822205 0.29132 1.38619
v 0.820012 0.242861 1.35095
v 0.822194 0.265121 1.33477
v 0.820004 0.208141 1.31623
v 0.822185 0.224314 1.29397
v 0.819999 0.164391 1.29393
v 0.822179 0.172894 1.26777
v 0.819998 0.115894 1.28625
v 0.822177 0.115894 1.25874
v 0.819999 0.0673976 1.29393
v 0.822179 0.0588951 1.26777
v 0.820004 0.0236476 1.31623
v 0.822185 0.00747498 1.29397
v 0.820012 -0.0110721 1.35095
v 0.822194 -0.033332 1.33477
v 0.820022 -0.0333632 1.3947
v 0.822205 -0.0595315 1.38619
v 0.820032 -0.0410443 1.44319
v 0.822218 -0.0685589 1.44319
v 0.820043 -0.0333632 1.49169
v 0.82223 -0.0595315 1.50019
v 0.820053 -0.0110721 1.53544
v 0.822242 -0.033332 1.55161
v 0.82006 0.0236476 1.57016
v 0.822251 0.00747498 1.59242
v 0.820065 0.0673976 1.59245
v 0.822256 0.0588951 1.61862
v 0.832804 0.115894 1.64281
v 0.832802 0.17758 1.63304
v 0.843364 0.19796 1.69576
v 0.843367 0.115894 1.70876
v 0.832796 0.233228 1.60469
v 0.843355 0.271994 1.65804
v 0.832786 0.277391 1.56052
v 0.843341 0.330747 1.59929
v 0.832774 0.305744 1.50488
v 0.843323 0.368468 1.52525
v 0.83276 0.315515 1.44319
v 0.843303 0.381467 1.44319
v 0.832746 0.305744 1.3815
v 0.843283 0.368468 1.36112
v 0.832734 0.277391 1.32586
v 0.843265 0.330985 1.28682
v 0.832724 0.233228 1.28169
v 0.84325 0.271994 1.22834
v 0.832718 0.17758 1.25334
v 0.843241 0.19796 1.19062
v 0.832716 0.115894 1.24357
v 0.843238 0.115894 1.17762
v 0.832718 0.0542083 1.25334
v 0.843241 0.0338283 1.19062
v 0.832724 -0.00143936 1.28169
v 0.84325 -0.0402052 1.22834
v 0.832734 -0.0456023 1.32586
v 0.843265 -0.098958 1.28709
v 0.832746 -0.0739557 1.3815
v 0.843283 -0.13668 1.36112
v 0.83276 -0.0837261 1.44319
v 0.843303 -0.149678 1.44319
v 0.832774 -0.0739557 1.50488
v 0.843323 -0.13668 1.52525
v 0.832786 -0.0456023 1.56052
v 0.843341 -0.098958 1.59929
v 0.832796 -0.00143936 1.60469
v 0.843355 -0.0402052 1.65804
v 0.832802 0.0542083 1.63304
v 0.843364 0.0338283 1.69576
v 0.839155 0.208113 1.72701
v 0.839158 0.115894 1.74161
v 0.839144 0.291304 1.68462
v 0.839128 0.357325 1.6186
v 0.839108 0.399712 1.53541
v 0.839086 0.414319 1.44319
v 0.839063 0.399712 1.35097
v 0.839043 0.357325 1.26778
v 0.839027 0.291304 1.20176
v 0.839016 0.208113 1.15937
v 0.839013 0.115894 1.14477
v 0.839016 0.0236761 1.15937
v 0.839027 -0.0595155 1.20176
v 0.839043 -0.125537 1.26778
v 0.839063 -0.167924 1.35097
v 0.839086 -0.182531 1.44319
v 0.839108 -0.167924 1.53541
v 0.839128 -0.125537 1.6186
v 0.839144 -0.0595155 1.68462
v 0.839155 0.0236761 1.72701
v 0.790348 0.115894 1.47354
v 0.794498 0.115894 1.4432
v 0.790348 0.125272 1.47206
v 0.790347 0.133732 1.46775
v 0.790345 0.140446 1.46103
v 0.790343 0.144756 1.45257
v 0.790341 0.146242 1.4432
v 0.790339 0.144756 1.43382
v 0.790337 0.140446 1.42536
v 0.790336 0.133732 1.41865
v 0.790335 0.125272 1.41434
v 0.790334 0.115894 1.41285
v 0.790335 0.106517 1.41434
v 0.790336 0.0980567 1.41865
v 0.790337 0.0913429 1.42536
v 0.790339 0.0870325 1.43382
v 0.790341 0.0855471 1.4432
v 0.790343 0.0870325 1.45257
v 0.790345 0.0913429 1.46103
v 0.790347 0.0980567 1.46775
v 0.790348 0.106517 1.47206
v 0.790358 0.115894 1.52003
v 0.790357 0.139637 1.51627
v 0.820065 0.164391 1.59245
v 0.820067 0.115894 1.60013
v 0.790355 0.161055 1.50536
v 0.82006 0.208141 1.57016
v 0.790351 0.178053 1.48836
v 0.820053 0.242861 1.53544
v 0.790346 0.188966 1.46694
v 0.820043 0.265152 1.49169
v 0.790341 0.192727 1.4432
v 0.820032 0.272833 1.44319
v 0.790336 0.188966 1.41945
v 0.820022 0.265152 1.3947
v 0.790331 0.178053 1.39804
v 0.820012 0.242861 1.35095
v 0.790327 0.161055 1.38104
v 0.820004 0.208141 1.31623
v 0.790325 0.139637 1.37013
v 0.819999 0.164391 1.29393
v 0.790324 0.115894 1.36636
v 0.819998 0.115894 1.28625
v 0.790325 0.0921519 1.37013
v 0.819999 0.0673976 1.29393
v 0.790327 0.0707336 1.38104
v 0.820004 0.0236476 1.31623
v 0.790331 0.0537357 1.39804
v 0.820012 -0.0110721 1.35095
v 0.790336 0.0428226 1.41945
v 0.820022 -0.0333632 1.3947
v 0.790341 0.0390621 1.4432
v 0.820032 -0.0410443 1.44319
v 0.790346 0.0428226 1.46694
v 0.820043 -0.0333632 1.49169
v 0.790351 0.0537358 1.48836
v 0.820053 -0.0110721 1.53544
v 0.790355 0.0707336 1.50536
v 0.82006 0.0236476 1.57016
v 0.790357 0.0921519 1.51627
v 0.820065 0.0673976 1.59245
v 0.822258 0.115894 1.62764
v 0.822256 0.172894 1.61862
v 0.832802 0.17758 1.63304
v 0.832804 0.115894 1.64281
v 0.822251 0.224314 1.59242
v 0.832796 0.233228 1.60469
v 0.822242 0.265121 1.55161
v 0.832786 0.277391 1.56052
v 0.82223 0.29132 1.50019
v 0.832774 0.305744 1.50488
v 0.822218 0.300348 1.44319
v 0.83276 0.315515 1.44319
v 0.822205 0.29132 1.38619
v 0.832746 0.305744 1.3815
v 0.822194 0.265121 1.33477
v 0.832734 0.277391 1.32586
v 0.822185 0.224314 1.29397
v 0.832724 0.233228 1.28169
v 0.822179 0.172894 1.26777
v 0.832718 0.17758 1.25334
v 0.822177 0.115894 1.25874
v 0.832716 0.115894 1.24357
v 0.822179 0.0588951 1.26777
v 0.832718 0.0542083 1.25334
v 0.822185 0.00747498 1.29397
v 0.832724 -0.00143936 1.28169
v 0.822194 -0.033332 1.33477
v 0.832734 -0.0456023 1.32586
v 0.822205 -0.0595315 1.38619
v 0.832746 -0.0739557 1.3815
v 0.822218 -0.0685589 1.44319
v 0.83276 -0.0837261 1.44319
v 0.82223 -0.0595315 1.50019
v 0.832774 -0.0739557 1.50488
v 0.822242 -0.033332 1.55161
v 0.832786 -0.0456023 1.56052
v 0.822251 0.00747498 1.59242
v 0.832796 -0.00143936 1.60469
v 0.822256 0.0588951 1.61862
v 0.832802 0.0542083 1.63304
v 0.839158 0.115894 1.74161
v 0.839155 0.208113 1.72701
v 0.832747 0.212421 1.74027
v 0.832751 0.115894 1.75556
v 0.839144 0.291304 1.68462
v 0.832737 0.299498 1.6959
v 0.839128 0.357325 1.6186
v 0.83272 0.368603 1.62679
v 0.839108 0.399712 1.53541
v 0.832698 0.412971 1.53972
v 0.839086 0.414319 1.44319
v 0.832675 0.42826 1.44319
v 0.839063 0.399712 1.35097
v 0.832651 0.412971 1.34666
v 0.839043 0.357325 1.26778
v 0.83263 0.368603 1.25959
v 0.839027 0.291304 1.20176
v 0.832613 0.299498 1.19048
v 0.839016 0.208113 1.15937
v 0.832602 0.21242 1.14611
v 0.839013 0.115894 1.14477
v 0.832599 0.115894 1.13083
v 0.839016 0.0236761 1.15937
v 0.832602 0.0193679 1.14611
v 0.839027 -0.0595155 1.20176
v 0.832613 -0.0677088 1.19048
v 0.839043 -0.125537 1.26778
v 0.83263 -0.136814 1.25959
v 0.839063 -0.167924 1.35097
v 0.832651 -0.181182 1.34666
v 0.839086 -0.182531 1.44319
v 0.832675 -0.196471 1.44319
v 0.839108 -0.167924 1.53541
v 0.832698 -0.181182 1.53972
v 0.839128 -0.125537 1.6186
v 0.83272 -0.136814 1.62679
v 0.839144 -0.0595155 1.68462
v 0.832737 -0.0677088 1.6959
v 0.839155 0.0236761 1.72701
v 0.832747 0.0193679 1.74027
v 0.822374 0.216394 1.7525
v 0.822378 0.115894 1.76842
v 0.822363 0.307057 1.7063
v 0.822345 0.379007 1.63435
v 0.822323 0.425201 1.54369
v 0.822299 0.441119 1.44319
v 0.822274 0.425201 1.34269
v 0.822252 0.379007 1.25203
v 0.822234 0.307057 1.18008
v 0.822223 0.216394 1.13389
v 0.822219 0.115894 1.11797
v 0.822223 0.0153943 1.13389
v 0.822234 -0.0752679 1.18008
v 0.822252 -0.147219 1.25203
v 0.822274 -0.193413 1.34269
v 0.822299 -0.209331 1.44319
v 0.822323 -0.193413 1.54369
v 0.822345 -0.147218 1.63435
v 0.822363 -0.0752679 1.70631
v 0.822374 0.0153943 1.7525
v 0.614172 0.115894 1.7088
v 0.618397 0.115894 1.74165
v 0.618394 0.208113 1.72705
v 0.614169 0.19796 1.6958
v 0.618383 0.291304 1.68466
v 0.61416 0.271994 1.65808
v 0.618368 0.357325 1.61864
v 0.614146 0.330747 1.59933
v 0.618347 0.399712 1.53545
v 0.614128 0.368468 1.52529
v 0.618325 0.414319 1.44323
v 0.614108 0.381467 1.44323
v 0.618302 0.399712 1.35101
v 0.614088 0.368468 1.36116
v 0.618282 0.357325 1.26782
v 0.614069 0.330985 1.28687
v 0.618266 0.291304 1.2018
v 0.614055 0.271994 1.22838
v 0.618255 0.208113 1.15941
v 0.614046 0.19796 1.19065
v 0.618252 0.115894 1.1448
v 0.614043 0.115894 1.17766
v 0.618255 0.0236761 1.15941
v 0.614046 0.0338283 1.19065
v 0.618266 -0.0595155 1.2018
v 0.614055 -0.0402052 1.22838
v 0.618282 -0.125537 1.26782
v 0.614069 -0.098958 1.28713
v 0.618302 -0.167924 1.35101
v 0.614088 -0.13668 1.36116
v 0.618325 -0.182531 1.44323
v 0.614108 -0.149678 1.44323
v 0.618347 -0.167924 1.53545
v 0.614128 -0.13668 1.52529
v 0.618368 -0.125537 1.61864
v 0.614146 -0.098958 1.59933
v 0.618383 -0.0595155 1.68466
v 0.61416 -0.0402052 1.65808
v 0.618394 0.0236761 1.72705
v 0.614169 0.0338283 1.6958
v 0.618397 0.115894 1.74165
v 0.624811 0.115894 1.75559
v 0.624807 0.212421 1.7403
v 0.618394 0.208113 1.72705
v 0.624797 0.299498 1.69594
v 0.618383 0.291304 1.68466
v 0.62478 0.368603 1.62683
v 0.618368 0.357325 1.61864
v 0.624759 0.412971 1.53975
v 0.618347 0.399712 1.53545
v 0.624735 0.42826 1.44323
v 0.618325 0.414319 1.44323
v 0.624712 0.412971 1.3467
v 0.618302 0.399712 1.35101
v 0.624691 0.368603 1.25962
v 0.618282 0.357325 1.26782
v 0.624673 0.299498 1.19052
v 0.618266 0.291304 1.2018
v 0.624663 0.21242 1.14615
v 0.618255 0.208113 1.15941
v 0.624659 0.115894 1.13086
v 0.618252 0.115894 1.1448
v 0.624663 0.0193679 1.14615
v 0.618255 0.0236761 1.15941
v 0.624673 -0.0677088 1.19052
v 0.618266 -0.0595155 1.2018
v 0.624691 -0.136814 1.25962
v 0.618282 -0.125537 1.26782
v 0.624712 -0.181182 1.3467
v 0.618302 -0.167924 1.35101
v 0.624735 -0.196471 1.44323
v 0.618325 -0.182531 1.44323
v 0.624759 -0.181182 1.53975
v 0.618347 -0.167924 1.53545
v 0.62478 -0.136814 1.62683
v 0.618368 -0.125537 1.61864
v 0.624797 -0.0677088 1.69594
v 0.618383 -0.0595155 1.68466
v 0.624807 0.0193679 1.7403
v 0.618394 0.0236761 1.72705
v 0.635191 0.115894 1.76845
v 0.635187 0.216394 1.75253
v 0.635175 0.307057 1.70634
v 0.635158 0.379007 1.63439
v 0.635136 0.425201 1.54373
v 0.635111 0.441119 1.44322
v 0.635086 0.425201 1.34272
v 0.635065 0.379007 1.25206
v 0.635047 0.307057 1.18011
v 0.635035 0.216394 1.13392
v 0.635032 0.115894 1.118
v 0.635035 0.0153943 1.13392
v 0.635047 -0.0752679 1.18011
v 0.635065 -0.147219 1.25206
v 0.635086 -0.193413 1.34272
v 0.635111 -0.209331 1.44322
v 0.635136 -0.193413 1.54373
v 0.635158 -0.147218 1.63439
v 0.635175 -0.0752679 1.70634
v 0.635187 0.0153943 1.75253
v 0.614046 0.0338283 1.19065
v 0.614046 0.19796 1.19065
v 0.614043 0.115894 1.17766
v 0.614055 0.271994 1.22838
v 0.614055 -0.0402052 1.22838
v 0.614069 -0.098958 1.28713
v 0.614069 0.330985 1.28687
v 0.614088 0.368468 1.36116
v 0.614088 -0.13668 1.36116
v 0.614108 -0.149678 1.44323
v 0.614108 0.381467 1.44323
v 0.614128 0.368468 1.52529
v 0.614128 -0.13668 1.52529
v 0.614146 -0.098958 1.59933
v 0.614146 0.330747 1.59933
v 0.61416 0.271994 1.65808
v 0.61416 -0.0402052 1.65808
v 0.614169 0.0338283 1.6958
v 0.614169 0.19796 1.6958
v 0.614172 0.115894 1.7088
v 0.635191 0.115894 1.76845
v 0.635187 0.0153943 1.75253
v 0.822378 0.115894 1.76842
v 0.822374 0.0153943 1.7525
v 0.822363 -0.0752679 1.70631
v 0.635175 -0.0752679 1.70634
v 0.635158 -0.147218 1.63439
v 0.822345 -0.147218 1.63435
v 0.822323 -0.193413 1.54369
v 0.635136 -0.193413 1.54373
v 0.635111 -0.209331 1.44322
v 0.822299 -0.209331 1.44319
v 0.822299 -0.209331 1.44319
v 0.635111 -0.209331 1.44322
v 0.822274 -0.193413 1.34269
v 0.635086 -0.193413 1.34272
v 0.635065 -0.147219 1.25206
v 0.822252 -0.147219 1.25203
v 0.822234 -0.0752679 1.18008
v 0.635047 -0.0752679 1.18011
v 0.635035 0.0153943 1.13392
v 0.822223 0.0153943 1.13389
v 0.822219 0.115894 1.11797
v 0.635032 0.115894 1.118
v 0.822345 0.379007 1.63435
v 0.635158 0.379007 1.63439
v 0.822363 0.307057 1.7063
v 0.635175 0.307057 1.70634
v 0.635187 0.216394 1.75253
v 0.822374 0.216394 1.7525
v 0.822378 0.115894 1.76842
v 0.635191 0.115894 1.76845
v 0.822299 0.441119 1.44319
v 0.635111 0.441119 1.44322
v 0.822323 0.425201 1.54369
v 0.635136 0.425201 1.54373
v 0.635032 0.115894 1.118
v 0.635035 0.216394 1.13392
v 0.822219 0.115894 1.11797
v 0.822223 0.216394 1.13389
v 0.822234 0.307057 1.18008
v 0.635047 0.307057 1.18011
v 0.635065 0.379007 1.25206
v 0.822252 0.379007 1.25203
v 0.822274 0.425201 1.34269
v 0.635086 0.425201 1.34272
v 0.635111 0.441119 1.44322
v 0.822299 0.441119 1.44319
v 0.790348 0.115894 -1.34846
v 0.790348 0.125272 -1.34994
v 0.790357 0.139637 -1.30573
v 0.790358 0.115894 -1.30197
v 0.790347 0.133732 -1.35425
v 0.790355 0.161055 -1.31664
v 0.790345 0.140446 -1.36097
v 0.790351 0.178053 -1.33364
v 0.790343 0.144756 -1.36943
v 0.790346 0.188966 -1.35506
v 0.790341 0.146242 -1.3788
v 0.790341 0.192727 -1.3788
v 0.790339 0.144756 -1.38818
v 0.790336 0.188966 -1.40255
v 0.790337 0.140446 -1.39664
v 0.790331 0.178053 -1.42396
v 0.790336 0.133732 -1.40335
v 0.790327 0.161055 -1.44096
v 0.790335 0.125272 -1.40767
v 0.790325 0.139637 -1.45187
v 0.790334 0.115894 -1.40915
v 0.790324 0.115894 -1.45564
v 0.790335 0.106517 -1.40767
v 0.790325 0.0921519 -1.45187
v 0.790336 0.0980567 -1.40335
v 0.790327 0.0707336 -1.44096
v 0.790337 0.0913429 -1.39664
v 0.790331 0.0537357 -1.42396
v 0.790339 0.0870325 -1.38818
v 0.790336 0.0428226 -1.40255
v 0.790341 0.0855471 -1.3788
v 0.790341 0.0390621 -1.3788
v 0.790343 0.0870325 -1.36943
v 0.790346 0.0428226 -1.35506
v 0.790345 0.0913429 -1.36097
v 0.790351 0.0537358 -1.33364
v 0.790347 0.0980567 -1.35425
v 0.790355 0.0707336 -1.31664
v 0.790348 0.106517 -1.34994
v 0.790357 0.0921519 -1.30573
v 0.820067 0.115894 -1.22187
v 0.820065 0.164391 -1.22955
v 0.822256 0.172894 -1.20338
v 0.822258 0.115894 -1.19436
v 0.82006 0.208141 -1.25184
v 0.822251 0.224314 -1.22958
v 0.820053 0.242861 -1.28656
v 0.822242 0.265121 -1.27039
v 0.820043 0.265152 -1.33031
v 0.82223 0.29132 -1.32181
v 0.820032 0.272833 -1.37881
v 0.822218 0.300348 -1.37881
v 0.820022 0.265152 -1.4273
v 0.822205 0.29132 -1.43581
v 0.820012 0.242861 -1.47105
v 0.822194 0.265121 -1.48723
v 0.820004 0.208141 -1.50577
v 0.822185 0.224314 -1.52803
v 0.819999 0.164391 -1.52807
v 0.822179 0.172894 -1.55423
v 0.819998 0.115894 -1.53575
v 0.822177 0.115894 -1.56326
v 0.819999 0.0673976 -1.52807
v 0.822179 0.0588951 -1.55423
v 0.820004 0.0236476 -1.50577
v 0.822185 0.00747498 -1.52803
v 0.820012 -0.0110721 -1.47105
v 0.822194 -0.033332 -1.48723
v 0.820022 -0.0333632 -1.4273
v 0.822205 -0.0595315 -1.43581
v 0.820032 -0.0410443 -1.37881
v 0.822218 -0.0685589 -1.37881
v 0.820043 -0.0333632 -1.33031
v 0.82223 -0.0595315 -1.32181
v 0.820053 -0.0110721 -1.28656
v 0.822242 -0.033332 -1.27039
v 0.82006 0.0236476 -1.25184
v 0.822251 0.00747498 -1.22958
v 0.820065 0.0673976 -1.22955
v 0.822256 0.0588951 -1.20338
v 0.832804 0.115894 -1.17919
v 0.832802 0.17758 -1.18896
v 0.843364 0.19796 -1.12624
v 0.843367 0.115894 -1.11324
v 0.832796 0.233228 -1.21731
v 0.843355 0.271994 -1.16396
v 0.832786 0.277391 -1.26148
v 0.843341 0.330747 -1.22271
v 0.832774 0.305744 -1.31712
v 0.843323 0.368468 -1.29675
v 0.83276 0.315515 -1.37881
v 0.843303 0.381467 -1.37881
v 0.832746 0.305744 -1.4405
v 0.843283 0.368468 -1.46088
v 0.832734 0.277391 -1.49614
v 0.843265 0.332205 -1.53651
v 0.832724 0.233228 -1.54031
v 0.84325 0.271994 -1.59366
v 0.832718 0.17758 -1.56866
v 0.843241 0.19796 -1.63138
v 0.832716 0.115894 -1.57843
v 0.843238 0.115894 -1.64438
v 0.832718 0.0542083 -1.56866
v 0.843241 0.0338283 -1.63138
v 0.832724 -0.00143936 -1.54031
v 0.84325 -0.0402052 -1.59366
v 0.832734 -0.0456023 -1.49614
v 0.843265 -0.098958 -1.53491
v 0.832746 -0.0739557 -1.4405
v 0.843283 -0.13668 -1.46088
v 0.83276 -0.0837261 -1.37881
v 0.843303 -0.149678 -1.37881
v 0.832774 -0.0739557 -1.31712
v 0.843323 -0.13668 -1.29675
v 0.832786 -0.0456023 -1.26148
v 0.843341 -0.098958 -1.22271
v 0.832796 -0.00143936 -1.21731
v 0.843355 -0.0402052 -1.16396
v 0.832802 0.0542083 -1.18896
v 0.843364 0.0338283 -1.12624
v 0.839155 0.208113 -1.09499
v 0.839158 0.115894 -1.08039
v 0.839144 0.291304 -1.13738
v 0.839128 0.357325 -1.2034
v 0.839108 0.399712 -1.28659
v 0.839086 0.414319 -1.37881
v 0.839063 0.399712 -1.47103
v 0.839043 0.357325 -1.55422
v 0.839027 0.291304 -1.62024
v 0.839016 0.208113 -1.66263
v 0.839013 0.115894 -1.67723
v 0.839016 0.0236761 -1.66263
v 0.839027 -0.0595155 -1.62024
v 0.839043 -0.125537 -1.55422
v 0.839063 -0.167924 -1.47103
v 0.839086 -0.182531 -1.37881
v 0.839108 -0.167924 -1.28659
v 0.839128 -0.125537 -1.2034
v 0.839144 -0.0595155 -1.13738
v 0.839155 0.0236761 -1.09499
v 0.790348 0.115894 -1.34846
v 0.794498 0.115894 -1.3788
v 0.790348 0.125272 -1.34994
v 0.790347 0.133732 -1.35425
v 0.790345 0.140446 -1.36097
v 0.790343 0.144756 -1.36943
v 0.790341 0.146242 -1.3788
v 0.790339 0.144756 -1.38818
v 0.790337 0.140446 -1.39664
v 0.790336 0.133732 -1.40335
v 0.790335 0.125272 -1.40767
v 0.790334 0.115894 -1.40915
v 0.790335 0.106517 -1.40767
v 0.790336 0.0980567 -1.40335
v 0.790337 0.0913429 -1.39664
v 0.790339 0.0870325 -1.38818
v 0.790341 0.0855471 -1.3788
v 0.790343 0.0870325 -1.36943
v 0.790345 0.0913429 -1.36097
v 0.790347 0.0980567 -1.35425
v 0.790348 0.106517 -1.34994
v 0.790358 0.115894 -1.30197
v 0.790357 0.139637 -1.30573
v 0.820065 0.164391 -1.22955
v 0.820067 0.115894 -1.22187
v 0.790355 0.161055 -1.31664
v 0.82006 0.208141 -1.25184
v 0.790351 0.178053 -1.33364
v 0.820053 0.242861 -1.28656
v 0.790346 0.188966 -1.35506
v 0.820043 0.265152 -1.33031
v 0.790341 0.192727 -1.3788
v 0.820032 0.272833 -1.37881
v 0.790336 0.188966 -1.40255
v 0.820022 0.265152 -1.4273
v 0.790331 0.178053 -1.42396
v 0.820012 0.242861 -1.47105
v 0.790327 0.161055 -1.44096
v 0.820004 0.208141 -1.50577
v 0.790325 0.139637 -1.45187
v 0.819999 0.164391 -1.52807
v 0.790324 0.115894 -1.45564
v 0.819998 0.115894 -1.53575
v 0.790325 0.0921519 -1.45187
v 0.819999 0.0673976 -1.52807
v 0.790327 0.0707336 -1.44096
v 0.820004 0.0236476 -1.50577
v 0.790331 0.0537357 -1.42396
v 0.820012 -0.0110721 -1.47105
v 0.790336 0.0428226 -1.40255
v 0.820022 -0.0333632 -1.4273
v 0.790341 0.0390621 -1.3788
v 0.820032 -0.0410443 -1.37881
v 0.790346 0.0428226 -1.35506
v 0.820043 -0.0333632 -1.33031
v 0.790351 0.0537358 -1.33364
v 0.820053 -0.0110721 -1.28656
v 0.790355 0.0707336 -1.31664
v 0.82006 0.0236476 -1.25184
v 0.790357 0.0921519 -1.30573
v 0.820065 0.0673976 -1.22955
v 0.822258 0.115894 -1.19436
v 0.822256 0.172894 -1.20338
v 0.832802 0.17758 -1.18896
v 0.832804 0.115894 -1.17919
v 0.822251 0.224314 -1.22958
v 0.832796 0.233228 -1.21731
v 0.822242 0.265121 -1.27039
v 0.832786 0.277391 -1.26148
v 0.82223 0.29132 -1.32181
v 0.832774 0.305744 -1.31712
v 0.822218 0.300348 -1.37881
v 0.83276 0.315515 -1.37881
v 0.822205 0.29132 -1.43581
v 0.832746 0.305744 -1.4405
v 0.822194 0.265121 -1.48723
v 0.832734 0.277391 -1.49614
v 0.822185 0.224314 -1.52803
v 0.832724 0.233228 -1.54031
v 0.822179 0.172894 -1.55423
v 0.832718 0.17758 -1.56866
v 0.822177 0.115894 -1.56326
v 0.832716 0.115894 -1.57843
v 0.822179 0.0588951 -1.55423
v 0.832718 0.0542083 -1.56866
v 0.822185 0.00747498 -1.52803
v 0.832724 -0.00143936 -1.54031
v 0.822194 -0.033332 -1.48723
v 0.832734 -0.0456023 -1.49614
v 0.822205 -0.0595315 -1.43581
v 0.832746 -0.0739557 -1.4405
v 0.822218 -0.0685589 -1.37881
v 0.83276 -0.0837261 -1.37881
v 0.82223 -0.0595315 -1.32181
v 0.832774 -0.0739557 -1.31712
v 0.822242 -0.033332 -1.27039
v 0.832786 -0.0456023 -1.26148
v 0.822251 0.00747498 -1.22958
v 0.832796 -0.00143936 -1.21731
v 0.822256 0.0588951 -1.20338
v 0.832802 0.0542083 -1.18896
v 0.839158 0.115894 -1.08039
v 0.839155 0.208113 -1.09499
v 0.832747 0.212421 -1.08173
v 0.832751 0.115894 -1.06644
v 0.839144 0.291304 -1.13738
v 0.832737 0.299498 -1.1261
v 0.839128 0.357325 -1.2034
v 0.83272 0.368603 -1.19521
v 0.839108 0.399712 -1.28659
v 0.832698 0.412971 -1.28228
v 0.839086 0.414319 -1.37881
v 0.832675 0.42826 -1.37881
v 0.839063 0.399712 -1.47103
v 0.832651 0.412971 -1.47534
v 0.839043 0.357325 -1.55422
v 0.83263 0.368603 -1.56241
v 0.839027 0.291304 -1.62024
v 0.832613 0.299498 -1.63152
v 0.839016 0.208113 -1.66263
v 0.832602 0.21242 -1.67589
v 0.839013 0.115894 -1.67723
v 0.832599 0.115894 -1.69117
v 0.839016 0.0236761 -1.66263
v 0.832602 0.0193679 -1.67589
v 0.839027 -0.0595155 -1.62024
v 0.832613 -0.0677088 -1.63152
v 0.839043 -0.125537 -1.55422
v 0.83263 -0.136814 -1.56241
v 0.839063 -0.167924 -1.47103
v 0.832651 -0.181182 -1.47534
v 0.839086 -0.182531 -1.37881
v 0.832675 -0.196471 -1.37881
v 0.839108 -0.167924 -1.28659
v 0.832698 -0.181182 -1.28228
v 0.839128 -0.125537 -1.2034
v 0.83272 -0.136814 -1.19521
v 0.839144 -0.0595155 -1.13738
v 0.832737 -0.0677088 -1.1261
v 0.839155 0.0236761 -1.09499
v 0.832747 0.0193679 -1.08173
v 0.822374 0.216394 -1.0695
v 0.822378 0.115894 -1.05358
v 0.822363 0.307057 -1.1157
v 0.822345 0.379007 -1.18765
v 0.822323 0.425201 -1.27831
v 0.822299 0.441119 -1.37881
v 0.822274 0.425201 -1.47931
v 0.822252 0.379007 -1.56997
v 0.822234 0.307057 -1.64192
v 0.822223 0.216394 -1.68811
v 0.822219 0.115894 -1.70403
v 0.822223 0.0153943 -1.68811
v 0.822234 -0.0752679 -1.64192
v 0.822252 -0.147219 -1.56997
v 0.822274 -0.193413 -1.47931
v 0.822299 -0.209331 -1.37881
v 0.822323 -0.193413 -1.27831
v 0.822345 -0.147218 -1.18765
v 0.822363 -0.0752679 -1.11569
v 0.822374 0.0153943 -1.0695
v 0.614172 0.115894 -1.1132
v 0.618397 0.115894 -1.08035
v 0.618394 0.208113 -1.09495
v 0.614169 0.19796 -1.1262
v 0.618383 0.291304 -1.13734
v 0.61416 0.271994 -1.16392
v 0.618368 0.357325 -1.20336
v 0.614146 0.330747 -1.22267
v 0.618347 0.399712 -1.28655
v 0.614128 0.368468 -1.29671
v 0.618325 0.414319 -1.37877
v 0.614108 0.381467 -1.37877
v 0.618302 0.399712 -1.47099
v 0.614088 0.368468 -1.46084
v 0.618282 0.357325 -1.55418
v 0.614069 0.332205 -1.53647
v 0.618266 0.291304 -1.6202
v 0.614055 0.271994 -1.59362
v 0.618255 0.208113 -1.66259
v 0.614046 0.19796 -1.63135
v 0.618252 0.115894 -1.6772
v 0.614043 0.115894 -1.64434
v 0.618255 0.0236761 -1.66259
v 0.614046 0.0338283 -1.63135
v 0.618266 -0.0595155 -1.6202
v 0.614055 -0.0402052 -1.59362
v 0.618282 -0.125537 -1.55418
v 0.614069 -0.098958 -1.53487
v 0.618302 -0.167924 -1.47099
v 0.614088 -0.13668 -1.46084
v 0.618325 -0.182531 -1.37877
v 0.614108 -0.149678 -1.37877
v 0.618347 -0.167924 -1.28655
v 0.614128 -0.13668 -1.29671
v 0.618368 -0.125537 -1.20336
v 0.614146 -0.098958 -1.22267
v 0.618383 -0.0595155 -1.13734
v 0.61416 -0.0402052 -1.16392
v 0.618394 0.0236761 -1.09495
v 0.614169 0.0338283 -1.1262
v 0.618397 0.115894 -1.08035
v 0.624811 0.115894 -1.06641
v 0.624807 0.212421 -1.0817
v 0.618394 0.208113 -1.09495
v 0.624797 0.299498 -1.12607
v 0.618383 0.291304 -1.13734
v 0.62478 0.368603 -1.19517
v 0.618368 0.357325 -1.20336
v 0.624759 0.412971 -1.28225
v 0.618347 0.399712 -1.28655
v 0.624735 0.42826 -1.37877
v 0.618325 0.414319 -1.37877
v 0.624712 0.412971 -1.4753
v 0.618302 0.399712 -1.47099
v 0.624691 0.368603 -1.56238
v 0.618282 0.357325 -1.55418
v 0.624673 0.299498 -1.63148
v 0.618266 0.291304 -1.6202
v 0.624663 0.21242 -1.67585
v 0.618255 0.208113 -1.66259
v 0.624659 0.115894 -1.69114
v 0.618252 0.115894 -1.6772
v 0.624663 0.0193679 -1.67585
v 0.618255 0.0236761 -1.66259
v 0.624673 -0.0677088 -1.63148
v 0.618266 -0.0595155 -1.6202
v 0.624691 -0.136814 -1.56238
v 0.618282 -0.125537 -1.55418
v 0.624712 -0.181182 -1.4753
v 0.618302 -0.167924 -1.47099
v 0.624735 -0.196471 -1.37877
v 0.618325 -0.182531 -1.37877
v 0.624759 -0.181182 -1.28225
v 0.618347 -0.167924 -1.28655
v 0.62478 -0.136814 -1.19517
v 0.618368 -0.125537 -1.20336
v 0.624797 -0.0677088 -1.12607
v 0.618383 -0.0595155 -1.13734
v 0.624807 0.0193679 -1.0817
v 0.618394 0.0236761 -1.09495
v 0.635191 0.115894 -1.05355
v 0.635187 0.216394 -1.06947
v 0.635175 0.307057 -1.11566
v 0.635158 0.379007 -1.18761
v 0.635136 0.425201 -1.27828
v 0.635111 0.441119 -1.37878
v 0.635086 0.425201 -1.47928
v 0.635065 0.379007 -1.56994
v 0.635047 0.307057 -1.64189
v 0.635035 0.216394 -1.68808
v 0.635032 0.115894 -1.704
v 0.635035 0.0153943 -1.68808
v 0.635047 -0.0752679 -1.64189
v 0.635065 -0.147219 -1.56994
v 0.635086 -0.193413 -1.47928
v 0.635111 -0.209331 -1.37878
v 0.635136 -0.193413 -1.27828
v 0.635158 -0.147218 -1.18761
v 0.635175 -0.0752679 -1.11566
v 0.635187 0.0153943 -1.06947
v 0.614046 0.0338283 -1.63135
v 0.614046 0.19796 -1.63135
v 0.614043 0.115894 -1.64434
v 0.614055 0.271994 -1.59362
v 0.614055 -0.0402052 -1.59362
v 0.614069 -0.098958 -1.53487
v 0.614069 0.332205 -1.53647
v 0.614088 0.368468 -1.46084
v 0.614088 -0.13668 -1.46084
v 0.614108 -0.149678 -1.37877
v 0.614108 0.381467 -1.37877
v 0.614128 0.368468 -1.29671
v 0.614128 -0.13668 -1.29671
v 0.614146 -0.098958 -1.22267
v 0.614146 0.330747 -1.22267
v 0.61416 0.271994 -1.16392
v 0.61416 -0.0402052 -1.16392
v 0.614169 0.0338283 -1.1262
v 0.614169 0.19796 -1.1262
v 0.614172 0.115894 -1.1132
v 0.635191 0.115894 -1.05355
v 0.635187 0.0153943 -1.06947
v 0.822378 0.115894 -1.05358
v 0.822374 0.0153943 -1.0695
v 0.822363 -0.0752679 -1.11569
v 0.635175 -0.0752679 -1.11566
v 0.635158 -0.147218 -1.18761
v 0.822345 -0.147218 -1.18765
v 0.822323 -0.193413 -1.27831
v 0.635136 -0.193413 -1.27828
v 0.635111 -0.209331 -1.37878
v 0.822299 -0.209331 -1.37881
v 0.822299 -0.209331 -1.37881
v 0.635111 -0.209331 -1.37878
v 0.822274 -0.193413 -1.47931
v 0.635086 -0.193413 -1.47928
v 0.635065 -0.147219 -1.56994
v 0.822252 -0.147219 -1.56997
v 0.822234 -0.0752679 -1.64192
v 0.635047 -0.0752679 -1.64189
v 0.635035 0.0153943 -1.68808
v 0.822223 0.0153943 -1.68811
v 0.822219 0.115894 -1.70403
v 0.635032 0.115894 -1.704
v 0.822345 0.379007 -1.18765
v 0.635158 0.379007 -1.18761
v 0.822363 0.307057 -1.1157
v 0.635175 0.307057 -1.11566
v 0.635187 0.216394 -1.06947
v 0.822374 0.216394 -1.0695
v 0.822378 0.115894 -1.05358
v 0.635191 0.115894 -1.05355
v 0.822299 0.441119 -1.37881
v 0.635111 0.441119 -1.37878
v 0.822323 0.425201 -1.27831
v 0.635136 0.425201 -1.27828
v 0.635032 0.115894 -1.704
v 0.635035 0.216394 -1.68808
v 0.822219 0.115894 -1.70403
v 0.822223 0.216394 -1.68811
v 0.822234 0.307057 -1.64192
v 0.635047 0.307057 -1.64189
v 0.635065 0.379007 -1.56994
v 0.822252 0.379007 -1.56997
v 0.822274 0.425201 -1.47931
v 0.635086 0.425201 -1.47928
v 0.635111 0.441119 -1.37878
v 0.822299 0.441119 -1.37881


vn -0.648098 0.761502 0.00952787
vn -0.650477 0.759436 0.012036
vn -0.640868 0.767601 0.00883161
vn -0.657899 0.752959 0.0151691
vn -0.660568 0.750631 0.0143919
vn -0.677992 0.734955 0.012977
vn -0.933044 0.0111245 -0.35961
vn -0.943521 -0.10085 -0.315615
vn -0.890291 -0.432727 -0.141924
vn -0.800319 -0.599582 0.000436357
vn -0.884104 0.259999 -0.388294
vn -0.872287 0.279653 -0.401148
vn -0.823741 0.492686 -0.280565
vn -0.829447 0.467166 -0.306247
vn -0.744391 0.662414 -0.08424
vn -0.722569 0.687162 -0.075592
vn -0.800259 -0.599662 -2.75589e-005
vn -0.800607 -0.599196 -2.74254e-005
vn -0.799683 -0.600344 -0.0101451
vn -0.941738 -0.336346 0.00189338
vn -0.937855 0.206191 0.279154
vn -0.990508 -0.0716716 0.117308
vn -0.898191 0.219546 0.380873
vn -0.875495 0.23977 0.41955
vn -0.900861 0.313375 0.300415
vn -0.928799 0.290697 0.229847
vn -0.95139 0.292994 0.0949623
vn -0.973353 0.226404 0.0365834
vn -0.982224 0.174846 -0.0684021
vn -0.990873 0.0865708 -0.103338
vn -0.968962 0.0208927 -0.246325
vn -0.980289 -0.0344583 -0.19454
vn -0.890365 0.39902 -0.219199
vn -0.862934 0.358071 -0.356554
vn -0.789809 0.594371 -0.15144
vn -0.75776 0.650772 -0.0480025
vn -0.700024 0.712079 -0.0540012
vn -0.669651 0.667978 -0.324634
vn -0.501075 0.695469 -0.515033
vn -0.272604 0.764187 -0.584576
vn -0.389339 0.59461 -0.703467
vn -0.978044 -0.20839 -0.00379259
vn -0.599689 0.80001 -0.0189336
vn -0.640997 0.767557 -0.000143799
vn -0.633289 0.773579 -0.0230886
vn -0.685387 0.728166 0.0058306
vn -0.77977 0.625982 0.0102417
vn -0.727957 0.685608 0.00557214
vn -0.764985 0.644058 -0.00233265
vn -0.766563 0.64218 -0.00173042
vn -0.788098 0.615411 0.0132562
vn -0.807196 0.589627 0.0280305
vn -0.788891 0.613453 0.0364605
vn -0.774194 0.63198 0.0350396
vn -0.734164 0.677453 0.0454496
vn -0.708133 0.703693 0.0580663
vn -0.643806 0.753535 0.133044
vn -0.598821 0.757308 0.260601
vn -0.535191 0.747497 0.393486
vn -0.518668 0.719447 0.461933
vn -0.501612 0.712834 0.490172
vn -0.988053 0.152628 0.0215566
vn -0.97398 0.225537 0.0224601
vn -0.993011 0.117039 0.0155529
vn -0.967168 0.25397 0.0100422
vn -0.964087 0.265574 0.0031569
vn -0.986947 0.16103 0.00414049
vn -0.997924 0.0615207 0.0192915
vn -0.979273 0.201651 0.0190985
vn -0.972134 0.233878 0.0160389
vn -0.975298 0.220127 0.0187701
vn -0.993782 0.111397 -0.000647738
vn -0.961363 0.275287 -0.00124542
vn -0.995976 -0.0896395 -3.63134e-005
vn -0.995781 -0.0917776 -0.00191918
vn -0.997875 -0.0651644 1.35613e-005
vn -0.999052 -0.0436585 0.000461426
vn -0.998303 -0.0582293 -0.0019829
vn -0.984528 -0.160712 -0.0699419
vn -0.976694 -0.0660283 -0.204258
vn -0.98524 -0.171154 -0.00388345
vn -0.98223 -0.154826 -0.106098
vn -0.959067 0.283178 -0.00148957
vn -0.991417 0.130717 0.00351082
vn -0.997777 -0.0665621 -0.00392384
vn -0.994428 -0.104429 -0.0146385
vn -0.989662 -0.142984 -0.0113231
vn -0.988653 -0.15018 -0.0035996
vn -0.99138 -0.130706 -0.00969526
vn -0.993715 -0.110343 -0.0192123
vn -0.984505 -0.175281 0.00540154
vn -0.988502 -0.151157 0.00450676
vn -0.976331 -0.215405 0.0197312
vn -0.956699 -0.290438 0.0194341
vn -0.995144 -0.0985423 0.000661539
vn -0.995964 -0.0897024 -0.00303697
vn -0.996052 -0.0887923 -0.00128644
vn -0.999889 -0.0142585 0.00458344
vn -0.927001 -0.37507 0.000349813
vn -0.964491 -0.26405 -0.00583708
vn -0.986994 -0.160775 0.00278092
vn -0.994379 -0.104434 0.0175582
vn -0.989735 -0.141515 0.0202974
vn -0.974439 -0.224625 0.00399553
vn -0.971409 -0.237376 -0.00448836
vn -0.508051 0.860289 -0.0424122
vn -0.483877 0.874434 -0.0350652
vn -0.992017 -0.124174 -0.0219918
vn -0.99412 -0.108318 6.90029e-005
vn -0.989065 -0.143111 -0.0357656
vn -0.975748 -0.200984 -0.0867942
vn -0.888742 -0.445395 -0.108492
vn -0.896841 -0.428102 -0.1114
vn -0.964884 -0.246203 -0.0915991
vn -0.979156 -0.187959 -0.0770393
vn -0.987166 -0.13939 -0.0779503
vn -0.985499 -0.134523 -0.103467
vn -0.772736 -0.623713 -0.117751
vn -0.691002 -0.705829 -0.155975
vn -0.993244 0.116091 0.00165401
vn -0.950831 0.309249 -0.0169534
vn -0.997214 0.0745329 -0.00488472
vn -0.953272 0.302008 -0.0085424
vn -0.421606 0.904696 -0.0615048
vn -0.432429 0.898974 -0.0697381
vn -0.863273 -0.331223 -0.380861
vn -0.769736 -0.255796 -0.58488
vn -0.684488 -0.633696 -0.360433
vn -0.406087 -0.816641 -0.410116
vn -0.999317 0.0117507 -0.0352028
vn -0.953066 0.298637 -0.0498889
vn -0.993839 0.0862159 -0.0697482
vn -0.950938 0.294428 -0.0950434
vn -0.354553 0.929121 -0.105038
vn -0.333826 0.937468 -0.0986292
vn -0.29772 0.945634 -0.130938
vn -0.316476 0.9379 -0.142119
vn -0.89126 0.414795 -0.183321
vn -0.963282 -0.0993937 -0.249443
vn -0.255028 0.946674 -0.196911
vn -0.383571 0.874294 -0.297468
vn -0.226534 0.912344 -0.341051
vn -0.419708 0.83705 -0.351004
vn -0.71621 0.627923 -0.304561
vn -0.872783 -0.0913479 -0.479489
vn -0.931298 0.246362 -0.268329
vn -0.793987 -0.334957 -0.507336
vn -0.56255 -0.481992 -0.671732
vn -0.763365 -0.291221 -0.576603
vn -0.51617 -0.32066 -0.794201
vn -0.590601 -0.309462 -0.745277
vn -0.479791 -0.623962 -0.616824
vn -0.519085 -0.161489 -0.839338
vn -0.304689 -0.81699 -0.489585
vn -0.968087 -0.239791 -0.0729017
vn -0.981472 -0.175531 -0.0768763
vn -0.977788 -0.196463 -0.0730273
vn -0.985004 -0.152863 -0.0800089
vn -0.901727 -0.0817611 -0.424525
vn -0.473726 -0.0180717 -0.880487
vn -0.991548 -0.129132 -0.0126253
vn -0.995816 -0.0909097 0.00998617
vn -0.999738 0.00829316 0.0214811
vn -0.999731 0.00815875 0.0217879
vn -0.999765 0.0153883 0.0157991
vn -0.985818 -0.166546 0.020876
vn -0.989019 -0.146514 0.0195678
vn -0.987812 -0.154765 0.0166794
vn -0.991011 -0.133425 0.0101344
vn -0.986545 -0.161855 0.0233662
vn -0.988522 -0.150343 0.0153392
vn -0.990261 -0.138971 0.00889917
vn -0.995945 -0.0898051 -0.0062919
vn -0.984887 -0.173231 0.000584942
vn -0.85857 0.504453 0.0915647
vn -0.795254 0.569081 0.209091
vn -0.67915 0.717697 0.153886
vn -0.924011 0.381042 0.0320117
vn -0.931513 0.363574 0.0099756
vn -0.892972 0.44246 0.0826614
vn -0.79349 0.603462 0.078829
vn -0.65837 0.744233 0.112562
vn -0.474746 0.858378 0.194449
vn -0.696499 0.703322 -0.142235
vn -0.845093 0.510331 -0.159354
vn -0.673792 0.732205 -0.0994046
vn -0.867654 0.480973 -0.12587
vn -0.524494 0.848777 -0.0670649
vn -0.545303 0.837891 -0.0244455
vn -0.530961 0.847274 -0.0149213
vn -0.586993 0.809596 6.89954e-005
vn -0.61031 0.792154 -0.00454015
vn -0.600649 0.799306 0.0182286
vn -0.598827 0.800692 0.0175016
vn -0.641156 0.765722 0.0510215
vn -0.594647 0.803272 0.0339233
vn -0.495376 0.868682 -0.000718995
vn -0.366633 0.930259 0.0145768
vn -0.40493 0.914312 0.00805394
vn -0.332756 0.942833 0.0185597
vn -0.589043 0.807883 -0.0190587
vn -0.545843 0.837815 -0.0112906
vn -0.559753 0.828222 -0.0271969
vn -0.518003 0.8545 -0.0387925
vn -0.577879 0.815859 -0.0209594
vn -0.47919 0.876057 -0.0538655
vn -0.472903 0.875967 -0.0951755
vn -0.510586 0.848844 -0.137031
vn -0.477536 0.863965 -0.159767
vn -0.462251 0.881558 -0.0958228
vn -0.550115 0.822609 -0.143871
vn -0.62015 0.778212 -0.0990626
vn -0.326102 0.944971 0.0264685
vn -0.342543 0.939044 0.0295589
vn -0.305265 0.951341 0.0420101
vn -0.291093 0.955915 0.038777
vn -0.291546 0.948261 0.125749
vn -0.293942 0.947441 0.126316
vn -0.28356 0.907477 0.30998
vn -0.319367 0.824046 0.467928
vn -0.325977 0.740268 0.588009
vn -0.383092 0.654808 0.651519
vn 0.640868 0.767601 0.00883161
vn 0.650477 0.759436 0.012036
vn 0.648098 0.761502 0.00952787
vn 0.657899 0.752959 0.0151691
vn 0.660568 0.750631 0.0143919
vn 0.677992 0.734955 0.012977
vn 0.890291 -0.432727 -0.141924
vn 0.943521 -0.10085 -0.315615
vn 0.933044 0.0111245 -0.35961
vn 0.800319 -0.599582 0.000436358
vn 0.884104 0.259999 -0.388294
vn 0.872287 0.279653 -0.401148
vn 0.823741 0.492686 -0.280565
vn 0.829447 0.467166 -0.306247
vn 0.744391 0.662414 -0.08424
vn 0.722569 0.687162 -0.075592
vn 0.800259 -0.599662 -2.75586e-005
vn 0.800607 -0.599196 -2.74249e-005
vn 0.799683 -0.600344 -0.0101451
vn 0.941738 -0.336346 0.00189338
vn 0.990508 -0.0716716 0.117308
vn 0.937856 0.206191 0.279154
vn 0.898192 0.219546 0.380873
vn 0.875495 0.23977 0.41955
vn 0.900861 0.313375 0.300415
vn 0.928799 0.290697 0.229847
vn 0.95139 0.292994 0.0949623
vn 0.973353 0.226404 0.0365834
vn 0.982224 0.174846 -0.0684021
vn 0.990873 0.0865707 -0.103338
vn 0.968962 0.0208927 -0.246325
vn 0.980289 -0.0344583 -0.19454
vn 0.890365 0.39902 -0.219199
vn 0.862934 0.358071 -0.356554
vn 0.789809 0.594371 -0.15144
vn 0.75776 0.650772 -0.0480025
vn 0.700024 0.712079 -0.0540012
vn 0.669651 0.667978 -0.324634
vn 0.501075 0.695469 -0.515033
vn 0.389338 0.59461 -0.703467
vn 0.272604 0.764187 -0.584576
vn 0.978044 -0.20839 -0.00379259
vn 0.631123 0.775157 -0.0286559
vn 0.640997 0.767557 -0.000143799
vn 0.585892 0.810093 -0.0221445
vn 0.685387 0.728166 0.0058306
vn 0.727957 0.685608 0.00557214
vn 0.77977 0.625982 0.0102417
vn 0.788098 0.615411 0.0132562
vn 0.766563 0.64218 -0.00173042
vn 0.764985 0.644058 -0.00233265
vn 0.788891 0.613453 0.0364605
vn 0.807196 0.589627 0.0280305
vn 0.734164 0.677453 0.0454496
vn 0.774194 0.63198 0.0350396
vn 0.708133 0.703693 0.0580663
vn 0.643806 0.753535 0.133044
vn 0.598821 0.757308 0.260601
vn 0.535191 0.747497 0.393486
vn 0.518668 0.719447 0.461933
vn 0.501612 0.712834 0.490172
vn 0.99301 0.117039 0.0155529
vn 0.97398 0.225537 0.0224601
vn 0.988052 0.152628 0.0215566
vn 0.967168 0.253969 0.0100422
vn 0.964087 0.265574 0.0031569
vn 0.986946 0.16103 0.00414047
vn 0.979273 0.201651 0.0190985
vn 0.997924 0.0615207 0.0192915
vn 0.972134 0.233878 0.0160389
vn 0.975298 0.220127 0.0187701
vn 0.961363 0.275287 -0.00124541
vn 0.993782 0.111397 -0.000647738
vn 0.997875 -0.0651644 1.35613e-005
vn 0.995781 -0.0917776 -0.00191918
vn 0.995976 -0.0896395 -3.63131e-005
vn 0.99905 -0.0436585 0.000461411
vn 0.976694 -0.0660283 -0.204258
vn 0.984168 -0.162825 -0.0700146
vn 0.998303 -0.0582293 -0.0019829
vn 0.98223 -0.154826 -0.106098
vn 0.98524 -0.171154 -0.00388345
vn 0.959067 0.283178 -0.00148957
vn 0.991417 0.130717 0.00351082
vn 0.994428 -0.104429 -0.0146385
vn 0.997777 -0.0665621 -0.00392384
vn 0.989662 -0.142984 -0.0113231
vn 0.988653 -0.15018 -0.00359958
vn 0.99138 -0.130706 -0.00969526
vn 0.993715 -0.110343 -0.0192123
vn 0.984505 -0.175281 0.00540154
vn 0.988502 -0.151157 0.00450676
vn 0.976331 -0.215405 0.0197312
vn 0.956699 -0.290438 0.0194341
vn 0.995964 -0.0897024 -0.00303697
vn 0.995144 -0.0985423 0.00066154
vn 0.996052 -0.0887923 -0.00128644
vn 0.999889 -0.0142585 0.00458344
vn 0.962592 -0.2709 -0.0057737
vn 0.92546 -0.378868 -3.24232e-006
vn 0.986415 -0.164271 0.00283684
vn 0.994379 -0.104434 0.0175582
vn 0.989735 -0.141515 0.0202974
vn 0.973583 -0.228323 0.00391924
vn 0.969461 -0.245224 -0.00430196
vn 0.427372 0.903353 -0.0363515
vn 0.479177 0.876681 -0.0428334
vn 0.99412 -0.108318 6.90023e-005
vn 0.992017 -0.124174 -0.0219918
vn 0.989065 -0.143111 -0.0357656
vn 0.896841 -0.428102 -0.1114
vn 0.888742 -0.445395 -0.108492
vn 0.975748 -0.200984 -0.0867942
vn 0.964883 -0.246203 -0.0915991
vn 0.979156 -0.187959 -0.0770393
vn 0.987166 -0.13939 -0.0779503
vn 0.985499 -0.134523 -0.103467
vn 0.691002 -0.705829 -0.155975
vn 0.772736 -0.623713 -0.117751
vn 0.997214 0.0745329 -0.00488471
vn 0.950831 0.309249 -0.0169534
vn 0.993244 0.116091 0.00165401
vn 0.953272 0.302008 -0.0085424
vn 0.407236 0.911436 -0.0586859
vn 0.432605 0.899341 -0.0636374
vn 0.769736 -0.255796 -0.58488
vn 0.863273 -0.331223 -0.380861
vn 0.684487 -0.633696 -0.360433
vn 0.406087 -0.816641 -0.410116
vn 0.999317 0.0117507 -0.0352028
vn 0.953066 0.298637 -0.0498889
vn 0.993839 0.0862159 -0.0697482
vn 0.950938 0.294428 -0.0950434
vn 0.354553 0.929121 -0.105038
vn 0.333826 0.937468 -0.0986291
vn 0.29772 0.945634 -0.130938
vn 0.316476 0.9379 -0.142119
vn 0.963282 -0.0993937 -0.249443
vn 0.89126 0.414795 -0.183321
vn 0.383571 0.874294 -0.297468
vn 0.255028 0.946674 -0.196911
vn 0.419708 0.83705 -0.351004
vn 0.226534 0.912344 -0.341051
vn 0.71621 0.627923 -0.304561
vn 0.931298 0.246362 -0.268329
vn 0.872783 -0.0913479 -0.479489
vn 0.793987 -0.334957 -0.507336
vn 0.763365 -0.291221 -0.576603
vn 0.56255 -0.481991 -0.671732
vn 0.51617 -0.32066 -0.794201
vn 0.479791 -0.623962 -0.616824
vn 0.590601 -0.309462 -0.745277
vn 0.519085 -0.161489 -0.839338
vn 0.304689 -0.81699 -0.489585
vn 0.977788 -0.196463 -0.0730273
vn 0.981472 -0.175531 -0.0768763
vn 0.968087 -0.239791 -0.0729017
vn 0.985004 -0.152863 -0.0800089
vn 0.901727 -0.0817611 -0.424525
vn 0.473726 -0.0180717 -0.880487
vn 0.991548 -0.129132 -0.0126253
vn 0.995816 -0.0909097 0.00998617
vn 0.999738 0.00829316 0.0214811
vn 0.999731 0.00815874 0.0217879
vn 0.999765 0.0153883 0.0157991
vn 0.987812 -0.154765 0.0166794
vn 0.989019 -0.146514 0.0195677
vn 0.985818 -0.166546 0.020876
vn 0.991011 -0.133425 0.0101344
vn 0.986545 -0.161855 0.0233662
vn 0.988522 -0.150343 0.0153392
vn 0.995945 -0.0898051 -0.0062919
vn 0.990261 -0.138971 0.00889916
vn 0.984887 -0.173231 0.000584927
vn 0.67915 0.717697 0.153886
vn 0.795254 0.569081 0.209091
vn 0.85857 0.504453 0.0915647
vn 0.931513 0.363574 0.0099756
vn 0.924011 0.381042 0.0320117
vn 0.892972 0.44246 0.0826614
vn 0.79349 0.603462 0.078829
vn 0.65837 0.744233 0.112562
vn 0.474746 0.858378 0.194449
vn 0.673792 0.732205 -0.0994046
vn 0.845093 0.510331 -0.159354
vn 0.696499 0.703322 -0.142235
vn 0.867654 0.480973 -0.12587
vn 0.545303 0.837891 -0.0244455
vn 0.524494 0.848777 -0.0670649
vn 0.530961 0.847274 -0.0149213
vn 0.586993 0.809596 6.89949e-005
vn 0.61031 0.792154 -0.00454015
vn 0.600649 0.799306 0.0182286
vn 0.598827 0.800692 0.0175016
vn 0.641156 0.765722 0.0510215
vn 0.594647 0.803272 0.0339233
vn 0.40493 0.914312 0.00805394
vn 0.366633 0.930259 0.0145768
vn 0.495376 0.868682 -0.000718995
vn 0.332756 0.942833 0.0185597
vn 0.545843 0.837815 -0.0112906
vn 0.589044 0.807883 -0.0190587
vn 0.577879 0.815859 -0.0209594
vn 0.518003 0.8545 -0.0387925
vn 0.559753 0.828222 -0.0271969
vn 0.47919 0.876057 -0.0538655
vn 0.477536 0.863965 -0.159767
vn 0.510586 0.848844 -0.137031
vn 0.472903 0.875967 -0.0951755
vn 0.462251 0.881558 -0.0958229
vn 0.550115 0.822609 -0.143871
vn 0.62015 0.778212 -0.0990626
vn 0.326102 0.944971 0.0264685
vn 0.342543 0.939044 0.0295589
vn 0.305265 0.951341 0.0420101
vn 0.291093 0.955915 0.038777
vn 0.291544 0.948256 0.125749
vn 0.293942 0.947441 0.126316
vn 0.283561 0.90748 0.309981
vn 0.319368 0.824049 0.467928
vn 0.325977 0.740268 0.588009
vn 0.383092 0.654808 0.651519
vn 0.117397 0.991893 0.0486912
vn 0.0590302 0.997429 0.0408128
vn 0.02593 0.99847 0.0489459
vn 0.13474 0.990102 0.0394175
vn 0.19713 0.979835 0.0329394
vn 0.0691347 0.994463 0.0791496
vn 0.126176 0.987721 0.0921778
vn 0.0771908 0.987092 0.140365
vn 0.147808 0.972766 0.178559
vn 0.128612 0.926853 0.352715
vn 0.188954 0.895264 0.403499
vn 0.218603 0.837086 0.501511
vn 0.128846 0.881948 0.453396
vn 0.00636717 0.999208 0.0393114
vn 0.00273232 0.99912 0.0418617
vn 0.000224233 0.998951 0.0458412
vn -0.000197868 0.998669 0.0516757
vn 4.06298e-005 0.99719 0.07493
vn 0.00146736 0.988899 0.148587
vn 0.00495205 0.944406 0.328747
vn 0.00688694 0.889349 0.457196
vn -0.000802017 0.99898 0.0453948
vn 0.250246 0.962808 0.101917
vn 0.186099 0.972477 0.14022
vn 0.260849 0.945508 0.194874
vn 0.143134 0.97182 0.187326
vn 0.202605 0.979256 -0.00352086
vn 0.167764 0.98481 -0.0448188
vn 0.0439576 0.999024 -0.00450931
vn 0.0415831 0.997435 -0.0583529
vn 0.0108487 0.998944 -0.0447999
vn 0.0111302 0.999926 -0.00581326
vn 0.184748 0.980308 -0.0698473
vn 0.0424261 0.996556 -0.0712923
vn 0.0110229 0.997396 -0.0713534
vn 0.139547 0.989758 0.0301567
vn 0.0457791 0.998302 0.0361594
vn 0.0123366 0.999541 0.0277985
vn 0.0153881 0.998387 0.0547126
vn 0.0475529 0.99733 0.0554584
vn 0.155158 0.986575 0.051073
vn 0.0505232 0.991859 0.116917
vn 0.0191098 0.993552 0.111798
vn 0.0220838 0.987023 0.159094
vn 0.0614278 0.98518 0.160169
vn 0.277803 0.958585 -0.0627749
vn 0.287283 0.956721 -0.046567
vn 0.260075 0.965567 -0.00675849
vn 0.235776 0.971328 0.0307258
vn 0.22221 0.973608 0.0520868
vn 0.634293 0.723874 -0.271453
vn 0.188999 0.929799 -0.315851
vn 0.479949 0.829172 -0.286599
vn 0.162347 0.943687 -0.28829
vn 0.91566 0.376362 -0.141136
vn -0.250317 0.872979 -0.418634
vn -0.170807 0.906286 -0.386617
vn -0.373456 0.714871 -0.591181
vn -0.101928 0.96209 -0.252988
vn -0.438581 0.646923 -0.623814
vn -0.456887 0.480038 -0.748879
vn 0.0571977 0.971485 -0.230131
vn 0.0308224 0.960728 -0.275779
vn 0.0605969 0.95449 -0.292046
vn 0.0165392 0.967074 -0.25397
vn 0.00188132 0.971608 -0.236614
vn 0.00383121 0.970433 -0.241343
vn 0.000129966 0.972499 -0.232923
vn 0.00103277 0.973386 -0.229203
vn 0.177883 0.970289 -0.164033
vn 0.27961 0.956616 -0.0818925
vn 0.334334 0.939398 -0.0759191
vn 0.195778 0.977611 -0.0771902
vn 0.173489 0.981039 -0.0863996
vn -0.00856192 0.990342 -0.138385
vn 0.0242779 0.98626 -0.163429
vn 0.27587 0.909725 -0.310341
vn 0.149355 0.817387 -0.556399
vn -0.146741 0.67897 -0.719362
vn 0.282497 0.937554 -0.202983
vn -0.14592 0.567246 -0.810519
vn -0.211952 0.535928 -0.81723
vn 0.00908147 0.995329 -0.0961519
vn 0.00725111 0.997707 -0.067395
vn 0.0134267 0.9973 -0.0722272
vn 0.017485 0.994859 -0.0998281
vn 0.00228619 0.996003 -0.0893375
vn 0.00115233 0.997901 -0.0647788
vn 0.00453538 0.997724 -0.0673759
vn 0.00144114 0.996056 -0.0887251
vn 0.000282499 0.997945 -0.0642195
vn 0.00118041 0.997911 -0.0647795
vn 0.0430879 0.729352 -0.682789
vn 0.053329 0.495511 -0.866965
vn 0.0374722 0.679281 -0.732923
vn 0.0375634 0.444137 -0.895171
vn 0.02556 0.43664 -0.899281
vn 0.0197173 0.65903 -0.75186
vn 0.0168722 0.94365 -0.330534
vn 0.0345124 0.931153 -0.362992
vn 0.0334098 0.936454 -0.349207
vn 0.0146623 0.431189 -0.902149
vn 0.0145182 0.658779 -0.752203
vn 0.0120213 0.906257 -0.42256
vn 0.00870358 0.997365 -0.0720904
vn 0.00797654 0.997326 -0.0727472
vn 0.00483236 0.997299 -0.0733034
vn 0.00420104 0.997296 -0.0733914
vn 0.000990128 0.997256 -0.0741007
vn 0.0012627 0.997239 -0.0743375
vn 0.000292071 0.997239 -0.0743417
vn 0.000282538 0.997239 -0.074349
vn 0.0255342 0.989065 -0.145298
vn 0.0215926 0.989809 -0.140757
vn 0.00560801 0.992758 -0.120004
vn 0.00546352 0.990827 -0.135066
vn -0.0517768 0.995725 -0.0765655
vn -0.000407593 0.995991 -0.0895301
vn -0.0713546 0.99571 -0.0589357
vn -0.116418 0.991431 -0.0593609
vn -0.269795 0.96176 -0.0473634
vn -0.175094 0.98313 -0.0530262
vn -0.0501506 0.996423 -0.0681139
vn -0.095745 0.993613 -0.0598092
vn -0.146383 0.987136 -0.0644048
vn -0.144005 0.982055 -0.121801
vn -0.0314493 0.993478 -0.10962
vn -0.081358 0.986747 -0.140453
vn -0.286515 0.947328 -0.143135
vn -0.331083 0.927387 -0.1742
vn -0.191379 0.971277 -0.141442
vn -0.108941 0.985398 -0.130861
vn -0.348279 0.929801 -0.119094
vn -0.483412 0.863303 -0.145029
vn -0.02593 0.99847 0.0489459
vn -0.0590302 0.997429 0.0408128
vn -0.117397 0.991893 0.0486912
vn -0.13474 0.990102 0.0394175
vn -0.19713 0.979835 0.0329394
vn -0.0694512 0.994397 0.0797088
vn -0.126176 0.987721 0.0921778
vn -0.147808 0.972766 0.178559
vn -0.0775045 0.986987 0.140919
vn -0.188954 0.895264 0.403499
vn -0.128612 0.926853 0.352715
vn -0.128846 0.881947 0.453396
vn -0.218603 0.837086 0.501511
vn -0.00636717 0.999208 0.0393114
vn -0.00273232 0.99912 0.0418617
vn -0.000224233 0.998951 0.0458412
vn 0.000197869 0.998669 0.0516757
vn -0.00225915 0.988691 0.149976
vn -0.000568147 0.997122 0.0758637
vn -0.00495209 0.944412 0.328749
vn -0.00688694 0.889347 0.457195
vn 0.000802018 0.99898 0.0453948
vn -0.260849 0.945508 0.194874
vn -0.186099 0.972477 0.14022
vn -0.250246 0.962808 0.101917
vn -0.143134 0.97182 0.187326
vn -0.0439576 0.999024 -0.00450931
vn -0.167764 0.98481 -0.0448188
vn -0.202605 0.979256 -0.00352086
vn -0.0415831 0.997435 -0.0583529
vn -0.0108487 0.998943 -0.0447999
vn -0.0111302 0.999926 -0.00581326
vn -0.184748 0.980308 -0.0698473
vn -0.0424262 0.996556 -0.0712923
vn -0.0110229 0.997396 -0.0713535
vn -0.139547 0.989758 0.0301567
vn -0.0457791 0.998302 0.0361594
vn -0.0123366 0.999541 0.0277985
vn -0.0153881 0.998387 0.0547126
vn -0.0475529 0.99733 0.0554584
vn -0.155158 0.986575 0.051073
vn -0.0505232 0.991859 0.116917
vn -0.0191098 0.993552 0.111798
vn -0.0220838 0.987023 0.159094
vn -0.0614278 0.98518 0.160169
vn -0.287283 0.956721 -0.046567
vn -0.277803 0.958585 -0.0627749
vn -0.260075 0.965566 -0.00675849
vn -0.235776 0.971327 0.0307258
vn -0.22221 0.973608 0.0520868
vn -0.479949 0.829172 -0.286599
vn -0.188999 0.929799 -0.315851
vn -0.634293 0.723874 -0.271453
vn -0.162347 0.943687 -0.28829
vn -0.91566 0.376362 -0.141136
vn 0.373456 0.714871 -0.591182
vn 0.170807 0.906286 -0.386617
vn 0.250317 0.872979 -0.418634
vn 0.101928 0.96209 -0.252988
vn 0.438581 0.646923 -0.623814
vn 0.456887 0.480038 -0.748879
vn -0.0605969 0.95449 -0.292046
vn -0.0308224 0.960728 -0.275779
vn -0.0571977 0.971485 -0.230131
vn -0.0165392 0.967074 -0.25397
vn -0.000129966 0.972499 -0.232923
vn -0.00383121 0.970433 -0.241343
vn -0.00188132 0.971608 -0.236614
vn -0.00103277 0.973386 -0.229203
vn -0.177883 0.970288 -0.164033
vn -0.334334 0.939398 -0.0759191
vn -0.27961 0.956616 -0.0818925
vn -0.173489 0.981039 -0.0863996
vn -0.195779 0.977611 -0.0771902
vn 0.00856192 0.990342 -0.138385
vn -0.0242779 0.98626 -0.163429
vn 0.146741 0.67897 -0.719362
vn -0.149355 0.817387 -0.556399
vn -0.27587 0.909725 -0.310341
vn -0.282497 0.937554 -0.202983
vn 0.211952 0.535928 -0.81723
vn 0.14592 0.567246 -0.810519
vn -0.00725111 0.997707 -0.067395
vn -0.00908147 0.995329 -0.0961519
vn -0.017485 0.994859 -0.0998281
vn -0.0134267 0.9973 -0.0722272
vn -0.00115234 0.997901 -0.0647788
vn -0.00228619 0.996003 -0.0893375
vn -0.00453538 0.997724 -0.0673759
vn -0.000282499 0.997945 -0.0642195
vn -0.00144113 0.996056 -0.0887251
vn -0.00118041 0.997911 -0.0647795
vn -0.0374722 0.679281 -0.732923
vn -0.053329 0.495511 -0.866965
vn -0.0430879 0.729352 -0.682789
vn -0.0375634 0.444137 -0.895171
vn -0.02556 0.43664 -0.899281
vn -0.0197173 0.65903 -0.75186
vn -0.0168722 0.94365 -0.330534
vn -0.0345124 0.931153 -0.362992
vn -0.0334098 0.936454 -0.349207
vn -0.0146623 0.431189 -0.902149
vn -0.0145182 0.658779 -0.752203
vn -0.0120213 0.906257 -0.42256
vn -0.00483236 0.997299 -0.0733034
vn -0.00797653 0.997326 -0.0727472
vn -0.00870358 0.997365 -0.0720904
vn -0.00420103 0.997296 -0.0733914
vn -0.000990126 0.997256 -0.0741007
vn -0.00126269 0.997239 -0.0743375
vn -0.000292071 0.997239 -0.0743417
vn -0.000282538 0.997239 -0.074349
vn -0.0215926 0.989809 -0.140757
vn -0.0255342 0.989065 -0.145298
vn -0.005608 0.992758 -0.120004
vn -0.00546352 0.990827 -0.135066
vn 0.0674827 0.995991 -0.0587895
vn 0.000407595 0.995991 -0.0895301
vn 0.0517768 0.995725 -0.0765655
vn 0.0985453 0.993205 -0.0619493
vn 0.152929 0.986736 -0.0545062
vn 0.230763 0.971576 -0.0528633
vn 0.0467788 0.996649 -0.0672186
vn 0.095745 0.993613 -0.0598092
vn 0.146383 0.987136 -0.0644048
vn 0.144006 0.982057 -0.121801
vn 0.0314493 0.993478 -0.10962
vn 0.081358 0.986747 -0.140453
vn 0.286516 0.947331 -0.143135
vn 0.331082 0.927384 -0.174199
vn 0.191379 0.971277 -0.141442
vn 0.108941 0.985398 -0.130861
vn 0.348279 0.929801 -0.119094
vn 0.483412 0.863303 -0.145029
vn 0.389338 0.59461 -0.703467
vn 0.23297 0.671822 -0.703129
vn 0.17984 0.767895 -0.614821
vn 0.484072 0.391433 -0.782606
vn 0.00485151 0.846012 -0.533159
vn 0.0046759 0.8454 -0.534129
vn 0.00900747 0.842933 -0.537952
vn 0.0121103 0.829386 -0.558551
vn 0.0252239 0.793697 -0.607801
vn 0.0197387 0.810839 -0.584944
vn 0.0429129 0.742431 -0.668556
vn 0.0550862 0.696649 -0.715298
vn 0.0691561 0.717347 -0.69328
vn 0.146232 -0.0957571 -0.984607
vn 0.102879 -0.0504384 -0.993418
vn 0.0740731 -0.0673177 -0.994979
vn 0.0868333 0.0581686 -0.994529
vn 0.194528 0.0964651 -0.976145
vn 0.110457 0.0824537 -0.99046
vn 0.276483 0.0573523 -0.959308
vn 0.224321 0.0452773 -0.973467
vn 0.278242 -0.026262 -0.960154
vn 0.216018 -0.073058 -0.973658
vn 0.246237 -0.0566693 -0.967552
vn 0.0292699 -0.0680008 -0.997258
vn 0.027783 -0.0490692 -0.99841
vn 0.0156561 0.00210506 -0.999877
vn 0.0340674 -0.0995171 -0.994457
vn 0.036484 -0.0837518 -0.99582
vn 0.0436672 -0.0745765 -0.996263
vn 0.042744 -0.0598584 -0.997292
vn 0.136835 -0.105963 -0.984915
vn 0.101929 -0.0777401 -0.99175
vn 0.0610559 -0.0169087 -0.997994
vn 0.0564571 -0.00705375 -0.998385
vn 0.0648281 -0.0345029 -0.997304
vn 0.073459 0.00243678 -0.997298
vn 0.0733615 0.00339241 -0.9973
vn 0.033699 0.0464869 -0.998355
vn 0.0701924 0.0514343 -0.996208
vn 0.107184 -0.0566603 -0.992624
vn 0.0713325 -0.0321766 -0.996934
vn 0.0471787 -0.00797724 -0.998862
vn 0.0787499 0.0741183 -0.994135
vn 0.117514 -0.0577377 -0.991392
vn 0.53628 -0.258553 -0.803473
vn 0.56255 -0.481991 -0.671732
vn 0.639121 -0.415198 -0.647408
vn 0.291764 -0.0936719 -0.951896
vn 0.606764 -0.372593 -0.702149
vn 0.379331 -0.626143 -0.681225
vn 0.33764 -0.236087 -0.911192
vn 0.49076 -0.597676 -0.633987
vn 0.310749 -0.134744 -0.940896
vn 0.580459 -0.241828 -0.777556
vn 0.203599 -0.794705 -0.571834
vn 0.333588 -0.80498 -0.490651
vn 0.0864834 -0.0765073 -0.993313
vn 0.0788311 -0.102933 -0.99156
vn 0.125032 -0.524379 -0.842264
vn 0.0894928 -0.7507 -0.654561
vn 0.0519371 -0.0616344 -0.996752
vn 0.0451909 -0.0910392 -0.994828
vn 0.0388254 -0.475287 -0.878976
vn 0.030117 -0.73352 -0.679003
vn 0.0254064 -0.0432741 -0.998741
vn 0.0262658 -0.102389 -0.994398
vn 0.00909786 -0.0177319 -0.999812
vn 0.0214191 -0.488286 -0.872425
vn 0.0143978 -0.733199 -0.679869
vn 0.364842 0.00122921 -0.931074
vn 0.423864 0.0418559 -0.904769
vn 0.036474 0.139868 -0.989503
vn -0.0593227 0.237417 -0.969602
vn 0.00796942 0.105646 -0.994372
vn 0.025772 0.154974 -0.987582
vn 0.0259475 0.186427 -0.982131
vn 0.0364765 0.204617 -0.978164
vn 0.0303965 0.220762 -0.974857
vn 0.0346616 0.224542 -0.973852
vn 0.082035 0.204752 -0.975378
vn 0.0433654 0.13474 -0.989936
vn -0.0286241 0.0973832 -0.994836
vn 0.0270217 0.189504 -0.98151
vn 0.0442308 0 -0.999024
vn 0.0422145 -0.00209235 -0.999106
vn 0.0366687 -0.0045432 -0.999325
vn 0.0350637 -0.00732963 -0.99936
vn 0.0359713 -0.00369925 -0.999347
vn 0.034435 -0.00425349 -0.999398
vn 0.0426767 -0.00249697 -0.99909
vn 0.0449236 0 -0.998993
vn 0.0403559 0 -0.99919
vn 0.040356 0 -0.999191
vn 0.0403572 0 -0.999191
vn 0.0403573 0 -0.999193
vn -0.17984 0.767895 -0.614821
vn -0.23297 0.671822 -0.703129
vn -0.389339 0.59461 -0.703467
vn -0.484072 0.391433 -0.782606
vn -0.00900747 0.842933 -0.537952
vn -0.0046759 0.8454 -0.534129
vn -0.00485151 0.846012 -0.533159
vn -0.0121103 0.829386 -0.558551
vn -0.0252239 0.793697 -0.607801
vn -0.0197387 0.810839 -0.584944
vn -0.0429129 0.742431 -0.668556
vn -0.0550862 0.696649 -0.715298
vn -0.0691561 0.717347 -0.69328
vn -0.0740731 -0.0673177 -0.994979
vn -0.102879 -0.0504384 -0.993418
vn -0.146232 -0.0957571 -0.984607
vn -0.110457 0.0824537 -0.99046
vn -0.194528 0.0964651 -0.976145
vn -0.0868328 0.0581681 -0.994524
vn -0.224321 0.0452773 -0.973467
vn -0.276483 0.0573523 -0.959309
vn -0.278242 -0.026262 -0.960154
vn -0.246237 -0.0566693 -0.967552
vn -0.216018 -0.073058 -0.973658
vn -0.0156561 0.00210506 -0.999877
vn -0.027783 -0.0490692 -0.99841
vn -0.0292699 -0.0680008 -0.997258
vn -0.0340674 -0.0995171 -0.994457
vn -0.036484 -0.0837518 -0.99582
vn -0.0436672 -0.0745765 -0.996263
vn -0.042744 -0.0598584 -0.997292
vn -0.061056 -0.0169087 -0.997996
vn -0.101929 -0.0777401 -0.99175
vn -0.136835 -0.105963 -0.984915
vn -0.0564573 -0.00705377 -0.998389
vn -0.0648281 -0.0345029 -0.997304
vn -0.073459 0.00243678 -0.997298
vn -0.0733615 0.00339241 -0.9973
vn -0.033699 0.0464869 -0.998355
vn -0.0701924 0.0514343 -0.996208
vn -0.0471787 -0.00797724 -0.998862
vn -0.0713325 -0.0321767 -0.996934
vn -0.107184 -0.0566603 -0.992624
vn -0.0787499 0.0741183 -0.994135
vn -0.117514 -0.0577377 -0.991392
vn -0.639121 -0.415198 -0.647408
vn -0.56255 -0.481992 -0.671732
vn -0.53628 -0.258553 -0.803473
vn -0.291764 -0.0936719 -0.951896
vn -0.33764 -0.236087 -0.911192
vn -0.379331 -0.626143 -0.681225
vn -0.606764 -0.372593 -0.702149
vn -0.49076 -0.597676 -0.633987
vn -0.580459 -0.241828 -0.777556
vn -0.310749 -0.134744 -0.940896
vn -0.333588 -0.804981 -0.490651
vn -0.203599 -0.794705 -0.571834
vn -0.0864834 -0.0765073 -0.993313
vn -0.0788311 -0.102933 -0.99156
vn -0.125032 -0.524379 -0.842264
vn -0.0894928 -0.7507 -0.654561
vn -0.0519371 -0.0616344 -0.996752
vn -0.0451909 -0.0910392 -0.994828
vn -0.0388254 -0.475287 -0.878976
vn -0.030117 -0.73352 -0.679003
vn -0.0254064 -0.0432741 -0.998741
vn -0.0262658 -0.102389 -0.994398
vn -0.00909786 -0.0177319 -0.999812
vn -0.0214191 -0.488286 -0.872425
vn -0.0143978 -0.733199 -0.679869
vn -0.364842 0.00122921 -0.931074
vn -0.423864 0.0418559 -0.904769
vn 0.0593227 0.237417 -0.969602
vn -0.036474 0.139868 -0.989503
vn -0.0259475 0.186427 -0.982131
vn -0.025772 0.154974 -0.987582
vn -0.00796943 0.105646 -0.994372
vn -0.0364765 0.204617 -0.978164
vn -0.0303965 0.220762 -0.974857
vn -0.0346616 0.224542 -0.973852
vn -0.0433654 0.13474 -0.989936
vn -0.082035 0.204752 -0.975378
vn 0.0286241 0.0973832 -0.994836
vn -0.0270217 0.189504 -0.98151
vn -0.0363383 -0.00430169 -0.999338
vn -0.0418345 -0.00198115 -0.99913
vn -0.0438325 0 -0.999044
vn -0.0347478 -0.00694006 -0.999377
vn -0.0356451 -0.00350251 -0.999361
vn -0.034123 -0.00402721 -0.999416
vn -0.042288 -0.00236405 -0.999105
vn -0.0445144 0 -0.99901
vn -0.0399932 0 -0.999202
vn -0.039992 0 -0.999203
vn -0.039992 0 -0.999205
vn 0.226906 0.374489 0.899041
vn 0.223066 0.123401 0.966965
vn 0.186159 0.36486 0.912263
vn 0.112852 0.147646 0.982587
vn 0.171834 0.378261 0.909617
vn 0.107622 0.374274 0.921055
vn 0.0138448 0.393794 0.919096
vn 0.0169891 0.179394 0.983636
vn 0.0196886 -0.218154 0.975718
vn 0.019719 -0.211248 0.977241
vn 0.0807087 -0.274405 0.958225
vn 0.105001 -0.210126 0.972021
vn 0.303079 -0.211155 0.929282
vn 0.359874 -0.396847 0.844402
vn 0.440004 -0.18954 0.877773
vn 0.44477 -0.227956 0.866159
vn 0.018834 -0.0396836 0.999039
vn 0.0897048 -0.0322483 0.995448
vn 0.221095 -0.0229526 0.974988
vn 0.287174 -0.0332126 0.957307
vn 0.25648 -0.0818297 0.963081
vn 0.259541 0.00573461 0.965719
vn 0.167601 -0.220037 0.960987
vn 0.213493 -0.301415 0.929285
vn 0.127201 -0.295714 0.946773
vn 0.104557 -0.270326 0.957081
vn 0.234061 0.382938 0.893631
vn 0.33371 0.523348 0.784064
vn 0.395325 0.294453 0.870071
vn 0.47479 -0.0740733 0.876985
vn 0.49696 -0.159688 0.852954
vn 0.486441 -0.349838 0.80062
vn 0.287151 -0.522583 0.802783
vn 0.0264695 -0.208937 0.977577
vn 0.0200789 -0.216726 0.976026
vn 5.65701e-005 -0.000262579 1
vn 2.8285e-005 -0.000131289 1
vn -0 0 1
vn -0.226906 0.374489 0.899041
vn -0.223066 0.123401 0.966965
vn -0.171834 0.378261 0.909617
vn -0.113307 0.142286 0.983321
vn -0.186159 0.36486 0.912263
vn -0.109677 0.356425 0.92787
vn -0.0190495 0.160637 0.986834
vn -0.0180172 0.358528 0.933361
vn -0.0807087 -0.274405 0.958225
vn -0.019719 -0.211248 0.977241
vn -0.0196886 -0.218154 0.975718
vn -0.105001 -0.210126 0.972021
vn -0.303078 -0.211155 0.929282
vn -0.359874 -0.396847 0.844402
vn -0.440004 -0.18954 0.877773
vn -0.44477 -0.227956 0.866159
vn -0.018834 -0.0396836 0.999039
vn -0.0897048 -0.0322483 0.995448
vn -0.221095 -0.0229526 0.974988
vn -0.287174 -0.0332126 0.957307
vn -0.25648 -0.0818297 0.963081
vn -0.259541 0.00573461 0.96572
vn -0.167602 -0.220037 0.960987
vn -0.213493 -0.301415 0.929285
vn -0.127201 -0.295714 0.946773
vn -0.104557 -0.270326 0.957081
vn -0.234061 0.382938 0.893631
vn -0.395325 0.294453 0.870071
vn -0.33371 0.523348 0.784064
vn -0.47479 -0.0740733 0.876985
vn -0.49696 -0.159688 0.852954
vn -0.486441 -0.349838 0.80062
vn -0.287151 -0.522583 0.802783
vn -0.0264695 -0.208937 0.977577
vn -0.0200789 -0.216726 0.976026
vn -2.8285e-005 -0.000131289 1
vn -5.65701e-005 -0.000262579 1
vn -0.0781711 -0.688264 -0.721247
vn 0.0275288 -0.694687 -0.718789
vn -0.115752 -0.684092 -0.720158
vn -0.122866 0.704518 -0.698979
vn 0.0244748 0.716101 -0.697576
vn -0.0851836 0.708972 -0.700079
vn 0.024796 -0.693991 -0.71956
vn 0.0260384 0.71547 -0.698167
vn 0.0291292 -0.693472 -0.719904
vn 0.0310703 0.714912 -0.698527
vn -0.373901 -0.556547 -0.741934
vn -0.373901 -0.556544 -0.741928
vn -0.623635 -0.211796 -0.752478
vn -0.623639 -0.211797 -0.752482
vn -0.629454 0.215721 -0.746496
vn -0.629455 0.215721 -0.746496
vn -0.442768 0.523201 -0.728171
vn -0.322254 0.615867 -0.718941
vn 0.0326759 0.633102 -0.773386
vn 0.406815 0.516848 -0.753241
vn 0.406816 0.516849 -0.753239
vn 0.0326757 0.633101 -0.773387
vn -0.332614 0.504793 -0.796594
vn -0.332614 0.504793 -0.796592
vn -0.549091 0.190533 -0.813758
vn -0.549091 0.190533 -0.813759
vn -0.542931 -0.186313 -0.818854
vn -0.54293 -0.186313 -0.818854
vn -0.322356 -0.489078 -0.810493
vn -0.322356 -0.489077 -0.81049
vn 0.0333486 -0.609993 -0.791712
vn 0.0333478 -0.609988 -0.79171
vn 0.397387 -0.500696 -0.769026
vn 0.397388 -0.500698 -0.769023
vn 0.631524 -0.193522 -0.750823
vn 0.631524 -0.193521 -0.750825
vn 0.637528 0.197955 -0.744562
vn 0.637527 0.197955 -0.744564
vn 0.703253 -0.707622 -0.0686579
vn 0.814707 -0.577429 0.0532062
vn 0.772958 -0.633666 0.0317013
vn 0.89104 -0.419002 0.174607
vn 0.941018 -0.25338 0.224268
vn 0.522384 -0.794477 -0.309732
vn 0.182806 -0.802933 -0.567355
vn 0.0268802 -0.791978 -0.60996
vn 0.0114919 -0.792078 -0.610313
vn 0.772909 0.633735 0.0315651
vn 0.817078 0.573398 0.060057
vn 0.710593 0.701452 -0.0550882
vn 0.890972 0.419173 0.174553
vn 0.940956 0.253627 0.22423
vn 0.532475 0.792519 -0.297324
vn 0.181313 0.803061 -0.567651
vn 0.025984 0.791992 -0.609984
vn 0.0114695 0.792077 -0.610315
vn 0.635398 0.770382 -0.0527622
vn 0.651585 0.754432 -0.0792515
vn 0.607543 0.794187 -0.0131665
vn 0.604041 0.796912 -0.00881052
vn 0.881129 -0.182382 -0.436296
vn 0.793519 -0.364014 -0.487672
vn 0.63574 -0.645231 -0.423706
vn 0.668541 -0.636188 0.385122
vn 0.849153 0.319616 0.420471
vn 0.795766 0.54223 0.269731
vn 0.510293 -0.859491 0.029767
vn 0.49505 -0.868787 -0.0116746
vn 0.492665 -0.870105 -0.0145114
vn 0.543556 -0.817515 -0.190334
vn 0.529584 -0.835601 -0.145999
vn 0.412009 0.712089 -0.568502
vn 0.329101 0.755989 -0.56584
vn 0.2433 0.793241 -0.558202
vn 0.136056 0.823973 -0.550062
vn 0.0467429 0.842983 -0.535917
vn 0.021469 0.841547 -0.539771
vn 0.199467 0.800091 -0.565749
vn 0.404633 0.617816 -0.674232
vn 0.0854456 0.229776 -0.969488
vn 0.142707 0.276583 -0.950341
vn -0.00113888 0.172359 -0.985036
vn 0.0132753 0.177015 -0.984126
vn 0.362016 0.787429 0.498902
vn 0.396663 0.772349 0.496127
vn 0.32685 0.801378 0.500962
vn 0.493692 0.790162 0.363231
vn 0.432211 0.763848 0.479304
vn 0.302647 0.68036 0.667473
vn 0.182354 0.584294 0.790797
vn 0.0784494 0.499832 0.86257
vn 0.0319451 0.462208 0.886208
vn 0.166215 0.872753 0.458997
vn 0.226085 0.854902 0.466956
vn 0.0361322 0.899784 0.434838
vn 0.0709566 0.894054 0.44232
vn 0.705577 -0.708633 -0.000793205
vn 0.685165 0.727954 0.0252552
vn 0.643501 0.692726 -0.325633
vn 0.663768 -0.455717 -0.593084
vn 0.579676 -0.723933 0.374058
vn 0.560881 0.580365 0.590431
vn -0.574909 -0.35648 0.736489
vn -0.542335 -0.113413 0.832481
vn -0.395404 -0.669187 0.629173
vn -0.094582 -0.874317 0.476058
vn 0.03447 -0.933556 0.356777
vn 0.0146965 -0.957054 0.289557
vn 0.00371267 -0.968707 0.248191
vn -0.485245 -0.0137789 0.874277
vn -0.485176 -0.00918588 0.874375
vn -0.397096 0.427633 0.812069
vn -0.464477 0.304317 0.831657
vn -0.1987 0.607379 0.769171
vn 0.00879781 0.752547 0.658481
vn 0.00594519 0.825765 0.563992
vn 0.022502 0.894577 0.446358
vn -0 0.93628 0.351279
vn -0.482303 0.112188 0.868798
vn -0.483887 0.0747391 0.871937
vn 0.98573 0.151924 0.0725556
vn 0.878133 0.468082 0.098951
vn 0.548197 0.828242 0.116197
vn 0.170125 0.978837 0.113796
vn 0.0301325 0.990034 0.137587
vn 0.0153474 0.983393 0.180865
vn 0.00359105 0.980769 0.195158
vn 0.992631 0.0980776 0.0712683
vn 0.816188 -0.562663 0.13138
vn 0.897453 -0.425933 0.114765
vn 0.623146 -0.741061 0.250039
vn 0.270258 -0.905442 0.327316
vn 0.18228 -0.942539 0.279999
vn 0.00441356 -0.977579 0.210529
vn 0.00518241 -0.980812 0.194917
vn 0.0134708 -0.974705 0.223108
vn 0.986884 -0.127375 0.0992429
vn 0.568551 0.265536 0.778614
vn 0.634479 0.0932405 0.767298
vn 0.389857 0.434343 0.812011
vn 0.185595 0.501076 0.845274
vn 0.0820699 0.500835 0.861645
vn 0.0399739 0.501145 0.864447
vn 0.0129404 0.501502 0.865062
vn 0.637241 0.00757696 0.770637
vn 0.637213 0.0113654 0.770604
vn 0.527384 -0.322806 0.785915
vn 0.580571 -0.292465 0.759873
vn 0.347933 -0.43918 0.828297
vn 0.138879 -0.50161 0.853874
vn 0.123503 -0.500992 0.856601
vn 0.0528582 -0.500844 0.863927
vn 0.0660688 -0.500976 0.862942
vn 0.0129403 -0.501502 0.865061
vn 0.633837 -0.102214 0.766687
vn 0.62958 -0.153527 0.761624
vn 0.759728 -0.647674 -0.057793
vn 0.816643 -0.571641 -0.0795426
vn 0.732859 -0.680281 0.0121122
vn 0.936926 -0.271645 -0.21999
vn 0.879104 -0.445048 -0.170632
vn 0.529151 -0.799548 0.284122
vn 0.137302 -0.837268 0.529286
vn 0.0230786 -0.83869 0.544125
vn 0.734348 0.678712 0.0096844
vn 0.817133 0.570771 -0.0807347
vn 0.759673 0.647748 -0.0576943
vn 0.879018 0.445233 -0.170576
vn 0.936851 0.271919 -0.21995
vn 0.529717 0.799768 0.282464
vn 0.135408 0.83739 0.529578
vn 0.0232906 0.838688 0.544118
vn 0.102636 -0.767635 -0.632617
vn 0.141828 -0.76305 -0.630596
vn -0.0248109 -0.761666 -0.647502
vn 0.150908 0.790112 -0.594102
vn 0.11129 0.795237 -0.596003
vn -0.0213059 0.79007 -0.612657
vn -0.0221287 -0.762996 -0.646031
vn -0.0227321 0.791085 -0.611287
vn -0.0258596 -0.763395 -0.645421
vn -0.0272092 0.79145 -0.610639
vn 0.442772 -0.630418 -0.637604
vn 0.440654 -0.634443 -0.635074
vn 0.728778 -0.240091 -0.641283
vn 0.725642 -0.232987 -0.647432
vn 0.737893 0.245808 -0.62857
vn 0.730734 0.246457 -0.636626
vn 0.523532 0.594088 -0.610721
vn 0.390595 0.700939 -0.596764
vn -0.429589 0.555724 -0.71178
vn -0.430122 0.555083 -0.711954
vn -0.0283239 0.675427 -0.736888
vn -0.0285928 0.675459 -0.736843
vn 0.358957 0.534999 -0.764807
vn 0.359513 0.534308 -0.765027
vn 0.586131 0.201156 -0.784854
vn 0.585677 0.201108 -0.785206
vn 0.579961 -0.196936 -0.790488
vn 0.579712 -0.1965 -0.79078
vn 0.348774 -0.519487 -0.780066
vn 0.348429 -0.519423 -0.780258
vn -0.0288988 -0.652488 -0.75725
vn -0.027845 -0.65248 -0.757297
vn -0.420773 -0.538987 -0.72969
vn -0.421107 -0.539088 -0.729427
vn -0.674903 -0.209105 -0.707664
vn -0.675103 -0.209495 -0.70736
vn -0.680805 0.213447 -0.700678
vn -0.681188 0.213491 -0.700294
vn -0.772958 -0.633666 0.0317008
vn -0.822571 -0.565547 0.0595244
vn -0.723582 -0.687975 -0.0559839
vn -0.941018 -0.25338 0.224268
vn -0.89104 -0.419002 0.174607
vn -0.54766 -0.781517 -0.29884
vn -0.180722 -0.806307 -0.563213
vn -0.0257302 -0.794951 -0.60613
vn -0.0114678 -0.792157 -0.610224
vn -0.722782 0.687414 -0.071086
vn -0.822878 0.565853 0.0517881
vn -0.772909 0.633736 0.0315646
vn -0.890972 0.419173 0.174553
vn -0.940956 0.253627 0.22423
vn -0.545093 0.77779 -0.31292
vn -0.182083 0.806449 -0.562574
vn -0.0266041 0.795064 -0.605946
vn -0.0114902 0.792149 -0.61022
vn -0.630506 0.774285 -0.0543043
vn -0.652656 0.753685 -0.0775491
vn -0.602018 0.798337 -0.015552
vn -0.600354 0.799675 -0.0104009
vn -0.712409 -0.41711 -0.56436
vn -0.705371 -0.460896 -0.538548
vn -0.665491 -0.617156 -0.419813
vn -0.801521 -0.521871 0.291942
vn -0.792269 0.585828 0.170646
vn -0.864462 0.42966 0.260974
vn -0.506835 -0.861518 0.0301573
vn -0.495258 -0.868667 -0.0116881
vn -0.492804 -0.870025 -0.0145204
vn -0.542192 -0.827472 -0.146055
vn -0.562218 -0.804775 -0.190421
vn -0.355333 0.715744 -0.601217
vn -0.296466 0.749448 -0.591987
vn -0.236209 0.779637 -0.57998
vn -0.136654 0.813039 -0.565958
vn -0.0469708 0.837727 -0.544074
vn -0.0214059 0.84201 -0.539043
vn -0.200148 0.78931 -0.580469
vn -0.376458 0.671703 -0.638051
vn -0.0828466 0.264787 -0.960747
vn -0.137763 0.334274 -0.932355
vn 0.00112592 0.172046 -0.985096
vn -0.0130455 0.182555 -0.98311
vn -0.390615 0.786949 0.477646
vn -0.424809 0.766176 0.482218
vn -0.35579 0.806448 0.4723
vn -0.502397 0.779114 0.374959
vn -0.440956 0.747872 0.496238
vn -0.308193 0.656989 0.688032
vn -0.184731 0.553605 0.812038
vn -0.0791416 0.473657 0.877148
vn -0.0317662 0.447031 0.893956
vn -0.170944 0.88693 0.429123
vn -0.233963 0.861001 0.451612
vn -0.0361446 0.900346 0.433681
vn -0.0716473 0.904989 0.419364
vn -0.702648 -0.709077 -0.0591318
vn -0.541507 -0.511698 -0.667037
vn -0.602018 0.701099 -0.38216
vn -0.684343 0.728753 -0.0246428
vn -0.634556 0.587587 0.502095
vn -0.652302 -0.68311 0.328458
vn 0.48611 -0.379732 0.78709
vn 0.556951 -0.13497 0.819512
vn 0.260621 -0.659389 0.705183
vn 0.0511129 -0.796331 0.602706
vn -0 -0.878236 0.478239
vn -9.33445e-006 -0.934152 0.356889
vn -1.86612e-005 -0.944032 0.329878
vn 0.510515 -0.0154194 0.859739
vn 0.523069 -0.0231321 0.851977
vn 0.427318 0.451344 0.783385
vn 0.420957 0.338937 0.841381
vn 0.314736 0.63827 0.702542
vn 0.0249927 0.781386 0.62355
vn 0.0168243 0.842471 0.538487
vn -0.0239181 0.908382 0.417463
vn -0.0038925 0.965547 0.260214
vn -0.00194848 0.952004 0.306097
vn 0.485132 0.078085 0.870956
vn 0.484073 0.117218 0.867147
vn -0.980333 0.174903 0.0914587
vn -0.856574 0.501803 0.120342
vn -0.515385 0.846135 0.135782
vn -0.150675 0.977345 0.148653
vn -0.016983 0.983312 0.18117
vn -0.00925291 0.978457 0.206258
vn -0.0032246 0.976489 0.215564
vn -0.997229 0.0275592 0.0692035
vn -0.794677 -0.595825 0.116158
vn -0.87795 -0.467463 0.103423
vn -0.474984 -0.871208 0.124081
vn -0.110441 -0.974183 0.196929
vn -0.0755496 -0.978634 0.191252
vn -0.00267466 -0.983892 0.178801
vn -0.0128939 -0.977066 0.212577
vn -0.00431228 -0.983842 0.179027
vn -0.971065 -0.22461 0.0812137
vn -0.56509 0.260965 0.782677
vn -0.630753 0.0887226 0.770898
vn -0.389814 0.434324 0.812044
vn -0.18557 0.501132 0.845243
vn -0.0821038 0.500708 0.861718
vn -0.0400021 0.501042 0.864504
vn -0.0129404 0.501506 0.865067
vn -0.637217 0.0113653 0.770609
vn -0.63724 0.0075768 0.770636
vn -0.543743 -0.379887 0.748352
vn -0.596925 -0.349632 0.722117
vn -0.343401 -0.46058 0.818502
vn -0.133667 -0.521665 0.842619
vn -0.12003 -0.514375 0.849124
vn -0.0528583 -0.500844 0.863929
vn -0.0129404 -0.501501 0.865062
vn -0.0660689 -0.500976 0.862943
vn -0.629675 -0.15382 0.761486
vn -0.633909 -0.102409 0.766607
vn -0.72493 -0.688767 0.00937416
vn -0.813156 -0.576395 -0.0809958
vn -0.759728 -0.647673 -0.0577929
vn -0.879104 -0.445048 -0.170632
vn -0.936926 -0.271645 -0.219989
vn -0.51936 -0.805983 0.284029
vn -0.136624 -0.8361 0.531293
vn -0.0232132 -0.839853 0.54232
vn -0.759673 0.647747 -0.0576942
vn -0.81317 0.576557 -0.0796759
vn -0.724872 0.688791 0.0119179
vn -0.879018 0.445232 -0.170576
vn -0.936851 0.271918 -0.219949
vn -0.520309 0.804978 0.285112
vn -0.138213 0.836454 0.530332
vn -0.0230026 0.839853 0.542333
vn -0 -0.612286 -0.790647
vn -0 -0.690645 -0.723199
vn -0 -0.870678 -0.491865
vn -0 -0.989844 -0.142204
vn -0 -0.990695 0.136113
vn -0 -0.824012 0.566581
vn -0 -0.565541 0.824726
vn -0 -0.971517 -0.237002
vn -0 -0.427114 0.904203
vn -0 -0.317992 0.948096
vn -0 -0.676258 0.736673
vn -0 -0.891976 0.452087
vn -0 -0.990941 0.134345
vn -0 -1.00001 0.0023458
vn -0 -0.343096 0.939306
vn -0 -0.360248 -0.93286
vn -0 -0.351299 -0.936267
vn -0 -0.369164 -0.929368
vn -0 -0.324768 0.945797
vn -0 -0.240319 0.970701
vn -0 -0.379235 0.925304
vn -0 -0.211221 0.977443
vn -0 -0.686877 -0.726784
vn -0 -0.7781 -0.628143
vn -0 -0.583251 -0.812302
vn 1.00001 -6.95028e-005 4.2726e-006
vn 1.00001 -7.84016e-005 4.13765e-006
vn 1 -0.000111765 5.99622e-006
vn 1.00001 -4.53209e-005 3.5953e-006
vn 1.00001 -4.89474e-005 4.05266e-006
vn 1.00001 -4.56535e-005 3.54002e-006
vn 1.00001 -4.39994e-005 4.24171e-006
vn 1.00001 -3.72703e-005 4.04854e-006
vn 1 -4.6163e-005 4.68737e-006
vn 1 -5.63394e-005 5.35253e-006
vn 1 -8.37607e-005 -1.83352e-005
vn 1.00001 -0.000146717 -1.60773e-005
vn 1.00001 -0.000103896 -1.28142e-005
vn 1.00001 -0.000139439 -1.20972e-005
vn 1.00001 -5.57755e-005 -9.65248e-006
vn 1.00001 -5.535e-005 -8.64519e-006
vn 1.00001 -5.30167e-005 -1.0632e-005
vn 1.00001 -4.70653e-005 -1.08582e-005
vn 1.00001 -8.5857e-005 -8.98463e-006
vn 1.00001 -6.48824e-005 -1.22902e-005
vn 1.00001 -0.000116157 -6.45918e-006
vn 1.00001 -0.000162731 -5.86232e-007
vn -0.179099 -0.983806 -0.00755893
vn -0.0242828 -0.999685 -0.00735036
vn -0.0191545 -0.999623 -0.0200293
vn -0.143404 -0.989432 -0.0215091
vn -0.410002 0.899281 0.152306
vn -0.306972 0.925355 0.222478
vn -0.00196061 0.988702 0.149884
vn -0 1.00001 0
vn -0.0107244 0.986797 -0.161621
vn -0.63831 0.723757 -0.262215
vn -0.179625 -0.983159 -0.0338947
vn -0.0242721 -0.999245 -0.0304706
vn -0.2114 -0.977017 -0.0275105
vn -0.0216754 -0.999032 -0.038321
vn 0.0038257 0.999409 0.0342225
vn -0.633907 0.773323 -0.0118859
vn 0.0633231 0.982244 0.176656
vn 0.050336 0.980131 0.191895
vn 0.0137172 0.904619 0.426005
vn 0.0350775 0.911271 0.41033
vn -0.967774 -0.182121 -0.173948
vn -0.398614 0.879988 -0.258354
vn -0.0879281 0.995634 -0.0315176
vn -0.0970674 -0.988206 -0.118481
vn -0.154239 -0.905842 -0.39454
vn -0.82994 -0.534397 0.160073
vn -0.0862081 -0.814695 -0.573462
vn -0.371557 -0.802028 0.467659
vn -0.0126339 -0.263967 0.964453
vn 0.0053079 -0.854738 0.51904
vn 0.0479203 -0.242499 0.968969
vn -0.354577 0.762812 0.540737
vn -0.234294 -0.957692 0.167137
vn -0.380548 0.923877 0.040606
vn -0.172229 -0.958954 -0.2253
vn 0.2082 -0.978005 -0.012849
vn 0.138789 -0.9902 0.0156879
vn -0.00738505 -0.779234 -0.626702
vn 0.0220857 -0.278642 -0.960144
vn -0.0680602 -0.244902 -0.967158
vn -0.246228 -0.929098 0.275968
vn -0.868147 -0.147205 -0.473981
vn -0.746274 0.596234 0.295958
vn -0.671002 0.736515 0.0855673
vn -0.46276 -0.867368 -0.183145
vn -0.010765 0.992997 0.117698
vn 0.0297092 0.942361 -0.333285
vn 0.00667963 0.825834 -0.563887
vn -0.00103766 0.825777 -0.563998
vn -0 -0.612282 -0.790642
vn -0 -0.690645 -0.7232
vn -0 -0.870677 -0.491862
vn -0 -0.989839 -0.142204
vn -0 -0.990698 0.136114
vn -0 -0.824014 0.566582
vn -0 -0.565542 0.824727
vn -0 -0.971515 -0.237002
vn -0 -0.316156 0.948715
vn -0 -0.676258 0.736672
vn -0 -0.891974 0.452087
vn -0 -0.990936 0.134344
vn -0 -1 0.00234579
vn -0 -0.339455 0.940628
vn -0 -0.355664 -0.934622
vn -0 -0.360017 -0.932948
vn -0 -0.324768 0.945798
vn -0 -0.240319 0.970699
vn -0 -0.379237 0.925309
vn -0 -0.211221 0.977444
vn -0 -0.686873 -0.726779
vn -0 -0.778105 -0.628147
vn -0 -0.583249 -0.812298
vn -1 -0.000110396 5.91995e-006
vn -1.00001 -7.7717e-005 4.09951e-006
vn -1.00001 -6.90464e-005 4.24718e-006
vn -1.00001 -4.53209e-005 3.5953e-006
vn -1.00001 -4.89474e-005 4.05266e-006
vn -1.00001 -4.56535e-005 3.54002e-006
vn -1.00001 -4.39994e-005 4.24171e-006
vn -1.00001 -3.72703e-005 4.04854e-006
vn -1 -4.6163e-005 4.68737e-006
vn -1 -5.63394e-005 5.35253e-006
vn -1.00001 -0.000103307 -1.28354e-005
vn -1.00001 -0.000145539 -1.61196e-005
vn -1.00001 -8.14047e-005 -1.84198e-005
vn -1.00001 -0.000139439 -1.20972e-005
vn -1.00001 -5.57756e-005 -9.65248e-006
vn -1.00001 -5.535e-005 -8.64519e-006
vn -1.00001 -5.30167e-005 -1.0632e-005
vn -1.00001 -4.70653e-005 -1.08582e-005
vn -1.00001 -8.5857e-005 -8.98463e-006
vn -1.00001 -6.48824e-005 -1.22902e-005
vn -1.00001 -0.000116157 -6.45918e-006
vn -1.00001 -0.000162731 -5.86234e-007
vn 0.179106 -0.983807 -0.00755893
vn 0.177835 -0.98345 -0.034679
vn 0.0191686 -0.999617 -0.0199962
vn 0.0243034 -0.999679 -0.00735029
vn 0.446207 0.894931 -0.000119268
vn -0 1 0
vn 0.00196077 0.988705 0.14989
vn 0.306972 0.925354 0.222478
vn 0.63831 0.723757 -0.262215
vn 0.010726 0.986796 -0.161634
vn 0.0242929 -0.999245 -0.0304707
vn 0.17963 -0.983151 -0.0338944
vn 0.0216896 -0.999031 -0.0383337
vn 0.211406 -0.977017 -0.0275128
vn 0.968996 0.0733501 -0.23597
vn 0.428674 0.795398 -0.428478
vn 0.20005 0.902409 -0.381634
vn 0.0520897 0.963577 -0.262335
vn 0.021352 0.980627 -0.194749
vn 0.0101057 0.978094 -0.207955
vn 0.933104 -0.337934 -0.123009
vn 0.984526 -0.0786828 -0.15662
vn 0.773868 0.632239 -0.0374921
vn 0.73887 -0.671189 -0.0599036
vn 0.831409 -0.547129 -0.0970348
vn 0.410719 -0.909689 -0.0615115
vn 0.865614 -0.487015 -0.11636
vn 0.401329 -0.914998 0.041528
vn 0.171683 -0.983318 -0.0601773
vn 0.0448295 -0.99769 -0.0511431
vn 0.0164966 -0.999154 -0.0377965
vn 0.966413 0.257017 0.00222048
vn 0.652667 -0.757359 -0.020814
vn 0.869206 0.494453 -0.000181151
vn 0.455294 -0.890192 -0.0165834
vn 0.255324 -0.966829 -0.00808218
vn 0.268039 -0.963311 0.0137627
vn 0.00891485 -0.999948 -0.00600705
vn 0.0353554 -0.999354 0.00684692
vn 0.17929 -0.983055 -0.0382444
vn 0.932733 0.353228 0.0725064
vn 0.787971 -0.610779 0.0778549
vn 0.527714 -0.849378 0.00891787
vn 0.844514 0.419893 0.332401
vn 0.377668 -0.921129 -0.094335
vn 0.220469 0.846672 0.484306
vn 0.0216213 0.968045 0.249849
vn 0.0039067 0.981147 0.19324
vn 0.00030947 0.980244 0.197809
vn 0.00413612 -0.996938 0.0781077
vn -0 -0.995104 0.0988588
vn -0 -0.998107 0.0616033
vn 0.000624458 -0.99971 0.0242242
vn 0.000779708 -0.999965 -0.00879082
vn -0 -0.999926 -0.0124992
vn 0.00135863 -0.997278 -0.0737506
vn -0.0013836 -0.996376 -0.0850865
vn -0 -0.999336 0.0365913
vn -0.0107136 -0.997752 0.0662328
vn 0.00639646 -0.996674 0.0812482
vn 0.0244151 -0.997226 0.0703367
vn 0.00807708 -0.99716 0.0749292
vn 0.000764715 -0.997185 0.0749765
vn 0.00103948 -1 0.000289789
vn -0 -1.00001 -0.000930903
vn -0 -1.00001 0.00233352
vn 0.0121527 -0.996546 -0.0822246
vn -0 -0.995007 -0.0998883
vn -0.000728906 -0.99641 -0.0846748
vn -0.0178906 -0.994706 -0.101253
vn -0.00411235 -0.995248 -0.0972918
vn 0.00195761 -0.995591 -0.0938577
vn 0.00407446 -0.995986 -0.0895184
vn -0.00413615 -0.996931 0.0782274
vn -3.81154e-007 -0.999691 0.0248975
vn -0 -0.998062 0.0622881
vn -0 -0.995067 0.0992771
vn -4.75919e-007 -0.999956 -0.00962977
vn 0.00138357 -0.996349 -0.0853838
vn -0.0013586 -0.99723 -0.0744454
vn -0 -0.999923 -0.0128406
vn 0.0107136 -0.997752 0.0662328
vn -0.00639646 -0.996674 0.0812482
vn -0.0244151 -0.997226 0.0703367
vn -0.00807709 -0.99716 0.0749292
vn -0.000764715 -0.997185 0.0749765
vn -0 -1.00001 -5.6777e-007
vn -6.34472e-007 -1.00001 1.77303e-007
vn -0 -1.00001 1.42474e-006
vn -0.0121527 -0.996546 -0.0822246
vn 0.000728893 -0.99641 -0.0846748
vn 0.0178906 -0.994706 -0.101253
vn 0.00411235 -0.995248 -0.0972918
vn -0.00195761 -0.995591 -0.0938577
vn -0.00407446 -0.995986 -0.0895184
vn -0.0829395 -0.168376 -0.982231
vn -0.159018 -0.0644862 -0.98517
vn 0.0394031 1.52662e-009 -0.999226
vn -0.159018 0.0644862 -0.985171
vn -0.0829396 0.168376 -0.982232
vn 0.0393014 0.207227 -0.977504
vn 0.160497 0.166931 -0.972824
vn 0.23488 0.0635926 -0.969949
vn 0.23488 -0.0635926 -0.969948
vn 0.160497 -0.166931 -0.972824
vn 0.0393015 -0.207227 -0.977504
vn -0.0336223 -0.0015889 -0.999434
vn 0.135909 -0.0553762 -0.989177
vn 0.0717701 -0.14527 -0.986793
vn 0.134391 0.0542835 -0.989443
vn 0.06931 0.141327 -0.987541
vn -0.0335533 0.173776 -0.984213
vn -0.135812 0.140506 -0.980724
vn -0.199888 0.0537738 -0.978347
vn -0.201356 -0.0548457 -0.977987
vn -0.138181 -0.144408 -0.979824
vn -0.033512 -0.179455 -0.9832
vn -0.662342 0.353809 0.660396
vn -0.331174 0.707627 0.624187
vn -0 0.874763 0.484562
vn -0 0.874764 0.484562
vn 0.116212 0.844017 0.523575
vn 0.115859 0.844388 0.523063
vn 0.412947 0.683912 0.601455
vn 0.414189 0.683209 0.601392
vn 0.672443 0.39774 0.624203
vn 0.671705 0.398589 0.624461
vn 0.784605 0.148579 0.601932
vn 0.78481 0.147963 0.601816
vn 0.80666 0.0228892 0.590576
vn 0.806344 0.0229638 0.591008
vn 0.758287 -0.170341 0.629277
vn 0.758304 -0.169685 0.629436
vn 0.600218 -0.47615 0.642675
vn 0.59942 -0.477168 0.642656
vn 0.531963 -0.566423 0.629438
vn 0.532844 -0.565157 0.629823
vn 0.359884 -0.705587 0.610448
vn 0.359335 -0.706206 0.610048
vn 0.0627953 -0.846987 0.527905
vn 0.0630737 -0.847155 0.527595
vn -0.509086 -0.534441 0.674692
vn -0.509087 -0.534443 0.674694
vn -0 0 1.00001
vn -0 0 1
vn -0 0.874764 0.484563
vn 0.331171 0.707622 0.624183
vn 0.662342 0.353811 0.660401
vn -0.116212 0.844019 0.523576
vn -0.115859 0.844389 0.523063
vn -0.412949 0.683913 0.601457
vn -0.414191 0.683209 0.601393
vn -0.672441 0.397742 0.624203
vn -0.671699 0.398589 0.624458
vn -0.784605 0.148581 0.601932
vn -0.784809 0.147966 0.60182
vn -0.806663 0.022889 0.590572
vn -0.806349 0.0229632 0.591003
vn -0.758292 -0.170341 0.629275
vn -0.758306 -0.169689 0.62943
vn -0.600217 -0.476152 0.642675
vn -0.59942 -0.477166 0.642659
vn -0.531962 -0.566423 0.629436
vn -0.532847 -0.565161 0.629826
vn -0.359884 -0.705585 0.610447
vn -0.359335 -0.706204 0.610047
vn -0.0627953 -0.846987 0.527905
vn -0.0630737 -0.847156 0.527595
vn 0.509086 -0.534441 0.674695
vn 0.509087 -0.534443 0.674697
vn 0.0407739 0.741889 -0.66929
vn 0.0114645 0.738333 -0.674344
vn 0.0240339 0.735173 -0.677464
vn 0.00824872 0.740837 -0.671637
vn 0.0566344 0.745859 -0.663694
vn 0.175362 0.744268 -0.644458
vn 0.12363 0.743443 -0.657275
vn 0.099025 0.700809 -0.706444
vn 0.228915 0.718641 -0.656627
vn 0.212322 0.727604 -0.652324
vn 0.920139 0.39153 0.00699302
vn 0.918205 0.396106 0.00301324
vn 0.917799 0.397046 0.00202247
vn 0.917012 0.398862 -0.000984124
vn 0.917403 0.397962 -0.000992848
vn 0.917819 0.396997 -0.00202667
vn 0.871804 0.475049 0.11958
vn 0.890774 0.447644 0.0784019
vn 0.895431 0.439763 0.06943
vn 0.91211 0.409287 0.023279
vn 0.911029 0.411401 0.0279864
vn 0.91787 0.396889 0.000338787
vn 0.918261 0.395989 -0.00172907
vn 0.917883 0.396837 -0.00358805
vn 0.166012 0.818606 0.549841
vn 0.235814 0.811114 0.535254
vn 0.347929 0.791597 0.502317
vn 0.432114 0.775442 0.460407
vn 0.427734 0.769784 0.473792
vn 0.305251 0.785343 0.538585
vn 0.0427697 0.810429 0.584286
vn 0.0311876 0.813162 0.581202
vn 0.0628834 0.817295 0.572787
vn 0.0511475 0.817336 0.573898
vn 0.121257 0.819749 0.55974
vn -0.0240339 0.735173 -0.677464
vn -0.0114645 0.738333 -0.674344
vn -0.0407739 0.741889 -0.66929
vn -0.00824873 0.740837 -0.671637
vn -0.0566344 0.745859 -0.663694
vn -0.175362 0.744268 -0.644458
vn -0.12363 0.743443 -0.657275
vn -0.212322 0.727604 -0.652324
vn -0.228915 0.718641 -0.656627
vn -0.099025 0.700809 -0.706444
vn -0.917799 0.397046 0.00202246
vn -0.918205 0.396106 0.00301323
vn -0.920139 0.39153 0.006993
vn -0.917012 0.398862 -0.000984121
vn -0.917403 0.397962 -0.000992843
vn -0.917819 0.396997 -0.00202666
vn -0.895431 0.439763 0.0694299
vn -0.890774 0.447644 0.0784019
vn -0.871804 0.475049 0.11958
vn -0.91211 0.409287 0.023279
vn -0.911029 0.411401 0.0279863
vn -0.91787 0.396889 0.000338765
vn -0.918261 0.395989 -0.00172907
vn -0.917883 0.396837 -0.00358805
vn -0.347929 0.791597 0.502317
vn -0.235813 0.811114 0.535254
vn -0.166012 0.818606 0.549841
vn -0.432114 0.775442 0.460407
vn -0.427735 0.769784 0.473792
vn -0.305252 0.785344 0.538585
vn -0.0628834 0.817295 0.572787
vn -0.0311877 0.813162 0.581202
vn -0.0427697 0.810429 0.584286
vn -0.0511475 0.817336 0.573898
vn -0.121257 0.819749 0.55974
vn -1.00001 -1.9025e-007 0.000219345
vn -1.00001 -4.7228e-006 0.000220838
vn -1.00001 -2.52152e-006 0.000219656
vn -1 -6.16497e-007 0.000220832
vn -1.00001 3.95241e-006 0.000225831
vn -1.00001 2.01603e-006 0.000228498
vn -1.00001 -1.35011e-006 0.000226448
vn -1.00001 -2.8246e-007 0.000219646
vn -1.00001 7.89942e-009 0.000216152
vn -1 3.50412e-006 0.000217617
vn -1 -1.90294e-007 0.000219344
vn -1.00001 -4.7228e-006 0.000220838
vn -1 -2.52152e-006 0.000219656
vn -1 -6.16516e-007 0.000220831
vn -1 3.9524e-006 0.00022583
vn -1.00001 2.01603e-006 0.000228498
vn -1.00001 -1.35011e-006 0.000226449
vn -1.00001 -2.8246e-007 0.000219646
vn -1.00001 7.89942e-009 0.000216152
vn -1.00001 3.50416e-006 0.000217618
vn -0.996849 1.55544e-007 0.0794006
vn -0.99685 -0.0244695 0.0755248
vn -0.996854 -0.0465373 0.0642763
vn -0.996858 -0.0640522 0.0467565
vn -0.996863 -0.0752976 0.024685
vn -0.996863 -0.079167 0.000220457
vn -0.996869 -0.0752922 -0.0242417
vn -0.996872 -0.0640501 -0.0463146
vn -0.996875 -0.0465378 -0.0638334
vn -0.996885 -0.0244658 -0.0750761
vn -0.996881 2.57065e-007 -0.0789501
vn -0.996881 0.024465 -0.0750753
vn -0.996879 0.0465359 -0.0638306
vn -0.996875 0.0640544 -0.0463162
vn -0.996869 0.0752963 -0.0242442
vn -0.996863 0.079166 0.000220661
vn -0.99686 0.0752928 0.0246825
vn -0.996853 0.0640498 0.0467563
vn -0.996847 0.0465367 0.064273
vn -0.996844 0.0244668 0.07552
vn -0.987416 -1.96569e-007 0.158154
vn -0.987422 -0.0488032 0.150424
vn -0.999879 -0.00477537 0.0149327
vn -0.999881 -2.16472e-007 0.0156898
vn -0.987424 -0.0928285 0.127984
vn -0.999885 -0.00908262 0.0127322
vn -0.987439 -0.127754 0.0930374
vn -0.999881 -0.0124917 0.00930884
vn -0.98745 -0.150161 0.0490127
vn -0.999885 -0.0146748 0.00500252
vn -0.987462 -0.157865 0.000221387
vn -0.999886 -0.0154209 0.000233961
vn -0.987476 -0.150115 -0.0485563
vn -0.99984 -0.0116894 -0.0136445
vn -0.990811 -0.111595 -0.0764516
vn -0.992574 0.0515497 0.110187
vn -0.990822 -0.0766626 -0.111356
vn -0.991886 0.0519818 0.116086
vn -0.98751 -0.0487587 -0.14984
vn -0.999888 -0.00475357 -0.0143935
vn -0.987516 -3.69851e-007 -0.157553
vn -0.999887 2.31529e-007 -0.0151407
vn -0.987513 0.0487554 -0.149832
vn -0.999887 0.00475059 -0.0143887
vn -0.987504 0.0927416 -0.127427
vn -0.999889 0.00903965 -0.0122077
vn -0.987493 0.127658 -0.092528
vn -0.999888 0.0124486 -0.00881056
vn -0.987487 0.15009 -0.0485478
vn -0.999884 0.0146404 -0.00452389
vn -0.987469 0.157839 0.000221594
vn -0.999883 0.0154072 0.000234392
vn -0.987454 0.150138 0.0490052
vn -0.99988 0.0146653 0.00499964
vn -0.987439 0.127734 0.0930232
vn -0.999885 0.012483 0.00930209
vn -0.98743 0.0928178 0.127971
vn -0.99988 0.00907565 0.0127231
vn -0.987422 0.0488002 0.150418
vn -0.999878 0.004773 0.0149271
vn -0.991898 0.0393453 -0.12085
vn -0.9919 -2.31947e-007 -0.127081
vn -0.991892 0.07484 -0.102768
vn -0.991884 0.103014 -0.0746011
vn -0.991875 0.121098 -0.0391055
vn -0.991865 0.127324 0.000241749
vn -0.991679 0.126934 0.0215367
vn -0.929138 0.218756 0.298103
vn -0.921402 0.181636 0.343567
vn -0.991837 0.0393443 0.121333
vn -0.991834 8.28116e-007 0.127566
vn -0.991839 -0.0393466 0.121334
vn -0.991837 -0.0748381 0.103248
vn -0.991845 -0.103003 0.075078
vn -0.991852 -0.121092 0.0395874
vn -0.991868 -0.127325 0.0002424
vn -0.991877 -0.121093 -0.0391037
vn -0.991886 -0.103012 -0.0746009
vn -0.991886 -0.0748424 -0.102772
vn -0.991897 -0.039347 -0.120854
vn -0.990784 0 -0.1355
vn -1.00001 2.82072e-010 0.000222782
vn -0.990779 0.0419336 -0.128856
vn -0.990779 0.0797682 -0.10958
vn -0.990769 0.109794 -0.0795516
vn -0.990765 0.129075 -0.0417133
vn -0.990755 0.135717 0.000226699
vn -0.990743 0.129075 0.0421635
vn -0.990736 0.1098 0.0799919
vn -0.990725 0.0797737 0.110016
vn -0.990726 0.0419433 0.129294
vn -0.990718 0 0.135934
vn -0.990726 -0.0419433 0.129294
vn -0.990724 -0.0797737 0.110016
vn -0.990736 -0.1098 0.0799919
vn -0.990742 -0.129075 0.0421635
vn -0.990755 -0.135717 0.0002267
vn -0.990765 -0.129075 -0.0417133
vn -0.990768 -0.109794 -0.0795516
vn -0.990779 -0.0797682 -0.10958
vn -0.990779 -0.0419336 -0.128856
vn -0.937597 -1.92143e-007 0.347744
vn -0.937601 -0.107398 0.330735
vn -0.937607 -0.204278 0.281369
vn -0.937626 -0.281161 0.204486
vn -0.937643 -0.330528 0.107604
vn -0.937668 -0.347544 0.000207162
vn -0.937694 -0.330536 -0.107192
vn -0.937709 -0.281168 -0.204077
vn -0.937727 -0.204283 -0.280961
vn -0.937739 -0.107399 -0.330328
vn -0.937742 -1.94007e-007 -0.347342
vn -0.937742 0.107396 -0.330332
vn -0.937729 0.204284 -0.280964
vn -0.937714 0.281171 -0.204074
vn -0.937691 0.330534 -0.10719
vn -0.937668 0.347544 0.000207164
vn -0.937645 0.330532 0.107605
vn -0.937623 0.281165 0.204482
vn -0.937608 0.204276 0.281369
vn -0.937599 0.107394 0.330736
vn -0.821011 -1.94505e-007 0.570921
vn -0.821019 -0.176366 0.54299
vn -0.821029 -0.335475 0.461926
vn -0.821051 -0.461752 0.335663
vn -0.82108 -0.542831 0.176555
vn -0.82112 -0.570763 0.000183276
vn -0.821157 -0.542828 -0.176193
vn -0.821186 -0.461768 -0.335313
vn -0.821215 -0.33549 -0.46158
vn -0.821234 -0.176377 -0.542658
vn -0.821241 -1.37649e-006 -0.570594
vn -0.821235 0.176379 -0.542656
vn -0.821211 0.335489 -0.461583
vn -0.821188 0.46176 -0.335306
vn -0.821152 0.542837 -0.176194
vn -0.821124 0.570763 0.000179902
vn -0.821085 0.542823 0.176555
vn -0.821044 0.461756 0.335667
vn -0.821027 0.335479 0.461932
vn -0.821012 0.176367 0.542991
vn -0.908637 3.85662e-006 -0.417587
vn -0.908633 0.129107 -0.39714
vn -0.850114 0.162789 -0.500805
vn -0.850126 1.41091e-006 -0.526592
vn -0.908625 0.245581 -0.33779
vn -0.850104 0.309641 -0.425977
vn -0.908594 0.338024 -0.245367
vn -0.850073 0.426179 -0.30943
vn -0.908574 0.397356 -0.12889
vn -0.850043 0.500996 -0.162578
vn -0.908545 0.417792 0.00022197
vn -0.850007 0.526777 0.000207538
vn -0.90852 0.397336 0.129322
vn -0.849973 0.500987 0.162987
vn -0.908491 0.337997 0.245789
vn -0.849948 0.426156 0.309827
vn -0.908456 0.245578 0.338237
vn -0.849916 0.309617 0.42636
vn -0.908451 0.129107 0.397558
vn -0.8499 0.162777 0.501182
vn -0.908449 -3.84542e-006 0.417998
vn -0.849895 4.61511e-007 0.526959
vn -0.908455 -0.129096 0.397553
vn -0.8499 -0.162776 0.501179
vn -0.908467 -0.24557 0.338215
vn -0.849913 -0.309623 0.426366
vn -0.908478 -0.338017 0.245803
vn -0.849946 -0.426158 0.30983
vn -0.908519 -0.397343 0.129328
vn -0.849983 -0.500979 0.162985
vn -0.908544 -0.417793 0.000219727
vn -0.850006 -0.526774 0.000205832
vn -0.908571 -0.397355 -0.128887
vn -0.85004 -0.501002 -0.16258
vn -0.908599 -0.338015 -0.245361
vn -0.850077 -0.42618 -0.30943
vn -0.908616 -0.24559 -0.337808
vn -0.8501 -0.309638 -0.425974
vn -0.908638 -0.129114 -0.397138
vn -0.850121 -0.162789 -0.500802
vn -0.778376 0.194062 -0.597063
vn -0.778383 -1.0632e-006 -0.627799
vn -0.778358 0.369118 -0.50786
vn -0.778341 0.508031 -0.368919
vn -0.7783 0.597227 -0.193863
vn -0.778245 0.627965 0.000189878
vn -0.778203 0.597222 0.19424
vn -0.778181 0.508007 0.369278
vn -0.778167 0.369078 0.508179
vn -0.778127 0.194037 0.597387
vn -0.778118 4.77315e-006 0.628119
vn -0.778124 -0.194048 0.597387
vn -0.778142 -0.369096 0.50821
vn -0.778198 -0.507995 0.369272
vn -0.778223 -0.597199 0.194229
vn -0.778251 -0.627962 0.000188737
vn -0.77829 -0.597238 -0.193868
vn -0.77833 -0.508037 -0.36892
vn -0.778373 -0.369108 -0.507842
vn -0.778379 -0.194055 -0.597054
vn 0.991832 -1.84438e-007 -0.127558
vn 0.991833 0.0393429 -0.121327
vn 0.991838 0.0748353 -0.103244
vn 0.991846 0.103004 -0.0750767
vn 0.991853 0.121085 -0.0395858
vn 0.991869 0.127318 -0.00024183
vn 0.991695 0.126912 0.0210914
vn 0.92949 0.218503 0.297173
vn 0.921796 0.181417 0.342609
vn 0.991897 0.0393436 0.120848
vn 0.9919 -9.08227e-007 0.127081
vn 0.991898 -0.0393429 0.12085
vn 0.991892 -0.0748356 0.102762
vn 0.991886 -0.103008 0.0745954
vn 0.991873 -0.121086 0.0391019
vn 0.991869 -0.127316 -0.000242525
vn 0.991858 -0.121086 -0.0395857
vn 0.991844 -0.103002 -0.0750756
vn 0.991837 -0.074835 -0.103244
vn 0.99184 -0.0393436 -0.12133
vn 0.90845 4.66677e-006 -0.417996
vn 0.849895 1.68216e-006 -0.526955
vn 0.849902 0.162773 -0.501177
vn 0.908459 0.129097 -0.397554
vn 0.849922 0.309615 -0.426354
vn 0.908472 0.245563 -0.338206
vn 0.84995 0.426153 -0.309825
vn 0.908482 0.338005 -0.245795
vn 0.84998 0.500974 -0.162985
vn 0.908516 0.397335 -0.129326
vn 0.850014 0.526763 -0.000206595
vn 0.90855 0.417782 -0.000221127
vn 0.850049 0.500991 0.162577
vn 0.908578 0.397349 0.128886
vn 0.850079 0.426177 0.309429
vn 0.908597 0.338019 0.245363
vn 0.850108 0.309636 0.425971
vn 0.908616 0.24559 0.337809
vn 0.85013 0.162783 0.50079
vn 0.908634 0.12911 0.397139
vn 0.850137 1.88372e-009 0.52657
vn 0.908652 -3.95742e-007 0.417573
vn 0.850127 -0.162781 0.500786
vn 0.908645 -0.129101 0.397122
vn 0.850113 -0.309634 0.425967
vn 0.908626 -0.245581 0.33779
vn 0.850082 -0.426172 0.309425
vn 0.908589 -0.338025 0.245367
vn 0.850053 -0.500991 0.162576
vn 0.908571 -0.397361 0.12889
vn 0.850015 -0.526767 -0.000206346
vn 0.908545 -0.417793 -0.000221242
vn 0.849978 -0.500975 -0.162985
vn 0.908521 -0.39733 -0.129321
vn 0.849949 -0.426151 -0.309822
vn 0.908494 -0.337993 -0.245787
vn 0.849927 -0.309612 -0.426351
vn 0.908464 -0.245571 -0.338224
vn 0.849907 -0.162772 -0.501166
vn 0.908456 -0.129102 -0.397545
vn 0.778124 -1.33649e-006 -0.628119
vn 0.778128 0.194042 -0.597386
vn 0.778156 0.369087 -0.508194
vn 0.778195 0.507993 -0.369269
vn 0.778226 0.597201 -0.194232
vn 0.778261 0.627951 -0.00018885
vn 0.778302 0.597221 0.193863
vn 0.778341 0.508032 0.368917
vn 0.778382 0.3691 0.507831
vn 0.778401 0.194046 0.597029
vn 0.778402 4.00573e-007 0.627778
vn 0.77839 -0.194054 0.597042
vn 0.778375 -0.369104 0.507839
vn 0.778356 -0.508014 0.368906
vn 0.778311 -0.597205 0.193855
vn 0.778261 -0.627943 -0.000188238
vn 0.778218 -0.597209 -0.194237
vn 0.778187 -0.508005 -0.369274
vn 0.778175 -0.369074 -0.508171
vn 0.778142 -0.194033 -0.597374
vn 1 0 -0.000241503
vn 1 0 -0.000245324
vn 1 0 -0.000256787
vn 1 2.78327e-006 -0.000258273
vn 1.00001 0 -0.0002407
vn 1.00001 4.53844e-006 -0.000252637
vn 1 9.07688e-006 -0.000259128
vn 1.00001 1.75517e-006 -0.000233314
vn 1.00001 0 -0.000244396
vn 1 0 -0.000244038
vn 1 0 -0.000244038
vn 1 0 -0.000244396
vn 1.00001 0 -0.000242088
vn 1 0 -0.000242087
vn 1.00001 0 -0.000244542
vn 1.00001 0 -0.000244543
vn 1.00001 0 -0.000242869
vn 1.00001 0 -0.000239471
vn 1.00001 0 -0.00022928
vn -0.000171091 -0.156437 -0.987696
vn -0.000167709 -0.309015 -0.951057
vn -0.000172979 -0.156441 -0.987696
vn -0.000168376 -0.309017 -0.951057
vn -0.000143519 -0.587787 -0.809023
vn -0.000144262 -0.587788 -0.809023
vn -0.000103627 -0.809025 -0.587787
vn -0.000103319 -0.809023 -0.587787
vn -5.412e-005 -0.951063 -0.309019
vn -5.39219e-005 -0.951058 -0.309017
vn -2.7398e-005 -0.987692 -0.156439
vn -2.74981e-005 -0.987688 -0.156438
vn 2.74984e-005 -0.987696 0.15644
vn 2.74978e-005 -0.987696 0.15644
vn 5.46132e-005 -0.951058 0.309014
vn 5.4315e-005 -0.951058 0.309014
vn 0.00010361 -0.809021 0.587785
vn 0.000104817 -0.809021 0.587786
vn 0.00014105 -0.587784 0.809024
vn 0.00014014 -0.587785 0.809023
vn 0.000165381 -0.30902 0.951061
vn 0.000164744 -0.309021 0.95106
vn 0.000172346 -0.156443 0.987687
vn 0.000173605 -0.15644 0.987688
vn -0.000103319 0.809021 -0.587787
vn -0.000103627 0.809022 -0.587787
vn -0.000143519 0.587787 -0.809023
vn -0.000144262 0.587788 -0.809024
vn -0.000167709 0.309017 -0.951058
vn -0.000168376 0.30902 -0.951057
vn -0.000172979 0.156441 -0.987696
vn -0.000171091 0.156437 -0.987696
vn -2.74981e-005 0.987688 -0.156438
vn -2.7398e-005 0.987692 -0.156439
vn -5.412e-005 0.951063 -0.309018
vn -5.39219e-005 0.951058 -0.309016
vn 0.000173605 0.15644 0.987688
vn 0.000165381 0.309018 0.951061
vn 0.000172347 0.156443 0.987688
vn 0.000164744 0.309019 0.951061
vn 0.000141049 0.587784 0.809021
vn 0.00014014 0.587785 0.80902
vn 0.000103603 0.809024 0.587785
vn 0.000104804 0.809024 0.587787
vn 5.46073e-005 0.951058 0.309017
vn 5.43155e-005 0.951058 0.309017
vn 2.74978e-005 0.987696 0.15644
vn 2.74984e-005 0.987696 0.15644
vn 1.00001 0 -0.000189699
vn 1.00001 -9.09207e-013 -0.000189699
vn 1.00001 -1.72941e-012 -0.000189699
vn 1.00001 -2.38034e-012 -0.000189699
vn 1.00001 -2.79825e-012 -0.000189699
vn 1.00001 -2.94226e-012 -0.000189699
vn 1.00001 -1.72942e-012 -0.000189699
vn 1.00001 4.06576e-019 -0.000189699
vn 1.00001 9.09208e-013 -0.000189699
vn 1.00001 1.72942e-012 -0.000189699
vn 1.00001 2.38033e-012 -0.000189699
vn 1.00001 2.79825e-012 -0.000189699
vn 1.00001 2.94226e-012 -0.000189699
vn 1.00001 2.38034e-012 -0.000189699
vn 1.00001 1.72941e-012 -0.000189699
vn 1.00001 9.09206e-013 -0.000189699
vn 0.982758 0 -0.184909
vn 0.982759 -0.0570822 -0.175867
vn 0.982767 -0.108577 -0.14963
vn 0.982774 -0.149444 -0.108763
vn 0.982784 -0.175681 -0.0572685
vn 0.982794 -0.184722 -0.000186299
vn 0.982805 -0.175681 0.0568955
vn 0.982816 -0.149444 0.10839
vn 0.982824 -0.108577 0.149257
vn 0.982827 -0.0570821 0.175495
vn 0.982828 0 0.184535
vn 0.982827 0.0570823 0.175495
vn 0.982824 0.108577 0.149257
vn 0.982815 0.149443 0.108391
vn 0.982805 0.175681 0.0568955
vn 0.982795 0.184722 -0.000186317
vn 0.982784 0.175681 -0.0572686
vn 0.982775 0.149444 -0.108763
vn 0.982766 0.108577 -0.14963
vn 0.982759 0.0570821 -0.175867
vn 0.965704 0 -0.259662
vn 0.965705 -0.0801838 -0.246962
vn 0.999999 0.00102723 0.00297225
vn 0.999997 0 0.00313547
vn 0.965713 -0.152518 -0.210107
vn 0.999995 0.00195421 0.00249979
vn 0.965724 -0.209924 -0.152701
vn 0.999999 0.00268956 0.00176406
vn 0.965735 -0.246779 -0.080367
vn 0.999999 0.00316184 0.000837443
vn 0.965752 -0.259479 -0.00018276
vn 0.999999 0.0033245 -0.000189479
vn 0.965765 -0.246779 0.08
vn 0.999995 0.00316089 -0.00121704
vn 0.965782 -0.209924 0.152335
vn 0.999999 0.00268902 -0.00214354
vn 0.965792 -0.152518 0.209741
vn 0.999998 0.0019537 -0.00287869
vn 0.965797 -0.0801836 0.246595
vn 0.999997 0.00102726 -0.00335182
vn 0.965799 2.8336e-007 0.259296
vn 0.999997 1.46841e-007 -0.00351437
vn 0.965797 0.0801835 0.246595
vn 0.999994 -0.00102708 -0.00335062
vn 0.965792 0.152518 0.209741
vn 0.999998 -0.00195371 -0.00287869
vn 0.965781 0.209924 0.152335
vn 0.999999 -0.00268904 -0.00214354
vn 0.965766 0.246779 0.0800001
vn 0.999999 -0.00316184 -0.00121724
vn 0.965752 0.25948 -0.000182985
vn 0.999997 -0.00332542 -0.00018931
vn 0.965736 0.24678 -0.0803665
vn 0.999997 -0.00316267 0.000838163
vn 0.965726 0.209924 -0.152701
vn 0.999997 -0.00268986 0.00176434
vn 0.965713 0.152518 -0.210107
vn 1 -0.0019537 0.00249937
vn 0.965705 0.0801835 -0.246962
vn 0.999999 -0.00102725 0.00297225
vn 0.96405 0.0821698 0.252709
vn 0.964052 0 0.265724
vn 0.964046 0.156296 0.214941
vn 0.964032 0.215124 0.156113
vn 0.964016 0.252892 0.0819869
vn 0.964001 0.265907 -0.000183532
vn 0.963986 0.252892 -0.0823523
vn 0.963972 0.215123 -0.156478
vn 0.963959 0.156295 -0.215306
vn 0.963954 0.0821697 -0.253075
vn 0.963951 0 -0.26609
vn 0.963955 -0.0821698 -0.253075
vn 0.963962 -0.156295 -0.215306
vn 0.96397 -0.215122 -0.156478
vn 0.963985 -0.252892 -0.082352
vn 0.964001 -0.265907 -0.000183532
vn 0.964018 -0.252892 0.0819869
vn 0.964031 -0.215123 0.156112
vn 0.96404 -0.156295 0.214939
vn 0.96405 -0.0821696 0.252709
vn 0.95132 0 0.308213
vn 0.999999 8.4298e-009 -0.000189585
vn 0.951317 0.0952991 0.293119
vn 0.95131 0.18127 0.249315
vn 0.951295 0.249496 0.181089
vn 0.951279 0.2933 0.0951182
vn 0.951261 0.308394 -0.000180574
vn 0.951243 0.2933 -0.0954798
vn 0.951226 0.249496 -0.181451
vn 0.951213 0.18127 -0.249676
vn 0.951206 0.0952991 -0.29348
vn 0.951203 -4.28919e-008 -0.308574
vn 0.951206 -0.0952991 -0.29348
vn 0.951213 -0.18127 -0.249676
vn 0.951226 -0.249496 -0.181451
vn 0.951243 -0.2933 -0.0954797
vn 0.951261 -0.308394 -0.000180574
vn 0.95128 -0.293301 0.0951185
vn 0.951295 -0.249496 0.181089
vn 0.95131 -0.18127 0.249315
vn 0.951316 -0.095299 0.293119
vn 0.751642 0 -0.659582
vn 0.751647 -0.203778 -0.627307
vn 0.751663 -0.387607 -0.533639
vn 0.751689 -0.533496 -0.38775
vn 0.751727 -0.627165 -0.20392
vn 0.751765 -0.65944 -0.000142847
vn 0.751804 -0.627165 0.203635
vn 0.751836 -0.533496 0.387463
vn 0.751865 -0.387607 0.533354
vn 0.751884 -0.203778 0.627022
vn 0.751891 7.11654e-008 0.659297
vn 0.751884 0.203778 0.627022
vn 0.751865 0.387607 0.533354
vn 0.751836 0.533496 0.387463
vn 0.751804 0.627164 0.203635
vn 0.751765 0.65944 -0.000142847
vn 0.751723 0.627162 -0.203919
vn 0.751693 0.533498 -0.387751
vn 0.751663 0.387607 -0.533639
vn 0.751647 0.203777 -0.627306
vn 0.519275 0 -0.854612
vn 0.519284 -0.264059 -0.812789
vn 0.519307 -0.502271 -0.691415
vn 0.519343 -0.691317 -0.502368
vn 0.519387 -0.812691 -0.264157
vn 0.519438 -0.854514 -9.88094e-005
vn 0.519488 -0.812691 0.263961
vn 0.519535 -0.691317 0.502172
vn 0.51957 -0.502271 0.691218
vn 0.519592 -0.264059 0.812591
vn 0.5196 0 0.854414
vn 0.519592 0.264059 0.812591
vn 0.51957 0.502271 0.691219
vn 0.519535 0.691317 0.502172
vn 0.519488 0.81269 0.263959
vn 0.519439 0.854514 -9.86775e-005
vn 0.519387 0.812691 -0.264157
vn 0.519343 0.691317 -0.502368
vn 0.519307 0.502271 -0.691415
vn 0.519284 0.264058 -0.812789
vn 0.711429 0 0.702766
vn 0.711421 0.217209 0.668362
vn 0.611253 0.244603 0.752695
vn 0.611256 0 0.791434
vn 0.711404 0.413154 0.568524
vn 0.611231 0.465262 0.640265
vn 0.711375 0.56866 0.413019
vn 0.611199 0.640381 0.465146
vn 0.711335 0.668498 0.217074
vn 0.611155 0.752811 0.244487
vn 0.711295 0.702902 -0.000134834
vn 0.611107 0.79155 -0.000116009
vn 0.711253 0.668498 -0.217344
vn 0.611063 0.75281 -0.244719
vn 0.711219 0.568661 -0.413289
vn 0.611023 0.640381 -0.465378
vn 0.711189 0.413154 -0.568795
vn 0.61099 0.465262 -0.640496
vn 0.711167 0.217208 -0.668633
vn 0.610966 0.244603 -0.752926
vn 0.711161 0 -0.703035
vn 0.610957 0 -0.791664
vn 0.711167 -0.217209 -0.668632
vn 0.610967 -0.244603 -0.752925
vn 0.711184 -0.413151 -0.568792
vn 0.610986 -0.465259 -0.640492
vn 0.711219 -0.56866 -0.413289
vn 0.611023 -0.640381 -0.465378
vn 0.711252 -0.668498 -0.217343
vn 0.611062 -0.752811 -0.244718
vn 0.711295 -0.702902 -0.000134834
vn 0.611108 -0.79155 -0.000116088
vn 0.711337 -0.668499 0.217074
vn 0.611154 -0.752809 0.244486
vn 0.711372 -0.568657 0.413017
vn 0.611198 -0.640379 0.465145
vn 0.711404 -0.413154 0.568524
vn 0.611233 -0.465262 0.640265
vn 0.71142 -0.217208 0.668362
vn 0.611252 -0.244602 0.752695
vn 0.499774 0.267686 0.823759
vn 0.499782 0 0.866155
vn 0.499751 0.50917 0.700718
vn 0.499714 0.700813 0.509074
vn 0.499667 0.823854 0.267591
vn 0.499618 0.866251 -9.46285e-005
vn 0.499566 0.823853 -0.267781
vn 0.499522 0.700814 -0.509264
vn 0.499486 0.50917 -0.700908
vn 0.499461 0.267686 -0.823948
vn 0.499453 0 -0.866346
vn 0.499462 -0.267686 -0.823948
vn 0.499487 -0.50917 -0.700909
vn 0.499522 -0.700813 -0.509264
vn 0.499565 -0.823854 -0.267779
vn 0.499618 -0.866251 -9.46285e-005
vn 0.499668 -0.823854 0.267591
vn 0.499715 -0.700814 0.509074
vn 0.499751 -0.509169 0.700718
vn 0.499773 -0.267685 0.823759
vn -0.963954 0 0.266091
vn -0.963956 0.08217 0.253076
vn -0.963963 0.156296 0.215307
vn -0.963975 0.215124 0.156479
vn -0.963989 0.252893 0.0823527
vn -0.964004 0.265908 0.000183421
vn -0.964019 0.252893 -0.081987
vn -0.964032 0.215124 -0.156113
vn -0.964046 0.156296 -0.214941
vn -0.964052 0.0821699 -0.25271
vn -0.964055 0 -0.265725
vn -0.964051 -0.08217 -0.25271
vn -0.964045 -0.156296 -0.214941
vn -0.964035 -0.215124 -0.156112
vn -0.96402 -0.252893 -0.0819866
vn -0.964005 -0.265908 0.000183369
vn -0.963989 -0.252893 0.0823527
vn -0.963975 -0.215124 0.156479
vn -0.963965 -0.156296 0.215307
vn -0.963958 -0.0821697 0.253076
vn -0.711162 0 0.703037
vn -0.610959 0 0.791667
vn -0.610967 0.244604 0.752928
vn -0.711167 0.217209 0.668633
vn -0.610989 0.465262 0.640496
vn -0.711189 0.413154 0.568795
vn -0.611021 0.640379 0.465377
vn -0.711214 0.568657 0.413287
vn -0.611062 0.752811 0.244719
vn -0.711254 0.6685 0.217343
vn -0.611109 0.791552 0.00011588
vn -0.711295 0.702902 0.000134834
vn -0.611156 0.752813 -0.244488
vn -0.711335 0.668498 -0.217074
vn -0.611199 0.640381 -0.465146
vn -0.711375 0.568661 -0.413019
vn -0.611231 0.465261 -0.640262
vn -0.7114 0.413152 -0.568521
vn -0.611252 0.244602 -0.752695
vn -0.711423 0.217208 -0.668365
vn -0.611258 0 -0.791435
vn -0.711429 0 -0.702766
vn -0.61125 -0.244603 -0.752695
vn -0.711422 -0.217209 -0.668364
vn -0.611231 -0.465261 -0.640263
vn -0.7114 -0.413152 -0.568521
vn -0.611198 -0.640378 -0.465145
vn -0.711372 -0.568656 -0.413017
vn -0.611155 -0.752811 -0.244486
vn -0.711337 -0.6685 -0.217073
vn -0.611109 -0.791552 0.00011588
vn -0.711295 -0.702902 0.000134834
vn -0.611062 -0.752811 0.244719
vn -0.711254 -0.6685 0.217344
vn -0.611021 -0.64038 0.465376
vn -0.711214 -0.568657 0.413287
vn -0.610988 -0.465261 0.640494
vn -0.711186 -0.413152 0.568791
vn -0.610966 -0.244602 0.752926
vn -0.711168 -0.217208 0.668634
vn -0.499451 0 0.866343
vn -0.49946 0.267685 0.823945
vn -0.499485 0.509168 0.700907
vn -0.499521 0.700813 0.509262
vn -0.499565 0.823851 0.26778
vn -0.499616 0.866249 9.47304e-005
vn -0.499666 0.823851 -0.26759
vn -0.499714 0.700814 -0.509072
vn -0.499751 0.509168 -0.700718
vn -0.499772 0.267685 -0.823756
vn -0.49978 0 -0.866152
vn -0.499772 -0.267685 -0.823756
vn -0.499752 -0.509168 -0.700719
vn -0.499714 -0.700813 -0.509072
vn -0.499666 -0.823851 -0.267589
vn -0.499616 -0.866249 9.48623e-005
vn -0.499565 -0.823852 0.26778
vn -0.499522 -0.700814 0.509262
vn -0.499486 -0.509168 0.700908
vn -0.49946 -0.267684 0.823945
vn -0.999999 0 0.000189585
vn -1.00001 0 0.000189699
vn 0.000187578 -0.156437 0.987688
vn 0.000180595 -0.309018 0.951061
vn 0.000153348 -0.587788 0.809024
vn 0.00011164 -0.809019 0.587784
vn 5.86095e-005 -0.951063 0.309019
vn 2.97017e-005 -0.987689 0.156437
vn -2.97017e-005 -0.987689 -0.156437
vn -5.87692e-005 -0.951062 -0.309018
vn -0.000111619 -0.809024 -0.587789
vn -0.000153351 -0.587784 -0.80902
vn -0.000180595 -0.309019 -0.951061
vn -0.000187578 -0.156437 -0.987688
vn 0.00011164 0.809018 0.587784
vn 0.000153236 0.587784 0.809018
vn 0.000180595 0.309019 0.951061
vn 0.000187578 0.156437 0.987688
vn 2.97017e-005 0.987689 0.156437
vn 5.86095e-005 0.951062 0.309019
vn -0.000187578 0.156437 -0.987688
vn -0.000180623 0.309019 -0.951062
vn -0.000180595 0.309019 -0.951061
vn -0.000153236 0.587784 -0.809018
vn -0.00011164 0.809019 -0.587784
vn -5.86095e-005 0.951062 -0.309019
vn -2.97017e-005 0.987688 -0.156437


vt 0.976117 0.0927464
vt 0.887251 0.0891536
vt 0.981071 0.0892536
vt 0.887245 0.0927306
vt 0.826072 0.0890687
vt 0.82608 0.0927466
vt 0.699438 0.0464537
vt 0.696649 0.0504715
vt 0.690103 0.0464961
vt 0.690105 0.0504718
vt 0.713912 0.0693637
vt 0.710254 0.0724808
vt 0.731551 0.0892249
vt 0.732816 0.0839961
vt 0.749901 0.0890336
vt 0.748314 0.0929288
vt 0.567574 0.0464961
vt 0.56763 0.0504715
vt 0.299576 0.0504702
vt 0.299783 0.0464961
vt 0.239414 0.0466204
vt 0.241778 0.050548
vt 0.227571 0.0700744
vt 0.224868 0.0654045
vt 0.202582 0.0843663
vt 0.20534 0.0907373
vt 0.172671 0.0943937
vt 0.17665 0.103754
vt 0.131975 0.0928427
vt 0.12456 0.101613
vt 0.100374 0.0852771
vt 0.0964363 0.0890239
vt 0.0798406 0.0632585
vt 0.0845967 0.0622697
vt 0.0794903 0.0609622
vt 0.0455054 0.0609658
vt 0.0455055 0.0632341
vt 0.0175052 0.0609661
vt 0.016882 0.0632631
vt 0.0108233 0.0632411
vt 0.0082072 0.0609681
vt 0.812715 0.0854989
vt 0.826074 0.08224
vt 0.299459 0.154907
vt 0.568431 0.162598
vt 0.305149 0.162512
vt 0.568801 0.154882
vt 0.690109 0.152923
vt 0.690123 0.162637
vt 0.725208 0.169837
vt 0.711972 0.164939
vt 0.749658 0.169225
vt 0.826092 0.151579
vt 0.826082 0.166906
vt 0.887274 0.148916
vt 0.887266 0.16293
vt 0.966416 0.144545
vt 0.966424 0.154083
vt 0.980998 0.140701
vt 0.982596 0.150485
vt 0.988343 0.135845
vt 0.987476 0.147114
vt 0.887209 0.123948
vt 0.887244 0.144336
vt 0.826069 0.12565
vt 0.826057 0.145893
vt 0.690126 0.148768
vt 0.690108 0.122764
vt 0.984398 0.121437
vt 0.984125 0.13308
vt 0.980467 0.137292
vt 0.966447 0.140425
vt 0.568648 0.122357
vt 0.569073 0.149767
vt 0.568239 0.0935444
vt 0.690108 0.0938539
vt 0.695967 0.0226394
vt 0.703489 0.0472153
vt 0.297223 0.147103
vt 0.297299 0.120001
vt 0.297909 0.0921235
vt 0.716029 0.0661248
vt 0.733946 0.0803504
vt 0.752239 0.0853571
vt 0.69145 0.0101241
vt 0.30663 0.0101243
vt 0.304599 0.0225236
vt 0.248059 0.0235803
vt 0.253252 0.0101242
vt 0.208183 0.157134
vt 0.208199 0.15153
vt 0.0758909 0.0410277
vt 0.0455092 0.0287696
vt 0.072219 0.0278921
vt 0.0455054 0.0410526
vt 0.0699064 0.0171908
vt 0.0455161 0.0196394
vt 0.208175 0.117657
vt 0.147393 0.143151
vt 0.147395 0.115382
vt 0.208175 0.144204
vt 0.147403 0.148786
vt 0.147402 0.153493
vt 0.0226932 0.0410333
vt 0.0254644 0.0289195
vt 0.0317203 0.0204133
vt 0.0974186 0.11164
vt 0.0974172 0.139885
vt 0.0455067 0.105588
vt 0.0454933 0.132655
vt 0.0974244 0.149203
vt 0.0974256 0.145632
vt 0.0454873 0.138734
vt 0.0454863 0.142117
vt 0.021108 0.128414
vt 0.0202979 0.103219
vt 0.019946 0.138599
vt 0.0203252 0.136133
vt 0.0113167 0.136069
vt 0.012015 0.133215
vt 0.0125881 0.125449
vt 0.0128941 0.105266
vt 0.0128713 0.113552
vt 0.0126983 0.0928895
vt 0.0123643 0.0839787
vt 0.0184653 0.0786448
vt 0.0119003 0.0773186
vt 0.00993547 0.0410639
vt 0.0133491 0.0297261
vt 0.0235845 0.0215315
vt 0.0455027 0.0821055
vt 0.887245 0.0728077
vt 0.979583 0.0727496
vt 0.839528 0.0713789
vt 0.887214 0.0329198
vt 0.972746 0.0411267
vt 0.867657 0.0322037
vt 0.680456 0.228906
vt 0.77663 0.169515
vt 0.692195 0.23856
vt 0.667095 0.218222
vt 0.645418 0.232832
vt 0.65477 0.24926
vt 0.690023 0.242909
vt 0.369155 0.246806
vt 0.291419 0.163381
vt 0.384899 0.245455
vt 0.372185 0.250773
vt 0.413306 0.25383
vt 0.419998 0.247413
vt 0.476998 0.247283
vt 0.478084 0.256075
vt 0.563764 0.254423
vt 0.568715 0.245639
vt 0.61367 0.243311
vt 0.616857 0.25189
vt 0.981015 0.663113
vt 0.887194 0.663213
vt 0.976061 0.659621
vt 0.887188 0.659636
vt 0.826014 0.663298
vt 0.826022 0.65962
vt 0.690044 0.705871
vt 0.696591 0.701896
vt 0.69938 0.705913
vt 0.690046 0.701895
vt 0.713854 0.683003
vt 0.710196 0.679886
vt 0.731493 0.663142
vt 0.732758 0.668371
vt 0.749843 0.663333
vt 0.748256 0.659438
vt 0.567515 0.705871
vt 0.567571 0.701896
vt 0.299515 0.701897
vt 0.299722 0.705871
vt 0.241715 0.701819
vt 0.239352 0.705747
vt 0.227509 0.682293
vt 0.224805 0.686963
vt 0.202519 0.668001
vt 0.205277 0.661629
vt 0.172608 0.657973
vt 0.176588 0.648612
vt 0.131913 0.659524
vt 0.124497 0.650754
vt 0.100311 0.66709
vt 0.0963729 0.663343
vt 0.0797772 0.689109
vt 0.0845335 0.690097
vt 0.0794271 0.691405
vt 0.0454418 0.691401
vt 0.0454418 0.689133
vt 0.0174415 0.691401
vt 0.0168183 0.689104
vt 0.00814342 0.691399
vt 0.0107592 0.689126
vt 0.826017 0.670127
vt 0.812658 0.666868
vt 0.305088 0.589854
vt 0.568371 0.589768
vt 0.299398 0.597459
vt 0.568741 0.597484
vt 0.690065 0.589729
vt 0.69005 0.599443
vt 0.7496 0.583142
vt 0.711913 0.587427
vt 0.725149 0.58253
vt 0.826025 0.58546
vt 0.826034 0.600787
vt 0.887209 0.589436
vt 0.887217 0.603451
vt 0.966359 0.607821
vt 0.966367 0.598283
vt 0.980941 0.611665
vt 0.98254 0.601881
vt 0.988286 0.616521
vt 0.987421 0.605252
vt 0.826012 0.626717
vt 0.887188 0.60803
vt 0.887152 0.628418
vt 0.825999 0.606473
vt 0.690068 0.603599
vt 0.69005 0.629603
vt 0.984068 0.619286
vt 0.984342 0.63093
vt 0.980411 0.615075
vt 0.966391 0.611941
vt 0.569014 0.6026
vt 0.568589 0.630009
vt 0.568179 0.658822
vt 0.69005 0.658513
vt 0.695908 0.729728
vt 0.70343 0.705152
vt 0.297161 0.605264
vt 0.297237 0.632366
vt 0.297848 0.660243
vt 0.715971 0.686242
vt 0.733888 0.672017
vt 0.752181 0.66701
vt 0.306568 0.742243
vt 0.691392 0.742244
vt 0.304537 0.729844
vt 0.247997 0.728787
vt 0.25319 0.742243
vt 0.208137 0.600837
vt 0.208121 0.595233
vt 0.0721558 0.724475
vt 0.0454457 0.723598
vt 0.0758272 0.71134
vt 0.0454418 0.711315
vt 0.0454525 0.732728
vt 0.069843 0.735177
vt 0.147332 0.636984
vt 0.14733 0.609216
vt 0.208113 0.634709
vt 0.208113 0.608163
vt 0.14734 0.60358
vt 0.147339 0.598873
vt 0.0226292 0.711334
vt 0.0254005 0.723448
vt 0.0316566 0.731954
vt 0.0973554 0.640727
vt 0.0973539 0.612482
vt 0.0454432 0.646778
vt 0.0454296 0.619712
vt 0.0973611 0.603163
vt 0.0973622 0.606734
vt 0.0454237 0.613632
vt 0.0454227 0.61025
vt 0.0202341 0.649148
vt 0.0210443 0.623952
vt 0.0202613 0.616234
vt 0.0198819 0.613768
vt 0.0119509 0.619152
vt 0.0112528 0.616298
vt 0.0125245 0.626917
vt 0.0128073 0.638815
vt 0.0128303 0.647101
vt 0.0126346 0.659477
vt 0.0184015 0.673722
vt 0.0123005 0.668388
vt 0.0118363 0.675048
vt 0.0132852 0.722641
vt 0.00987172 0.711303
vt 0.0235206 0.730836
vt 0.0454389 0.670261
vt 0.887188 0.679559
vt 0.979527 0.679617
vt 0.839471 0.680988
vt 0.97269 0.71124
vt 0.887157 0.719447
vt 0.867599 0.720164
vt 0.692137 0.513806
vt 0.776572 0.582851
vt 0.680398 0.52346
vt 0.667036 0.534144
vt 0.645359 0.519534
vt 0.654711 0.503105
vt 0.689964 0.509456
vt 0.384838 0.506911
vt 0.291357 0.588985
vt 0.369094 0.505559
vt 0.413245 0.498536
vt 0.372124 0.501593
vt 0.419938 0.504953
vt 0.476938 0.505082
vt 0.478024 0.496291
vt 0.563705 0.497942
vt 0.568655 0.506727
vt 0.613611 0.509054
vt 0.616798 0.500476
vt 0.825923 0.533789
vt 0.786012 0.521805
vt 0.825933 0.52184
vt 0.776476 0.52904
vt 0.749499 0.534968
vt 0.887115 0.521896
vt 0.887105 0.533114
vt 0.966239 0.521967
vt 0.966258 0.535919
vt 0.983456 0.521982
vt 0.982433 0.533794
vt 0.987313 0.533819
vt 0.988918 0.521987
vt 0.794081 0.508983
vt 0.800063 0.490645
vt 0.807013 0.444671
vt 0.826063 0.37672
vt 0.887262 0.376774
vt 0.968556 0.376848
vt 0.985773 0.376863
vt 0.991235 0.376868
vt 0.809574 0.376705
vt 0.654648 0.496231
vt 0.65604 0.485308
vt 0.689902 0.493307
vt 0.690027 0.485338
vt 0.478178 0.485148
vt 0.411086 0.485088
vt 0.478739 0.425682
vt 0.408642 0.425596
vt 0.407884 0.376344
vt 0.478812 0.376408
vt 0.372642 0.485053
vt 0.371392 0.425549
vt 0.370191 0.37631
vt 0.562998 0.485225
vt 0.561066 0.42578
vt 0.561977 0.376483
vt 0.625629 0.37654
vt 0.623835 0.425861
vt 0.618762 0.485275
vt 0.658473 0.425903
vt 0.660677 0.376571
vt 0.696155 0.376603
vt 0.693527 0.425946
vt 0.37207 0.495456
vt 0.413191 0.494236
vt 0.477968 0.493432
vt 0.563646 0.494206
vt 0.616736 0.495216
vt 0.284396 0.537544
vt 0.269279 0.513424
vt 0.291268 0.537549
vt 0.275429 0.511216
vt 0.304996 0.540035
vt 0.0188382 0.517936
vt 0.011176 0.533096
vt 0.0103199 0.517297
vt 0.0198026 0.535567
vt 0.0149101 0.507335
vt 0.00979623 0.508689
vt 0.26805 0.509574
vt 0.259966 0.461068
vt 0.275429 0.511216
vt 0.267959 0.460946
vt 0.266687 0.414313
vt 0.257961 0.414394
vt 0.266762 0.376218
vt 0.257815 0.37621
vt 0.269279 0.513424
vt 0.208039 0.508121
vt 0.207979 0.512144
vt 0.14726 0.511311
vt 0.147311 0.507386
vt 0.0972888 0.51004
vt 0.0972908 0.505851
vt 0.0238185 0.504705
vt 0.0149101 0.507335
vt 0.0148312 0.505198
vt 0.0453538 0.509026
vt 0.00979623 0.508689
vt 0.00958282 0.505109
vt 0.147338 0.460288
vt 0.20807 0.460794
vt 0.208039 0.508121
vt 0.147338 0.460288
vt 0.208039 0.508121
vt 0.147311 0.507386
vt 0.147373 0.413907
vt 0.208107 0.414193
vt 0.20807 0.460794
vt 0.147373 0.413907
vt 0.20807 0.460794
vt 0.147338 0.460288
vt 0.147406 0.376111
vt 0.208141 0.376165
vt 0.208107 0.414193
vt 0.147406 0.376111
vt 0.208107 0.414193
vt 0.147373 0.413907
vt 0.0148312 0.505198
vt 0.00958282 0.505109
vt 0.0106946 0.458597
vt 0.00729391 0.458573
vt 0.00581214 0.412888
vt 0.00939417 0.412905
vt 0.0221053 0.412964
vt 0.0227644 0.458658
vt 0.0238185 0.504705
vt 0.00526768 0.375983
vt 0.00892344 0.375986
vt 0.0218945 0.375997
vt 0.26805 0.509574
vt 0.208039 0.508121
vt 0.259966 0.461068
vt 0.20807 0.460794
vt 0.208107 0.414193
vt 0.257961 0.414394
vt 0.257815 0.37621
vt 0.208141 0.376165
vt 0.0972908 0.505851
vt 0.0973296 0.459249
vt 0.0973694 0.413355
vt 0.0974027 0.376065
vt 0.207979 0.512144
vt 0.269279 0.513424
vt 0.207979 0.523526
vt 0.284396 0.537544
vt 0.304996 0.540035
vt 0.208032 0.539515
vt 0.147253 0.539606
vt 0.147259 0.521843
vt 0.14726 0.511311
vt 0.0972877 0.520441
vt 0.0972768 0.538459
vt 0.0453413 0.537159
vt 0.0453553 0.518609
vt 0.0453538 0.509026
vt 0.0972888 0.51004
vt 0.0198026 0.535567
vt 0.0188382 0.517936
vt 0.0149101 0.507335
vt 0.826194 0.2316
vt 0.786273 0.231563
vt 0.826205 0.21965
vt 0.77675 0.224312
vt 0.749784 0.218335
vt 0.887377 0.231655
vt 0.887386 0.220437
vt 0.966544 0.217773
vt 0.966501 0.231726
vt 0.982715 0.219927
vt 0.983717 0.231742
vt 0.989179 0.231746
vt 0.987595 0.219911
vt 0.794319 0.2444
vt 0.800267 0.262748
vt 0.807136 0.308735
vt 0.826063 0.37672
vt 0.968556 0.376848
vt 0.887262 0.376774
vt 0.985773 0.376863
vt 0.991235 0.376868
vt 0.809574 0.376705
vt 0.690112 0.259889
vt 0.656235 0.267827
vt 0.654863 0.256902
vt 0.690222 0.267857
vt 0.478828 0.327134
vt 0.411282 0.267607
vt 0.478374 0.267667
vt 0.408731 0.327094
vt 0.407884 0.376344
vt 0.478812 0.376408
vt 0.372837 0.267572
vt 0.37148 0.327073
vt 0.370191 0.37631
vt 0.563194 0.267743
vt 0.561154 0.327184
vt 0.561977 0.376483
vt 0.625629 0.37654
vt 0.623924 0.327216
vt 0.618958 0.267793
vt 0.658562 0.327236
vt 0.660677 0.376571
vt 0.696155 0.376603
vt 0.693617 0.327254
vt 0.413403 0.258463
vt 0.372284 0.257169
vt 0.478179 0.259383
vt 0.563857 0.258763
vt 0.61695 0.257849
vt 0.291558 0.21493
vt 0.269525 0.239016
vt 0.284687 0.214924
vt 0.275671 0.241234
vt 0.30529 0.21247
vt 0.0105741 0.234676
vt 0.0114587 0.21888
vt 0.0190935 0.234053
vt 0.0200895 0.216425
vt 0.015146 0.244648
vt 0.0100342 0.243285
vt 0.260119 0.291355
vt 0.26829 0.242864
vt 0.268112 0.291492
vt 0.266762 0.376218
vt 0.258029 0.338025
vt 0.266756 0.338121
vt 0.257815 0.37621
vt 0.208223 0.240186
vt 0.208276 0.244209
vt 0.147547 0.244834
vt 0.147503 0.24091
vt 0.0975293 0.242091
vt 0.0975241 0.24628
vt 0.0150636 0.246785
vt 0.0240498 0.247295
vt 0.0455928 0.243011
vt 0.00981474 0.246865
vt 0.208222 0.291535
vt 0.14749 0.291933
vt 0.208176 0.338137
vt 0.147442 0.338313
vt 0.208141 0.376165
vt 0.147406 0.376111
vt 0.0108431 0.293378
vt 0.00744227 0.293395
vt 0.005878 0.339079
vt 0.00946048 0.339068
vt 0.022172 0.339031
vt 0.0229126 0.293338
vt 0.00526768 0.375983
vt 0.00892344 0.375986
vt 0.0218945 0.375997
vt 0.0974791 0.292881
vt 0.0974362 0.338776
vt 0.0974027 0.376065
vt 0.208244 0.228803
vt 0.208325 0.212814
vt 0.147546 0.212614
vt 0.147521 0.230378
vt 0.0975474 0.231689
vt 0.0975689 0.213672
vt 0.0456311 0.214878
vt 0.0456119 0.233428
vt 0.0156277 0.794673
vt 0.0278514 0.792369
vt 0.0286167 0.794652
vt 0.0127503 0.792365
vt 0.192347 0.792388
vt 0.192347 0.794724
vt 0.165106 0.792385
vt 0.16095 0.794711
vt 0.111519 0.792378
vt 0.119114 0.79469
vt 0.055859 0.794645
vt 0.0580267 0.792371
vt 0.0396545 0.79466
vt 0.0590418 0.853691
vt 0.0596794 0.847112
vt 0.0626383 0.851938
vt 0.0222971 0.864937
vt 0.01227 0.857136
vt 0.0194868 0.860176
vt 0.00730307 0.845185
vt 0.0100008 0.847105
vt 0.00689758 0.836861
vt 0.0103279 0.824431
vt 0.010003 0.830951
vt 0.155269 0.851998
vt 0.19234 0.843201
vt 0.192339 0.852013
vt 0.156212 0.843196
vt 0.110988 0.84319
vt 0.10938 0.85197
vt 0.0809301 0.843186
vt 0.05019 0.86018
vt 0.0503924 0.862755
vt 0.0348379 0.86517
vt 0.0345242 0.867805
vt 0.0699821 0.839625
vt 0.0632162 0.830303
vt 0.0596815 0.830957
vt 0.063218 0.818782
vt 0.0501956 0.817887
vt 0.0194923 0.817883
vt 0.024731 0.808792
vt 0.0348447 0.812892
vt 0.0377813 0.802445
vt 0.0164837 0.815481
vt 0.0137573 0.810123
vt 0.0164837 0.815481
vt 0.0103279 0.824431
vt 0.024731 0.808792
vt 0.0170286 0.772344
vt 0.0357663 0.760989
vt 0.0312669 0.772377
vt 0.0210325 0.760177
vt 0.0278514 0.792369
vt 0.0127503 0.792365
vt 0.041319 0.752758
vt 0.0311992 0.751634
vt 0.0580267 0.792371
vt 0.0580295 0.772331
vt 0.0580309 0.761369
vt 0.058032 0.753504
vt 0.111519 0.792378
vt 0.112832 0.772346
vt 0.112795 0.761998
vt 0.112634 0.753801
vt 0.165106 0.792385
vt 0.19235 0.772452
vt 0.192347 0.792388
vt 0.192351 0.762565
vt 0.192352 0.75362
vt 0.0286167 0.794652
vt 0.0156277 0.794673
vt 0.0396545 0.79466
vt 0.0377813 0.802445
vt 0.192347 0.794724
vt 0.192345 0.805917
vt 0.16095 0.794711
vt 0.159802 0.805913
vt 0.117059 0.805907
vt 0.119114 0.79469
vt 0.0396545 0.79466
vt 0.055859 0.794645
vt 0.0699859 0.809462
vt 0.080935 0.805903
vt 0.0802697 0.839719
vt 0.0802737 0.809068
vt 0.110601 0.839723
vt 0.116727 0.809072
vt 0.159859 0.809078
vt 0.156237 0.839729
vt 0.192341 0.839734
vt 0.192345 0.809082
vt 0.0663559 0.829128
vt 0.0663568 0.819656
vt 0.07167 0.836791
vt 0.0716733 0.811994
vt 0.356075 0.794695
vt 0.356841 0.792412
vt 0.369064 0.794719
vt 0.371942 0.792412
vt 0.219588 0.792392
vt 0.192347 0.794724
vt 0.192347 0.792388
vt 0.223743 0.79472
vt 0.273175 0.792399
vt 0.265579 0.794709
vt 0.328833 0.79468
vt 0.326666 0.792406
vt 0.345038 0.794701
vt 0.32204 0.851972
vt 0.324999 0.847146
vt 0.325635 0.853726
vt 0.365187 0.860221
vt 0.372405 0.857183
vt 0.362376 0.864982
vt 0.374677 0.847153
vt 0.377375 0.845233
vt 0.377783 0.83691
vt 0.374679 0.830998
vt 0.374356 0.824478
vt 0.192339 0.852013
vt 0.19234 0.843201
vt 0.229409 0.852008
vt 0.228468 0.843206
vt 0.273693 0.843212
vt 0.275299 0.851992
vt 0.303751 0.843215
vt 0.349836 0.865211
vt 0.334282 0.862791
vt 0.334485 0.860217
vt 0.350149 0.867846
vt 0.314699 0.839657
vt 0.321467 0.830336
vt 0.325002 0.830992
vt 0.321469 0.818815
vt 0.334491 0.817924
vt 0.349843 0.812934
vt 0.359957 0.808836
vt 0.365193 0.817928
vt 0.346909 0.802486
vt 0.368202 0.815527
vt 0.374356 0.824478
vt 0.368202 0.815527
vt 0.37093 0.810169
vt 0.359957 0.808836
vt 0.35343 0.772419
vt 0.348934 0.76103
vt 0.367668 0.77239
vt 0.363668 0.760221
vt 0.371942 0.792412
vt 0.356841 0.792412
vt 0.353504 0.751676
vt 0.343385 0.752798
vt 0.326666 0.792406
vt 0.326669 0.772366
vt 0.32667 0.761404
vt 0.326671 0.753539
vt 0.273175 0.792399
vt 0.271867 0.772367
vt 0.271907 0.762019
vt 0.27207 0.753822
vt 0.219588 0.792392
vt 0.19235 0.772452
vt 0.192347 0.792388
vt 0.192351 0.762565
vt 0.192352 0.75362
vt 0.356075 0.794695
vt 0.369064 0.794719
vt 0.346909 0.802486
vt 0.345038 0.794701
vt 0.223743 0.79472
vt 0.192345 0.805917
vt 0.192347 0.794724
vt 0.224889 0.805921
vt 0.267631 0.805927
vt 0.265579 0.794709
vt 0.328833 0.79468
vt 0.314703 0.809493
vt 0.303756 0.805932
vt 0.27408 0.839745
vt 0.304416 0.809097
vt 0.304412 0.839749
vt 0.267962 0.809092
vt 0.224831 0.809087
vt 0.228444 0.839739
vt 0.192341 0.839734
vt 0.192345 0.809082
vt 0.313012 0.836823
vt 0.318329 0.819689
vt 0.318328 0.829161
vt 0.313015 0.812025
vt 0.412999 0.859932
vt 0.412875 0.848667
vt 0.397823 0.848657
vt 0.412999 0.859932
vt 0.424838 0.848644
vt 0.412875 0.848667
vt 0.42484 0.862532
vt 0.570042 0.862528
vt 0.570041 0.84864
vt 0.57004 0.785522
vt 0.570038 0.753882
vt 0.424845 0.785527
vt 0.424846 0.753887
vt 0.397871 0.753888
vt 0.397869 0.785528
vt 0.382009 0.785529
vt 0.384904 0.753888
vt 0.570041 0.833501
vt 0.424205 0.833505
vt 0.412192 0.833506
vt 0.397823 0.848657
vt 0.394515 0.833506
vt 0.385917 0.845891
vt 0.383984 0.834241
vt 0.389559 0.832102
vt 0.38593 0.828264
vt 0.384359 0.823023
vt 0.383409 0.805536
vt 0.383384 0.802033
vt 0.379292 0.802041
vt 0.384115 0.80048
vt 0.38593 0.797141
vt 0.389557 0.793304
vt 0.396983 0.791899
vt 0.424204 0.791898
vt 0.57004 0.791893
vt 0.570041 0.828342
vt 0.57004 0.797064
vt 0.424861 0.828346
vt 0.424859 0.797069
vt 0.74226 0.848646
vt 0.727207 0.848657
vt 0.727084 0.859922
vt 0.727207 0.848657
vt 0.715244 0.848635
vt 0.727084 0.859922
vt 0.715243 0.862523
vt 0.570041 0.84864
vt 0.570042 0.862528
vt 0.715233 0.785518
vt 0.570038 0.753882
vt 0.57004 0.785522
vt 0.715229 0.753878
vt 0.742206 0.753877
vt 0.742209 0.785517
vt 0.75807 0.785517
vt 0.755173 0.753876
vt 0.570041 0.833501
vt 0.715876 0.833496
vt 0.727888 0.833495
vt 0.74226 0.848646
vt 0.745566 0.833495
vt 0.754165 0.845879
vt 0.756099 0.83423
vt 0.750523 0.83209
vt 0.754152 0.828253
vt 0.755722 0.823011
vt 0.756671 0.805524
vt 0.760789 0.802029
vt 0.756696 0.802021
vt 0.755966 0.800469
vt 0.754151 0.797129
vt 0.750522 0.793292
vt 0.743097 0.791888
vt 0.715875 0.791889
vt 0.57004 0.791893
vt 0.71522 0.828337
vt 0.57004 0.797064
vt 0.570041 0.828342
vt 0.715219 0.79706
vt 0.0288679 0.906381
vt 0.0375433 0.906133
vt 0.037654 0.905432
vt 0.0290569 0.90568
vt 0.0290569 0.90568
vt 0.0393892 0.905432
vt 0.0392943 0.906133
vt 0.0288679 0.906381
vt 0.050596 0.905913
vt 0.050589 0.905212
vt 0.0516143 0.905212
vt 0.0516308 0.905913
vt 0.0609223 0.905666
vt 0.0609223 0.904965
vt 0.0609223 0.904965
vt 0.0609223 0.905666
vt 0.0264081 0.906439
vt 0.0259255 0.905755
vt 0.0239902 0.905802
vt 0.0248879 0.906476
vt 0.0248879 0.906476
vt 0.0239902 0.905802
vt 0.0259255 0.905755
vt 0.0264081 0.906439
vt 0.0159852 0.906708
vt 0.0202656 0.905912
vt 0.0195979 0.906634
vt 0.0158748 0.906007
vt 0.011484 0.906102
vt 0.0123724 0.906782
vt 0.0101396 0.906827
vt 0.00877029 0.90616
vt 0.00877029 0.90616
vt 0.0101396 0.906827
vt 0.0123724 0.906782
vt 0.011484 0.906102
vt 0.0158748 0.906007
vt 0.0159852 0.906708
vt 0.0195979 0.906634
vt 0.0202656 0.905912
vt 0.0229792 0.905854
vt 0.0218307 0.906588
vt 0.0218307 0.906588
vt 0.0229792 0.905854
vt 0.00879944 0.909699
vt 0.00625738 0.909686
vt 0.00857136 0.911449
vt 0.00857136 0.914373
vt 0.00857136 0.915489
vt 0.0093611 0.90687
vt 0.00681903 0.905322
vt 0.0136136 0.905287
vt 0.0125159 0.903212
vt 0.0376388 0.904291
vt 0.0375933 0.902216
vt 0.0609223 0.904029
vt 0.0609223 0.901954
vt 0.00857136 0.911447
vt 0.00625738 0.909686
vt 0.00879944 0.909699
vt 0.00857136 0.914372
vt 0.00857136 0.915489
vt 0.00681903 0.905322
vt 0.0093611 0.906869
vt 0.0125159 0.903212
vt 0.0136136 0.905287
vt 0.0375933 0.902216
vt 0.0376388 0.904291
vt 0.0609223 0.901954
vt 0.0609223 0.904029
vt 0.0144344 0.984266
vt 0.0152019 0.983582
vt 0.0163749 0.985491
vt 0.0156075 0.986539
vt 0.0138905 0.980514
vt 0.014658 0.979901
vt 0.0156075 0.986539
vt 0.0163749 0.985491
vt 0.021462 0.976022
vt 0.0206946 0.97656
vt 0.0229997 0.97237
vt 0.0222323 0.972838
vt 0.023753 0.928103
vt 0.0245204 0.92848
vt 0.014635 0.915366
vt 0.0138676 0.914409
vt 0.0240577 0.93413
vt 0.0248251 0.934393
vt 0.0240251 0.943918
vt 0.0247925 0.943996
vt 0.0242105 0.967021
vt 0.0234431 0.967386
vt 0.0145781 0.912051
vt 0.015206 0.912096
vt 0.0255545 0.924995
vt 0.0250688 0.925399
vt 0.0271561 0.925515
vt 0.0266924 0.92592
vt 0.0296811 0.926016
vt 0.0301043 0.925612
vt 0.0469678 0.925388
vt 0.0467762 0.925792
vt 0.0609223 0.925174
vt 0.0609223 0.925579
vt 0.0266924 0.92592
vt 0.0271561 0.925515
vt 0.0221393 0.909327
vt 0.0226647 0.909372
vt 0.015206 0.912096
vt 0.0145781 0.912051
vt 0.0365802 0.908037
vt 0.03691 0.908082
vt 0.0226647 0.909372
vt 0.0221393 0.909327
vt 0.0609223 0.907818
vt 0.0609223 0.907863
vt 0.0501256 0.907856
vt 0.0499773 0.907811
vt 0.0253883 0.973049
vt 0.0258914 0.973433
vt 0.0177679 0.987394
vt 0.0171481 0.987547
vt 0.0273919 0.972676
vt 0.0278667 0.97306
vt 0.0171481 0.987547
vt 0.0177679 0.987394
vt 0.0198195 0.98903
vt 0.0192292 0.989184
vt 0.0234529 0.990414
vt 0.0229147 0.990568
vt 0.0286484 0.991438
vt 0.0281848 0.991592
vt 0.0416718 0.992625
vt 0.0413952 0.992778
vt 0.0609223 0.993054
vt 0.0609223 0.993207
vt 0.0296811 0.972696
vt 0.0301235 0.97308
vt 0.0278667 0.97306
vt 0.0273919 0.972676
vt 0.0609223 0.973731
vt 0.0609223 0.974115
vt 0.0469459 0.973672
vt 0.0467452 0.973288
vt 0.0237679 0.959666
vt 0.0138846 0.959618
vt 0.0146483 0.959439
vt 0.0245376 0.959487
vt 0.02452 0.959846
vt 0.0146483 0.959798
vt 0.00880226 0.994856
vt 0.00941771 0.994533
vt 0.00914085 0.994533
vt 0.00843231 0.994819
vt 0.00962307 0.994938
vt 0.00998425 0.994533
vt 0.0107443 0.99505
vt 0.0107581 0.994533
vt 0.0157922 0.995391
vt 0.015806 0.994533
vt 0.0192793 0.995553
vt 0.0192357 0.994533
vt 0.0609223 0.995925
vt 0.0609223 0.994535
vt 0.00886268 0.994533
vt 0.00815419 0.994768
vt 0.00880226 0.994786
vt 0.00836275 0.994766
vt 0.00907126 0.994533
vt 0.00962307 0.994868
vt 0.0114493 0.99498
vt 0.011463 0.994533
vt 0.0192793 0.995483
vt 0.0609223 0.994533
vt 0.0609223 0.995855
vt 0.00790124 0.994557
vt 0.00760583 0.992314
vt 0.00805704 0.992575
vt 0.00834993 0.994602
vt 0.00909884 0.992952
vt 0.00938596 0.994705
vt 0.010522 0.993213
vt 0.0108012 0.994846
vt 0.015598 0.994139
vt 0.0158491 0.995187
vt 0.0190473 0.994475
vt 0.0192793 0.995346
vt 0.0609223 0.994935
vt 0.0609223 0.995719
vt 0.0076231 0.994506
vt 0.00732614 0.991441
vt 0.00834993 0.994532
vt 0.00805704 0.992789
vt 0.00753584 0.992646
vt 0.00783167 0.994503
vt 0.00938596 0.994635
vt 0.00909884 0.992925
vt 0.0115062 0.994776
vt 0.0112309 0.994157
vt 0.0609223 0.995649
vt 0.0609223 0.994836
vt 0.0190473 0.994312
vt 0.0192793 0.995276
vt 0.00732614 0.99258
vt 0.00537853 0.980093
vt 0.00283648 0.982148
vt 0.00537853 0.982153
vt 0.00537853 0.975677
vt 0.00537853 0.976897
vt 0.00349498 0.994149
vt 0.00581754 0.992261
vt 0.0109459 0.996341
vt 0.0114027 0.993876
vt 0.0609223 0.997607
vt 0.0609223 0.995143
vt 0.00537853 0.980095
vt 0.00537853 0.976899
vt 0.00581754 0.992262
vt 0.0929768 0.906381
vt 0.0927878 0.90568
vt 0.0841907 0.905432
vt 0.0843014 0.906133
vt 0.0825504 0.906133
vt 0.0824555 0.905432
vt 0.0712557 0.905212
vt 0.0712486 0.905913
vt 0.0702139 0.905913
vt 0.0702304 0.905212
vt 0.0609223 0.904965
vt 0.0609223 0.905666
vt 0.0954365 0.906439
vt 0.0959191 0.905755
vt 0.0978545 0.905802
vt 0.0969567 0.906476
vt 0.102247 0.906634
vt 0.101579 0.905912
vt 0.105859 0.906708
vt 0.10597 0.906007
vt 0.110361 0.906102
vt 0.109472 0.906782
vt 0.111705 0.906827
vt 0.113074 0.90616
vt 0.0988654 0.905854
vt 0.100014 0.906588
vt 0.113273 0.911449
vt 0.115587 0.909686
vt 0.113045 0.909699
vt 0.113273 0.915489
vt 0.113273 0.914373
vt 0.115026 0.905322
vt 0.112484 0.90687
vt 0.109329 0.903212
vt 0.108231 0.905287
vt 0.0842514 0.902216
vt 0.0842058 0.904291
vt 0.0609223 0.901954
vt 0.0609223 0.904029
vt 0.113273 0.911447
vt 0.113273 0.914372
vt 0.112484 0.906869
vt 0.10741 0.984266
vt 0.106237 0.986539
vt 0.10547 0.985491
vt 0.106643 0.983582
vt 0.107954 0.980514
vt 0.107187 0.979901
vt 0.10115 0.97656
vt 0.100383 0.976022
vt 0.0996124 0.972838
vt 0.098845 0.97237
vt 0.0980916 0.928103
vt 0.107977 0.914409
vt 0.10721 0.915366
vt 0.0973242 0.92848
vt 0.097787 0.93413
vt 0.0970196 0.934393
vt 0.0978195 0.943918
vt 0.0970521 0.943996
vt 0.0984014 0.967386
vt 0.0976341 0.967021
vt 0.107267 0.912051
vt 0.0967758 0.925399
vt 0.0962902 0.924995
vt 0.106639 0.912096
vt 0.0951523 0.92592
vt 0.0946885 0.925515
vt 0.0921635 0.926016
vt 0.0750685 0.925792
vt 0.0748768 0.925388
vt 0.0917403 0.925612
vt 0.0609223 0.925579
vt 0.0609223 0.925174
vt 0.0997054 0.909327
vt 0.0991799 0.909372
vt 0.0852645 0.908037
vt 0.0849346 0.908082
vt 0.0609223 0.907818
vt 0.0718674 0.907811
vt 0.0717191 0.907856
vt 0.0609223 0.907863
vt 0.0964564 0.973049
vt 0.104697 0.987547
vt 0.104077 0.987394
vt 0.0959532 0.973433
vt 0.0944527 0.972676
vt 0.093978 0.97306
vt 0.102616 0.989184
vt 0.102025 0.98903
vt 0.0989299 0.990568
vt 0.0983918 0.990414
vt 0.0936598 0.991592
vt 0.0931963 0.991438
vt 0.0804494 0.992778
vt 0.0801729 0.992625
vt 0.0609223 0.993207
vt 0.0609223 0.993054
vt 0.0921635 0.972696
vt 0.0917212 0.97308
vt 0.0609223 0.973731
vt 0.0750995 0.973288
vt 0.0748988 0.973672
vt 0.0609223 0.974115
vt 0.0980768 0.959666
vt 0.0973071 0.959487
vt 0.107196 0.959439
vt 0.10796 0.959618
vt 0.107196 0.959798
vt 0.0973246 0.959846
vt 0.113042 0.994856
vt 0.113412 0.994819
vt 0.112704 0.994533
vt 0.112427 0.994533
vt 0.112222 0.994938
vt 0.11186 0.994533
vt 0.1111 0.99505
vt 0.111087 0.994533
vt 0.106039 0.994533
vt 0.106052 0.995391
vt 0.102609 0.994533
vt 0.102565 0.995553
vt 0.11369 0.994768
vt 0.112982 0.994533
vt 0.113042 0.994786
vt 0.112773 0.994533
vt 0.113482 0.994766
vt 0.112222 0.994868
vt 0.110395 0.99498
vt 0.110382 0.994533
vt 0.102565 0.995483
vt 0.113943 0.994557
vt 0.113495 0.994602
vt 0.113788 0.992575
vt 0.114239 0.992314
vt 0.112459 0.994705
vt 0.112746 0.992952
vt 0.111043 0.994846
vt 0.111323 0.993213
vt 0.105996 0.995187
vt 0.106247 0.994139
vt 0.102565 0.995346
vt 0.102797 0.994475
vt 0.114222 0.994506
vt 0.114519 0.991441
vt 0.113495 0.994532
vt 0.114013 0.994503
vt 0.114309 0.992646
vt 0.113788 0.992789
vt 0.112459 0.994635
vt 0.112746 0.992925
vt 0.110338 0.994776
vt 0.110614 0.994157
vt 0.102565 0.995276
vt 0.102797 0.994312
vt 0.114519 0.99258
vt 0.116466 0.982153
vt 0.119008 0.982148
vt 0.116466 0.980093
vt 0.116466 0.976897
vt 0.116466 0.975677
vt 0.116027 0.992261
vt 0.11835 0.994149
vt 0.110442 0.993876
vt 0.110899 0.996341
vt 0.116466 0.980095
vt 0.116466 0.976899
vt 0.116027 0.992262
vt 0.139941 0.949731
vt 0.153924 0.949731
vt 0.153924 0.966974
vt 0.139047 0.966974
vt 0.153924 0.98438
vt 0.138247 0.98438
vt 0.153923 0.993584
vt 0.137935 0.993584
vt 0.153924 0.992161
vt 0.138193 0.992161
vt 0.153924 0.985216
vt 0.139359 0.985216
vt 0.153924 0.964096
vt 0.140601 0.964096
vt 0.138382 0.982428
vt 0.153924 0.982428
vt 0.153924 0.985419
vt 0.138223 0.985419
vt 0.139406 0.950277
vt 0.153924 0.950277
vt 0.153924 0.927717
vt 0.140554 0.927717
vt 0.138639 0.967635
vt 0.153924 0.967635
vt 0.138093 0.980693
vt 0.153924 0.980693
vt 0.137929 0.985289
vt 0.153923 0.985289
vt 0.138223 0.985419
vt 0.153924 0.985419
vt 0.153924 0.916229
vt 0.141807 0.916229
vt 0.141008 0.928581
vt 0.153924 0.928581
vt 0.153924 0.949731
vt 0.139941 0.949731
vt 0.141935 0.916229
vt 0.153924 0.916229
vt 0.141546 0.944597
vt 0.153924 0.944597
vt 0.153925 0.932539
vt 0.142433 0.932539
vt 0.140601 0.964096
vt 0.153924 0.964096
vt 0.153925 0.922716
vt 0.144545 0.922716
vt 0.138814 0.972458
vt 0.153924 0.972458
vt 0.153924 0.982428
vt 0.138382 0.982428
vt 0.140525 0.936497
vt 0.153924 0.936497
vt 0.153924 0.927717
vt 0.153924 0.936497
vt 0.153924 0.916229
vt 0.153924 0.972458
vt 0.153924 0.950277
vt 0.153924 0.967635
vt 0.153924 0.980693
vt 0.153924 0.982428
vt 0.153924 0.985419
vt 0.153923 0.985289
vt 0.153924 0.916229
vt 0.153925 0.922716
vt 0.153924 0.928581
vt 0.153925 0.932539
vt 0.153924 0.944597
vt 0.153924 0.949731
vt 0.153924 0.966974
vt 0.153924 0.964096
vt 0.153924 0.985216
vt 0.153924 0.98438
vt 0.153923 0.993584
vt 0.153924 0.992161
vt 0.157814 0.992812
vt 0.185964 0.994857
vt 0.185964 0.994857
vt 0.157814 0.992812
vt 0.138994 0.904407
vt 0.138994 0.904407
vt 0.185964 0.904407
vt 0.185964 0.904407
vt 0.185964 0.904407
vt 0.138994 0.904407
vt 0.157814 0.99159
vt 0.185964 0.993634
vt 0.157814 0.988534
vt 0.185964 0.990579
vt 0.142011 0.916246
vt 0.139818 0.916172
vt 0.145897 0.916072
vt 0.151452 0.915927
vt 0.185964 0.91557
vt 0.165379 0.915718
vt 0.138328 0.916399
vt 0.137073 0.91209
vt 0.136492 0.910065
vt 0.146707 0.981047
vt 0.145412 0.971826
vt 0.148504 0.977444
vt 0.143768 0.958971
vt 0.150616 0.981265
vt 0.15303 0.983113
vt 0.171018 0.987914
vt 0.185964 0.988561
vt 0.136482 0.910029
vt 0.147038 0.982987
vt 0.136482 0.910029
vt 0.147057 0.983081
vt 0.147329 0.984541
vt 0.147364 0.984655
vt 0.171042 0.994545
vt 0.185964 0.994949
vt 0.153009 0.990703
vt 0.147038 0.982933
vt 0.148144 0.984462
vt 0.136467 0.909955
vt 0.137078 0.910278
vt 0.149857 0.987989
vt 0.145054 0.909995
vt 0.160287 0.909779
vt 0.174418 0.909688
vt 0.185964 0.909669
vt 0.232073 0.949731
vt 0.232968 0.966974
vt 0.218091 0.966974
vt 0.218091 0.949731
vt 0.233768 0.98438
vt 0.218091 0.98438
vt 0.23408 0.993584
vt 0.218091 0.993584
vt 0.233821 0.992161
vt 0.218091 0.992161
vt 0.232656 0.985216
vt 0.218091 0.985216
vt 0.231413 0.964096
vt 0.21809 0.964096
vt 0.233633 0.982428
vt 0.233792 0.985419
vt 0.218091 0.985419
vt 0.218091 0.982428
vt 0.232608 0.950277
vt 0.231461 0.927717
vt 0.21809 0.927717
vt 0.218091 0.950277
vt 0.233376 0.967635
vt 0.218091 0.967635
vt 0.233921 0.980693
vt 0.218091 0.980693
vt 0.234085 0.985289
vt 0.218091 0.985289
vt 0.230207 0.916229
vt 0.21809 0.916229
vt 0.231007 0.928581
vt 0.21809 0.928581
vt 0.23008 0.916229
vt 0.230469 0.944597
vt 0.229582 0.932539
vt 0.21809 0.932539
vt 0.21809 0.944597
vt 0.22747 0.922716
vt 0.218089 0.922716
vt 0.2332 0.972458
vt 0.218091 0.972458
vt 0.23149 0.936497
vt 0.21809 0.936497
vt 0.214113 0.992812
vt 0.185964 0.994857
vt 0.232933 0.904407
vt 0.185964 0.904407
vt 0.185964 0.993634
vt 0.214113 0.99159
vt 0.185964 0.990579
vt 0.214113 0.988534
vt 0.23211 0.916172
vt 0.229916 0.916246
vt 0.226031 0.916072
vt 0.220475 0.915927
vt 0.206549 0.915718
vt 0.185964 0.91557
vt 0.233599 0.916399
vt 0.234854 0.91209
vt 0.235435 0.910065
vt 0.223423 0.977444
vt 0.226515 0.971826
vt 0.225221 0.981047
vt 0.22816 0.958971
vt 0.221311 0.981265
vt 0.218898 0.983113
vt 0.200909 0.987914
vt 0.185964 0.988561
vt 0.235446 0.910029
vt 0.22489 0.982987
vt 0.224871 0.983081
vt 0.224598 0.984541
vt 0.224564 0.984655
vt 0.200886 0.994545
vt 0.218918 0.990703
vt 0.23546 0.909955
vt 0.223784 0.984462
vt 0.224889 0.982933
vt 0.23485 0.910278
vt 0.222071 0.987989
vt 0.226874 0.909995
vt 0.211641 0.909779
vt 0.197509 0.909688
vt 0.964278 0.981166
vt 0.964294 0.947317
vt 0.918251 0.947296
vt 0.918235 0.981144
vt 0.803732 0.981091
vt 0.803747 0.947243
vt 0.755839 0.94722
vt 0.755823 0.981068
vt 0.964272 0.995303
vt 0.969382 0.995335
vt 0.991732 0.99568
vt 0.993472 0.992294
vt 0.994867 0.98525
vt 0.995649 0.947331
vt 0.817674 0.99392
vt 0.918229 0.993928
vt 0.803726 0.993741
vt 0.749445 0.99041
vt 0.755818 0.990965
vt 0.745841 0.989138
vt 0.743716 0.986505
vt 0.742195 0.982156
vt 0.741164 0.967952
vt 0.740783 0.947213
vt 0.96431 0.913468
vt 0.918266 0.913447
vt 0.918251 0.947296
vt 0.964294 0.947317
vt 0.803763 0.913394
vt 0.755854 0.913372
vt 0.755839 0.94722
vt 0.803747 0.947243
vt 0.969427 0.899304
vt 0.964316 0.899331
vt 0.991776 0.898979
vt 0.993514 0.902367
vt 0.994902 0.909412
vt 0.995649 0.947331
vt 0.918272 0.900663
vt 0.817717 0.900578
vt 0.803769 0.900744
vt 0.755859 0.903476
vt 0.749485 0.904025
vt 0.74588 0.905293
vt 0.743753 0.907925
vt 0.742227 0.912272
vt 0.741183 0.926475
vt 0.740783 0.947213
vt 0.976736 0.769755
vt 0.989235 0.786973
vt 0.9565 0.797042
vt 0.989235 0.808254
vt 0.976736 0.825472
vt 0.956512 0.832048
vt 0.936288 0.825472
vt 0.92379 0.808254
vt 0.92379 0.786973
vt 0.936288 0.769755
vt 0.956512 0.763179
vt 0.956746 0.797042
vt 0.924011 0.786973
vt 0.93651 0.769755
vt 0.924011 0.808254
vt 0.93651 0.825472
vt 0.956733 0.832048
vt 0.976957 0.825472
vt 0.989456 0.808254
vt 0.989456 0.786973
vt 0.976957 0.769755
vt 0.956733 0.763179
vt 0.842003 0.820814
vt 0.844695 0.818687
vt 0.861983 0.820814
vt 0.862844 0.818687
vt 0.889555 0.818687
vt 0.891388 0.820814
vt 0.895896 0.819519
vt 0.89365 0.817502
vt 0.896648 0.814264
vt 0.899197 0.815983
vt 0.900809 0.811153
vt 0.898113 0.80984
vt 0.899585 0.783704
vt 0.90243 0.782611
vt 0.90243 0.777461
vt 0.899585 0.778988
vt 0.898481 0.776711
vt 0.901215 0.774975
vt 0.899197 0.773327
vt 0.896648 0.775202
vt 0.89365 0.771964
vt 0.895896 0.76979
vt 0.887282 0.768496
vt 0.885825 0.770779
vt 0.844695 0.770779
vt 0.842003 0.768496
vt 0.844695 0.818687
vt 0.844695 0.770779
vt 0.862844 0.818687
vt 0.885825 0.770779
vt 0.889555 0.818687
vt 0.89365 0.771964
vt 0.896648 0.775202
vt 0.898481 0.776711
vt 0.899585 0.778988
vt 0.899585 0.783704
vt 0.898113 0.80984
vt 0.896648 0.814264
vt 0.89365 0.817502
vt 0.862064 0.820814
vt 0.844777 0.818687
vt 0.842085 0.820814
vt 0.862925 0.818687
vt 0.889636 0.818687
vt 0.89147 0.820814
vt 0.895978 0.819519
vt 0.893731 0.817502
vt 0.896729 0.814264
vt 0.899278 0.815983
vt 0.900891 0.811153
vt 0.898194 0.80984
vt 0.899666 0.783704
vt 0.902511 0.782611
vt 0.902511 0.777461
vt 0.899666 0.778988
vt 0.898562 0.776711
vt 0.901296 0.774975
vt 0.899278 0.773327
vt 0.896729 0.775202
vt 0.893731 0.771964
vt 0.895978 0.76979
vt 0.887363 0.768496
vt 0.885906 0.770779
vt 0.844777 0.770779
vt 0.842085 0.768496
vt 0.862925 0.818687
vt 0.844777 0.770779
vt 0.844777 0.818687
vt 0.885906 0.770779
vt 0.889636 0.818687
vt 0.896729 0.775202
vt 0.893731 0.771964
vt 0.898562 0.776711
vt 0.899666 0.778988
vt 0.899666 0.783704
vt 0.898194 0.80984
vt 0.896729 0.814264
vt 0.893731 0.817502
vt 0.474849 0.955204
vt 0.481116 0.946999
vt 0.481116 0.955104
vt 0.476267 0.946996
vt 0.470333 0.947102
vt 0.463936 0.947706
vt 0.467277 0.955309
vt 0.465233 0.95502
vt 0.460586 0.948981
vt 0.465953 0.955263
vt 0.464769 0.956651
vt 0.464906 0.95942
vt 0.46033 0.950512
vt 0.464891 0.963915
vt 0.460336 0.971145
vt 0.464777 0.971167
vt 0.461111 0.983341
vt 0.460585 0.982447
vt 0.463396 0.978908
vt 0.46034 0.980724
vt 0.464086 0.977198
vt 0.46463 0.974694
vt 0.460336 0.971313
vt 0.464769 0.971335
vt 0.467285 0.977084
vt 0.46429 0.985198
vt 0.466272 0.977074
vt 0.462658 0.984551
vt 0.461737 0.983785
vt 0.465385 0.977249
vt 0.481116 0.977568
vt 0.481116 0.986434
vt 0.47484 0.977361
vt 0.472471 0.986233
vt 0.466623 0.985678
vt 0.481116 0.955104
vt 0.481116 0.946999
vt 0.487382 0.955204
vt 0.485964 0.946996
vt 0.491899 0.947102
vt 0.498296 0.947706
vt 0.494955 0.955309
vt 0.496279 0.955263
vt 0.501645 0.948981
vt 0.496998 0.95502
vt 0.501902 0.950512
vt 0.497326 0.95942
vt 0.497463 0.956651
vt 0.49734 0.963915
vt 0.501896 0.971145
vt 0.497455 0.971167
vt 0.498836 0.978908
vt 0.501647 0.982447
vt 0.50112 0.983341
vt 0.501891 0.980724
vt 0.498145 0.977198
vt 0.497602 0.974694
vt 0.501896 0.971313
vt 0.497463 0.971335
vt 0.49596 0.977074
vt 0.497942 0.985198
vt 0.494946 0.977084
vt 0.499574 0.984551
vt 0.500495 0.983785
vt 0.496847 0.977249
vt 0.487392 0.977361
vt 0.481116 0.986434
vt 0.481116 0.977568
vt 0.489761 0.986233
vt 0.495609 0.985678
vt 0.255495 0.720913
vt 0.256651 0.728207
vt 0.222265 0.739767
vt 0.21934 0.721301
vt 0.260003 0.734787
vt 0.230753 0.756426
vt 0.265225 0.740009
vt 0.243974 0.769647
vt 0.271805 0.743361
vt 0.260632 0.778135
vt 0.279099 0.744516
vt 0.279099 0.78106
vt 0.286393 0.743361
vt 0.297565 0.778135
vt 0.292973 0.740009
vt 0.314224 0.769647
vt 0.298195 0.734787
vt 0.327445 0.756426
vt 0.301547 0.728207
vt 0.335933 0.739767
vt 0.302703 0.720913
vt 0.338858 0.721301
vt 0.301547 0.713619
vt 0.335933 0.702834
vt 0.298195 0.707039
vt 0.327445 0.686176
vt 0.292973 0.701817
vt 0.314224 0.672955
vt 0.286393 0.698465
vt 0.297565 0.664467
vt 0.279099 0.697309
vt 0.279099 0.661542
vt 0.271805 0.698465
vt 0.260632 0.664467
vt 0.265225 0.701817
vt 0.243974 0.672955
vt 0.260003 0.707039
vt 0.230753 0.686176
vt 0.256651 0.713619
vt 0.222265 0.702834
vt 0.156005 0.721301
vt 0.161979 0.759021
vt 0.138948 0.766858
vt 0.131735 0.721319
vt 0.179317 0.793049
vt 0.15988 0.807939
vt 0.206322 0.820053
vt 0.192482 0.840541
vt 0.240349 0.837391
vt 0.233564 0.861473
vt 0.27807 0.843366
vt 0.2791 0.866261
vt 0.31579 0.837391
vt 0.323432 0.857744
vt 0.349818 0.820053
vt 0.363426 0.837367
vt 0.376822 0.793049
vt 0.395165 0.805628
vt 0.39416 0.759021
vt 0.415543 0.765634
vt 0.400134 0.721301
vt 0.422564 0.721301
vt 0.39416 0.683581
vt 0.415543 0.676968
vt 0.376822 0.649553
vt 0.395165 0.636974
vt 0.349818 0.622548
vt 0.363426 0.605235
vt 0.31579 0.60521
vt 0.323432 0.584858
vt 0.27807 0.599236
vt 0.2791 0.576993
vt 0.240349 0.60521
vt 0.23411 0.582843
vt 0.206322 0.622549
vt 0.192482 0.602096
vt 0.179317 0.649553
vt 0.15988 0.634699
vt 0.161979 0.683581
vt 0.138948 0.67578
vt 0.119618 0.721319
vt 0.127424 0.770602
vt 0.0627444 0.791599
vt 0.0516102 0.721301
vt 0.150077 0.815061
vt 0.0950568 0.855015
vt 0.18536 0.850345
vt 0.145385 0.905343
vt 0.229819 0.872998
vt 0.208801 0.937655
vt 0.2791 0.87818
vt 0.279099 0.94879
vt 0.327077 0.868964
vt 0.349397 0.937655
vt 0.37036 0.84691
vt 0.412813 0.905343
vt 0.404708 0.812561
vt 0.463141 0.855015
vt 0.426762 0.769279
vt 0.495454 0.791599
vt 0.434361 0.721301
vt 0.506588 0.721301
vt 0.426762 0.673322
vt 0.495454 0.651003
vt 0.404708 0.63004
vt 0.463141 0.587587
vt 0.37036 0.595692
vt 0.412813 0.537259
vt 0.327077 0.573638
vt 0.349397 0.504946
vt 0.2791 0.565127
vt 0.279099 0.493812
vt 0.230411 0.571457
vt 0.208801 0.504946
vt 0.18536 0.592293
vt 0.145385 0.537259
vt 0.150077 0.627576
vt 0.0950567 0.587587
vt 0.127424 0.672035
vt 0.0627444 0.651003
vt 0.0359803 0.800295
vt 0.0234686 0.721301
vt 0.0722898 0.871557
vt 0.128843 0.92811
vt 0.200105 0.964419
vt 0.279099 0.976931
vt 0.358093 0.964419
vt 0.429355 0.92811
vt 0.485909 0.871557
vt 0.522218 0.800295
vt 0.534729 0.721301
vt 0.522218 0.642307
vt 0.485909 0.571045
vt 0.429355 0.514491
vt 0.358093 0.478182
vt 0.279099 0.46567
vt 0.200105 0.478182
vt 0.128843 0.514491
vt 0.0722896 0.571045
vt 0.0359803 0.642307
vt 0.255495 0.720913
vt 0.279099 0.720913
vt 0.256651 0.728207
vt 0.260003 0.734787
vt 0.265225 0.740009
vt 0.271805 0.743361
vt 0.279099 0.744516
vt 0.286393 0.743361
vt 0.292973 0.740009
vt 0.298195 0.734787
vt 0.301547 0.728207
vt 0.302703 0.720913
vt 0.301547 0.713619
vt 0.298195 0.707039
vt 0.292973 0.701817
vt 0.286393 0.698465
vt 0.279099 0.697309
vt 0.271805 0.698465
vt 0.265225 0.701817
vt 0.260003 0.707039
vt 0.256651 0.713619
vt 0.21934 0.721301
vt 0.222265 0.739767
vt 0.161979 0.759021
vt 0.156005 0.721301
vt 0.230753 0.756426
vt 0.179317 0.793049
vt 0.243974 0.769647
vt 0.206322 0.820053
vt 0.260632 0.778135
vt 0.240349 0.837391
vt 0.279099 0.78106
vt 0.27807 0.843366
vt 0.297565 0.778135
vt 0.31579 0.837391
vt 0.314224 0.769647
vt 0.349818 0.820053
vt 0.327445 0.756426
vt 0.376822 0.793049
vt 0.335933 0.739767
vt 0.39416 0.759021
vt 0.338858 0.721301
vt 0.400134 0.721301
vt 0.335933 0.702834
vt 0.39416 0.683581
vt 0.327445 0.686176
vt 0.376822 0.649553
vt 0.314224 0.672955
vt 0.297565 0.664467
vt 0.279099 0.661542
vt 0.260632 0.664467
vt 0.243974 0.672955
vt 0.230753 0.686176
vt 0.222265 0.702834
vt 0.131735 0.721319
vt 0.138948 0.766858
vt 0.15988 0.807939
vt 0.192482 0.840541
vt 0.233564 0.861473
vt 0.2791 0.866261
vt 0.323432 0.857744
vt 0.363426 0.837367
vt 0.395165 0.805628
vt 0.415543 0.765634
vt 0.422564 0.721301
vt 0.415543 0.676968
vt 0.0246237 0.803985
vt 0.0115275 0.721301
vt 0.062629 0.878575
vt 0.121825 0.937771
vt 0.196415 0.975776
vt 0.279099 0.988873
vt 0.361783 0.975776
vt 0.436374 0.937771
vt 0.49557 0.878575
vt 0.533574 0.803985
vt 0.546671 0.721301
vt 0.533574 0.638617
vt 0.495569 0.564026
vt 0.436374 0.504831
vt 0.361783 0.466825
vt 0.279099 0.453729
vt 0.196415 0.466825
vt 0.121824 0.504831
vt 0.0626287 0.564026
vt 0.0246237 0.638617
vt 0.0141467 0.807389
vt 0.000511467 0.721301
vt 0.0537168 0.885051
vt 0.115349 0.946683
vt 0.193011 0.986253
vt 0.279099 0.999889
vt 0.365187 0.986253
vt 0.442849 0.946683
vt 0.504481 0.885051
vt 0.544052 0.807389
vt 0.557687 0.721301
vt 0.544052 0.635213
vt 0.504481 0.557551
vt 0.442849 0.495919
vt 0.365187 0.456349
vt 0.279099 0.442713
vt 0.193011 0.456349
vt 0.115349 0.495919
vt 0.0537165 0.557551
vt 0.0141467 0.635213
vt 0.971165 0.829241
vt 0.971165 0.901748
vt 0.976907 0.865494
vt 0.954501 0.934453
vt 0.954501 0.796536
vt 0.928547 0.770581
vt 0.928547 0.960407
vt 0.895842 0.977071
vt 0.895842 0.753917
vt 0.859588 0.748175
vt 0.859588 0.982813
vt 0.823335 0.977071
vt 0.823335 0.753917
vt 0.79063 0.770581
vt 0.79063 0.960407
vt 0.764675 0.934453
vt 0.764675 0.796536
vt 0.748011 0.829241
vt 0.748011 0.901748
vt 0.742269 0.865494
vt 0.00353396 0.00412667
vt 0.137578 0.00412655
vt 0.00353396 0.436446
vt 0.137578 0.436446
vt 0.27133 0.436446
vt 0.27133 0.00412637
vt 0.402564 0.00412613
vt 0.402564 0.436445
vt 0.540178 0.436445
vt 0.540178 0.00412613
vt 0.680591 0.00412601
vt 0.680591 0.436445
vt 0.680592 0.436444
vt 0.680591 0.00412107
vt 0.540178 0.436444
vt 0.540178 0.00412148
vt 0.402564 0.00412238
vt 0.27133 0.436445
vt 0.27133 0.00412387
vt 0.137578 0.0041256
vt 0.00353394 0.436446
vt 0.00353394 0.00412762
vt 0.27133 0.436447
vt 0.27133 0.00412685
vt 0.402563 0.436447
vt 0.402563 0.00412685
vt 0.540179 0.00412685
vt 0.540179 0.436447
vt 0.680591 0.436447
vt 0.680591 0.00412709
vt 0.00353396 0.436447
vt 0.00353396 0.00412685
vt 0.137577 0.436447
vt 0.137577 0.00412685
vt 0.680592 0.00412762
vt 0.540178 0.00412661
vt 0.680592 0.436447
vt 0.540178 0.436447
vt 0.402564 0.436447
vt 0.402564 0.00412554
vt 0.27133 0.00412476
vt 0.137578 0.00412422
vt 0.00353394 0.0041241


usemtl 380w_Tex

g 1

f 1/1/1 2/2/2 3/3/3
f 1/1/1 4/4/4 2/2/2
f 2/2/2 4/4/4 5/5/5
f 4/4/4 6/6/6 5/5/5
f 7/7/7 8/8/8 9/9/9
f 8/8/8 10/10/10 9/9/9
f 11/11/11 8/8/8 7/7/7
f 11/11/11 12/12/12 8/8/8
f 11/11/11 13/13/13 12/12/12
f 11/11/11 14/14/14 13/13/13
f 15/15/15 13/13/13 14/14/14
f 15/15/15 16/16/16 13/13/13
f 15/15/15 6/6/6 16/16/16
f 15/15/15 5/5/5 6/6/6
f 9/9/9 10/10/10 17/17/17
f 10/10/10 18/18/18 17/17/17
f 18/18/18 19/19/19 17/17/17
f 19/19/19 20/20/20 17/17/17
f 21/21/21 20/20/20 22/22/22
f 20/20/20 19/19/19 22/22/22
f 23/23/23 21/21/21 22/22/22
f 23/23/23 24/24/24 21/21/21
f 23/23/23 25/25/25 24/24/24
f 23/23/23 26/26/26 25/25/25
f 25/25/25 26/26/26 27/27/27
f 26/26/26 28/28/28 27/27/27
f 27/27/27 28/28/28 29/29/29
f 28/28/28 30/30/30 29/29/29
f 29/29/29 30/30/30 31/31/31
f 30/30/30 32/32/32 31/31/31
f 32/32/32 33/33/33 31/31/31
f 33/33/33 34/34/34 31/31/31
f 33/33/33 35/35/35 34/34/34
f 33/33/33 36/36/36 35/35/35
f 33/33/33 37/37/37 36/36/36
f 37/37/37 38/38/38 36/36/36
f 37/37/37 39/39/39 38/38/38
f 40/40/40 41/41/41 39/39/39
f 41/41/41 38/38/38 39/39/39
f 5/5/42 42/42/42 43/43/42
f 44/44/43 45/45/44 46/46/45
f 44/44/43 47/47/46 45/45/44
f 48/48/47 49/49/48 47/47/46
f 49/49/48 45/45/44 47/47/46
f 50/50/49 51/51/50 52/52/51
f 48/48/47 51/51/50 49/49/48
f 52/52/51 53/53/52 54/54/53
f 52/52/51 48/48/47 53/53/52
f 52/52/51 51/51/50 48/48/47
f 54/54/53 55/55/54 56/56/55
f 54/54/53 53/53/52 55/55/54
f 55/55/54 57/57/56 56/56/55
f 57/57/56 58/58/57 56/56/55
f 57/57/56 59/59/58 58/58/57
f 59/59/58 60/60/59 58/58/57
f 61/61/60 60/60/59 59/59/58
f 61/61/60 62/62/61 60/60/59
f 63/63/62 64/64/63 65/65/64
f 64/64/63 66/66/65 65/65/64
f 66/66/65 67/67/66 65/65/64
f 67/67/66 68/68/67 65/65/64
f 69/69/68 70/70/69 63/63/62
f 70/70/69 71/71/70 63/63/62
f 71/71/70 72/72/71 63/63/62
f 72/72/71 64/64/63 63/63/62
f 73/73/72 68/68/67 74/74/73
f 68/68/67 67/67/66 74/74/73
f 18/18/74 10/10/75 75/75/76
f 10/10/75 76/76/77 75/75/76
f 17/17/78 77/77/79 9/9/80
f 78/78/81 7/7/82 77/77/79
f 7/7/82 9/9/80 77/77/79
f 74/74/73 79/79/83 73/73/72
f 79/79/83 80/80/84 73/73/72
f 81/81/85 19/19/86 75/75/76
f 19/19/86 18/18/74 75/75/76
f 82/82/87 7/7/82 78/78/81
f 82/82/87 11/11/88 7/7/82
f 82/82/87 14/14/89 11/11/88
f 82/82/87 83/83/90 14/14/89
f 84/84/91 14/14/89 83/83/90
f 84/84/91 15/15/92 14/14/89
f 84/84/91 5/5/93 15/15/92
f 5/5/93 84/84/91 42/42/94
f 8/8/95 12/12/96 10/10/75
f 12/12/96 76/76/77 10/10/75
f 12/12/96 13/13/97 76/76/77
f 13/13/97 16/16/98 76/76/77
f 85/85/99 77/77/79 86/86/100
f 77/77/79 87/87/101 86/86/100
f 17/17/78 87/87/101 77/77/79
f 17/17/78 20/20/102 87/87/101
f 20/20/102 21/21/103 87/87/101
f 21/21/103 88/88/104 87/87/101
f 88/88/104 89/89/105 87/87/101
f 89/89/105 86/86/100 87/87/101
f 44/44/43 90/90/106 91/91/107
f 44/44/43 46/46/45 90/90/106
f 23/23/108 81/81/85 26/26/109
f 23/23/108 19/19/86 81/81/85
f 23/23/108 22/22/110 19/19/86
f 92/92/111 93/93/112 94/94/113
f 92/92/111 95/95/114 93/93/112
f 92/92/111 36/36/115 95/95/114
f 92/92/111 35/35/116 36/36/115
f 92/92/111 34/34/117 35/35/116
f 96/96/118 93/93/112 97/97/119
f 96/96/118 94/94/113 93/93/112
f 98/98/120 99/99/121 100/100/122
f 98/98/120 101/101/123 99/99/121
f 79/79/83 98/98/120 80/80/84
f 79/79/83 101/101/123 98/98/120
f 90/90/106 102/102/124 91/91/107
f 90/90/106 103/103/125 102/102/124
f 104/104/126 36/36/115 38/38/127
f 104/104/126 95/95/114 36/36/115
f 104/104/126 93/93/112 95/95/114
f 104/104/126 105/105/128 93/93/112
f 97/97/119 105/105/128 106/106/129
f 97/97/119 93/93/112 105/105/128
f 99/99/121 107/107/130 100/100/122
f 99/99/121 108/108/131 107/107/130
f 108/108/131 109/109/132 107/107/130
f 108/108/131 110/110/133 109/109/132
f 111/111/134 102/102/124 103/103/125
f 111/111/134 112/112/135 102/102/124
f 111/111/134 113/113/136 112/112/135
f 111/111/134 114/114/137 113/113/136
f 109/109/132 115/115/138 116/116/139
f 109/109/132 110/110/133 115/115/138
f 113/113/136 117/117/140 118/118/141
f 113/113/136 114/114/137 117/117/140
f 118/118/141 119/119/142 120/120/143
f 118/118/141 117/117/140 119/119/142
f 118/118/141 121/121/144 115/115/138
f 120/120/143 121/121/144 118/118/141
f 122/122/145 116/116/139 123/123/146
f 116/116/139 115/115/138 123/123/146
f 115/115/138 121/121/144 123/123/146
f 124/124/147 116/116/139 122/122/145
f 124/124/147 125/125/148 126/126/149
f 127/127/150 126/126/149 125/125/148
f 128/128/151 129/129/152 104/104/126
f 129/129/152 105/105/128 104/104/126
f 128/128/151 38/38/127 41/41/153
f 128/128/151 104/104/126 38/38/127
f 106/106/129 129/129/152 130/130/154
f 106/106/129 105/105/128 129/129/152
f 131/131/155 33/33/156 32/32/157
f 131/131/155 37/37/158 33/33/156
f 131/131/155 39/39/159 37/37/158
f 131/131/155 126/126/149 39/39/159
f 127/127/150 40/40/160 126/126/149
f 40/40/160 39/39/159 126/126/149
f 124/124/147 126/126/149 116/116/139
f 126/126/149 131/131/155 116/116/139
f 131/131/155 109/109/132 116/116/139
f 109/109/132 131/131/155 107/107/130
f 131/131/155 32/32/157 107/107/130
f 32/32/157 30/30/161 107/107/130
f 30/30/161 100/100/122 107/107/130
f 30/30/161 28/28/162 100/100/122
f 28/28/162 98/98/120 100/100/122
f 28/28/162 26/26/109 98/98/120
f 26/26/109 81/81/85 98/98/120
f 81/81/85 80/80/84 98/98/120
f 80/80/84 81/81/85 73/73/72
f 81/81/85 75/75/76 73/73/72
f 75/75/76 76/76/77 73/73/72
f 76/76/77 68/68/67 73/73/72
f 68/68/67 76/76/77 65/65/64
f 76/76/77 16/16/98 65/65/64
f 16/16/98 6/6/163 65/65/64
f 6/6/163 4/4/164 65/65/64
f 4/4/164 63/63/62 65/65/64
f 63/63/62 4/4/164 69/69/68
f 4/4/164 1/1/165 69/69/68
f 2/2/166 132/132/167 3/3/168
f 132/132/167 133/133/169 3/3/168
f 5/5/93 43/43/170 2/2/166
f 43/43/170 132/132/167 2/2/166
f 43/43/170 134/134/171 132/132/167
f 133/133/169 135/135/172 136/136/173
f 133/133/169 132/132/167 135/135/172
f 137/137/174 135/135/172 134/134/171
f 132/132/167 134/134/171 135/135/172
f 138/138/175 139/139/176 140/140/177
f 138/138/175 141/141/178 50/50/179
f 50/50/179 52/52/180 138/138/175
f 52/52/180 139/139/176 138/138/175
f 141/141/178 138/138/175 142/142/181
f 138/138/175 140/140/177 142/142/181
f 140/140/177 143/143/182 142/142/181
f 140/140/177 144/144/183 143/143/182
f 145/145/184 146/146/185 147/147/186
f 146/146/185 46/46/187 147/147/186
f 148/148/188 147/147/186 149/149/189
f 147/147/186 150/150/190 149/149/189
f 151/151/191 149/149/189 150/150/190
f 151/151/191 152/152/192 149/149/189
f 151/151/191 153/153/193 152/152/192
f 151/151/191 154/154/194 153/153/193
f 142/142/181 143/143/182 155/155/195
f 143/143/182 156/156/196 155/155/195
f 156/156/196 153/153/193 155/155/195
f 153/153/193 154/154/194 155/155/195
f 147/147/186 148/148/188 145/145/184
f 74/74/197 67/67/198 47/47/199
f 67/67/198 48/48/200 47/47/199
f 79/79/201 74/74/197 44/44/202
f 74/74/197 47/47/199 44/44/202
f 91/91/203 99/99/204 101/101/205
f 91/91/203 102/102/206 99/99/204
f 79/79/201 91/91/203 101/101/205
f 79/79/201 44/44/202 91/91/203
f 108/108/207 113/113/208 110/110/209
f 108/108/207 112/112/210 113/113/208
f 108/108/207 102/102/206 112/112/210
f 108/108/207 99/99/204 102/102/206
f 113/113/208 115/115/211 110/110/209
f 113/113/208 118/118/212 115/115/211
f 66/66/213 48/48/200 67/67/198
f 66/66/213 53/53/214 48/48/200
f 66/66/213 55/55/215 53/53/214
f 66/66/213 64/64/216 55/55/215
f 72/72/217 55/55/215 64/64/216
f 72/72/217 57/57/218 55/55/215
f 72/72/217 59/59/219 57/57/218
f 72/72/217 71/71/220 59/59/219
f 71/71/220 61/61/221 59/59/219
f 71/71/220 70/70/222 61/61/221
f 157/157/223 158/158/224 159/159/225
f 158/158/224 160/160/226 159/159/225
f 161/161/227 160/160/226 158/158/224
f 161/161/227 162/162/228 160/160/226
f 163/163/229 164/164/230 165/165/231
f 163/163/229 166/166/232 164/164/230
f 165/165/231 164/164/230 167/167/233
f 164/164/230 168/168/234 167/167/233
f 168/168/234 169/169/235 167/167/233
f 169/169/235 170/170/236 167/167/233
f 170/170/236 169/169/235 171/171/237
f 169/169/235 172/172/238 171/171/237
f 172/172/238 162/162/228 171/171/237
f 162/162/228 161/161/227 171/171/237
f 173/173/239 166/166/232 163/163/229
f 173/173/239 174/174/240 166/166/232
f 173/173/239 175/175/241 174/174/240
f 173/173/239 176/176/242 175/175/241
f 177/177/243 176/176/242 178/178/244
f 177/177/243 175/175/241 176/176/242
f 177/177/243 178/178/244 179/179/245
f 178/178/244 180/180/246 179/179/245
f 180/180/246 181/181/247 179/179/245
f 181/181/247 182/182/248 179/179/245
f 183/183/249 182/182/248 181/181/247
f 183/183/249 184/184/250 182/182/248
f 185/185/251 184/184/250 183/183/249
f 185/185/251 186/186/252 184/184/250
f 187/187/253 186/186/252 185/185/251
f 187/187/253 188/188/254 186/186/252
f 187/187/253 189/189/255 188/188/254
f 187/187/253 190/190/256 189/189/255
f 190/190/256 191/191/257 189/189/255
f 191/191/257 192/192/258 189/189/255
f 192/192/258 193/193/259 189/189/255
f 192/192/258 194/194/260 193/193/259
f 194/194/260 195/195/261 193/193/259
f 195/195/261 196/196/262 197/197/263
f 195/195/261 194/194/260 196/196/262
f 198/198/264 199/199/264 161/161/264
f 200/200/265 201/201/266 202/202/267
f 201/201/266 203/203/268 202/202/267
f 203/203/268 204/204/269 205/205/270
f 203/203/268 201/201/266 204/204/269
f 206/206/271 207/207/272 208/208/273
f 204/204/269 207/207/272 205/205/270
f 209/209/274 210/210/275 206/206/271
f 210/210/275 205/205/270 206/206/271
f 205/205/270 207/207/272 206/206/271
f 211/211/276 212/212/277 209/209/274
f 212/212/277 210/210/275 209/209/274
f 211/211/276 213/213/278 212/212/277
f 211/211/276 214/214/279 213/213/278
f 214/214/279 215/215/280 213/213/278
f 214/214/279 216/216/281 215/215/280
f 215/215/280 216/216/281 217/217/282
f 216/216/281 218/218/283 217/217/282
f 219/219/284 220/220/285 221/221/286
f 219/219/284 222/222/287 220/220/285
f 219/219/284 223/223/288 222/222/287
f 219/219/284 224/224/289 223/223/288
f 221/221/286 225/225/290 226/226/291
f 221/221/286 227/227/292 225/225/290
f 221/221/286 228/228/293 227/227/292
f 221/221/286 220/220/285 228/228/293
f 229/229/294 224/224/289 230/230/295
f 229/229/294 223/223/288 224/224/289
f 231/231/296 166/166/297 174/174/298
f 231/231/296 232/232/299 166/166/297
f 163/163/300 233/233/301 173/173/302
f 233/233/301 165/165/303 234/234/304
f 233/233/301 163/163/300 165/165/303
f 230/230/295 235/235/305 229/229/294
f 230/230/295 236/236/306 235/235/305
f 231/231/296 175/175/307 237/237/308
f 231/231/296 174/174/298 175/175/307
f 234/234/304 165/165/303 238/238/309
f 165/165/303 167/167/310 238/238/309
f 167/167/310 170/170/311 238/238/309
f 170/170/311 239/239/312 238/238/309
f 239/239/312 170/170/311 240/240/313
f 170/170/311 171/171/314 240/240/313
f 171/171/314 161/161/315 240/240/313
f 199/199/316 240/240/313 161/161/315
f 166/166/297 168/168/317 164/164/318
f 166/166/297 232/232/299 168/168/317
f 232/232/299 169/169/319 168/168/317
f 232/232/299 172/172/320 169/169/319
f 241/241/321 233/233/301 242/242/322
f 241/241/321 243/243/323 233/233/301
f 233/233/301 243/243/323 173/173/302
f 243/243/323 176/176/324 173/173/302
f 243/243/323 178/178/325 176/176/324
f 243/243/323 244/244/326 178/178/325
f 243/243/323 245/245/327 244/244/326
f 243/243/323 241/241/321 245/245/327
f 246/246/328 247/247/329 202/202/267
f 247/247/329 200/200/265 202/202/267
f 182/182/330 237/237/308 179/179/331
f 237/237/308 175/175/307 179/179/331
f 175/175/307 177/177/332 179/179/331
f 248/248/333 249/249/334 250/250/335
f 249/249/334 251/251/336 250/250/335
f 251/251/336 192/192/337 250/250/335
f 192/192/337 191/191/338 250/250/335
f 191/191/338 190/190/339 250/250/335
f 252/252/340 249/249/334 253/253/341
f 249/249/334 248/248/333 253/253/341
f 254/254/342 255/255/343 256/256/344
f 255/255/343 257/257/345 256/256/344
f 236/236/306 256/256/344 235/235/305
f 256/256/344 257/257/345 235/235/305
f 246/246/328 258/258/346 247/247/329
f 258/258/346 259/259/347 247/247/329
f 194/194/348 192/192/337 260/260/349
f 192/192/337 251/251/336 260/260/349
f 251/251/336 249/249/334 260/260/349
f 249/249/334 261/261/350 260/260/349
f 262/262/351 261/261/350 252/252/340
f 261/261/350 249/249/334 252/252/340
f 254/254/342 263/263/352 255/255/343
f 263/263/352 264/264/353 255/255/343
f 263/263/352 265/265/354 264/264/353
f 265/265/354 266/266/355 264/264/353
f 259/259/347 258/258/346 267/267/356
f 258/258/346 268/268/357 267/267/356
f 268/268/357 269/269/358 267/267/356
f 269/269/358 270/270/359 267/267/356
f 271/271/360 272/272/361 265/265/354
f 272/272/361 266/266/355 265/265/354
f 273/273/362 274/274/363 269/269/358
f 274/274/363 270/270/359 269/269/358
f 275/275/364 276/276/365 273/273/362
f 276/276/365 274/274/363 273/273/362
f 272/272/361 277/277/366 273/273/362
f 273/273/362 277/277/366 275/275/364
f 278/278/367 271/271/360 279/279/368
f 278/278/367 272/272/361 271/271/360
f 278/278/367 277/277/366 272/272/361
f 279/279/368 271/271/360 280/280/369
f 281/281/370 282/282/371 280/280/369
f 282/282/371 281/281/370 283/283/372
f 260/260/349 284/284/373 285/285/374
f 260/260/349 261/261/350 284/284/373
f 196/196/375 194/194/348 285/285/374
f 194/194/348 260/260/349 285/285/374
f 286/286/376 284/284/373 262/262/351
f 284/284/373 261/261/350 262/262/351
f 188/188/377 189/189/378 287/287/379
f 189/189/378 193/193/380 287/287/379
f 193/193/380 195/195/381 287/287/379
f 195/195/381 281/281/370 287/287/379
f 281/281/370 197/197/382 283/283/372
f 281/281/370 195/195/381 197/197/382
f 271/271/360 281/281/370 280/280/369
f 271/271/360 287/287/379 281/281/370
f 271/271/360 265/265/354 287/287/379
f 263/263/352 287/287/379 265/265/354
f 263/263/352 188/188/377 287/287/379
f 263/263/352 186/186/383 188/188/377
f 263/263/352 254/254/342 186/186/383
f 254/254/342 184/184/384 186/186/383
f 254/254/342 256/256/344 184/184/384
f 256/256/344 182/182/330 184/184/384
f 256/256/344 237/237/308 182/182/330
f 256/256/344 236/236/306 237/237/308
f 230/230/295 237/237/308 236/236/306
f 230/230/295 231/231/296 237/237/308
f 230/230/295 232/232/299 231/231/296
f 230/230/295 224/224/289 232/232/299
f 219/219/284 232/232/299 224/224/289
f 219/219/284 172/172/320 232/232/299
f 219/219/284 162/162/385 172/172/320
f 219/219/284 160/160/386 162/162/385
f 219/219/284 221/221/286 160/160/386
f 226/226/291 160/160/386 221/221/286
f 226/226/291 159/159/387 160/160/386
f 157/157/388 288/288/389 158/158/390
f 157/157/388 289/289/391 288/288/389
f 158/158/390 198/198/392 161/161/315
f 158/158/390 288/288/389 198/198/392
f 288/288/389 290/290/393 198/198/392
f 291/291/394 292/292/395 289/289/391
f 292/292/395 288/288/389 289/289/391
f 290/290/393 292/292/395 293/293/396
f 292/292/395 290/290/393 288/288/389
f 294/294/397 295/295/398 296/296/399
f 208/208/400 297/297/401 296/296/399
f 296/296/399 206/206/402 208/208/400
f 296/296/399 295/295/398 206/206/402
f 298/298/403 296/296/399 297/297/401
f 298/298/403 294/294/397 296/296/399
f 298/298/403 299/299/404 294/294/397
f 299/299/404 300/300/405 294/294/397
f 301/301/406 302/302/407 303/303/408
f 301/301/406 200/200/409 302/302/407
f 304/304/410 301/301/406 305/305/411
f 304/304/410 306/306/412 301/301/406
f 306/306/412 304/304/410 307/307/413
f 304/304/410 308/308/414 307/307/413
f 308/308/414 309/309/415 307/307/413
f 309/309/415 310/310/416 307/307/413
f 311/311/417 299/299/404 298/298/403
f 311/311/417 312/312/418 299/299/404
f 311/311/417 309/309/415 312/312/418
f 311/311/417 310/310/416 309/309/415
f 303/303/408 305/305/411 301/301/406
f 203/203/419 223/223/420 229/229/421
f 203/203/419 205/205/422 223/223/420
f 202/202/423 229/229/421 235/235/424
f 202/202/423 203/203/419 229/229/421
f 257/257/425 255/255/426 246/246/427
f 255/255/426 258/258/428 246/246/427
f 257/257/425 246/246/427 235/235/424
f 246/246/427 202/202/423 235/235/424
f 266/266/429 269/269/430 264/264/431
f 269/269/430 268/268/432 264/264/431
f 268/268/432 258/258/428 264/264/431
f 258/258/428 255/255/426 264/264/431
f 266/266/429 272/272/433 269/269/430
f 272/272/433 273/273/434 269/269/430
f 223/223/420 205/205/422 222/222/435
f 205/205/422 210/210/436 222/222/435
f 210/210/436 212/212/437 222/222/435
f 212/212/437 220/220/438 222/222/435
f 220/220/438 212/212/437 228/228/439
f 212/212/437 213/213/440 228/228/439
f 213/213/440 215/215/441 228/228/439
f 215/215/441 227/227/442 228/228/439
f 215/215/441 217/217/443 227/227/442
f 217/217/443 225/225/444 227/227/442
usemtl 380w_Tex

g 2

f 313/313/445 314/314/446 315/315/447
f 313/313/445 316/316/448 314/314/446
f 313/313/445 317/317/449 316/316/448
f 315/315/447 318/318/450 313/313/445
f 318/318/450 319/319/451 313/313/445
f 319/319/451 320/320/452 321/321/453
f 319/319/451 318/318/450 320/320/452
f 321/321/453 322/322/454 323/323/455
f 321/321/453 320/320/452 322/322/454
f 324/324/456 322/322/454 325/325/457
f 324/324/456 323/323/455 322/322/454
f 314/314/446 326/326/458 315/315/447
f 326/326/458 327/327/459 315/315/447
f 327/327/459 328/328/460 315/315/447
f 328/328/460 329/329/461 315/315/447
f 318/318/450 330/330/462 331/331/463 320/320/452
f 320/320/452 331/331/463 332/332/464 322/322/454
f 322/322/454 332/332/464 333/333/465 325/325/457
f 318/318/450 315/315/447 330/330/462
f 315/315/447 329/329/461 330/330/462
f 328/328/460 334/334/466 329/329/461
f 335/335/467 336/336/468 337/337/469
f 336/336/468 338/338/470 337/337/469
f 339/339/471 340/340/472 341/341/473
f 340/340/472 342/342/474 341/341/473
f 342/342/474 343/343/475 341/341/473
f 343/343/475 344/344/476 341/341/473
f 340/340/472 345/345/477 342/342/474
f 345/345/477 346/346/478 342/342/474
f 346/346/478 347/347/479 342/342/474
f 347/347/479 343/343/475 342/342/474
f 341/341/473 348/348/480 339/339/471
f 341/341/473 349/349/481 348/348/480
f 341/341/473 350/350/482 349/349/481
f 341/341/473 344/344/476 350/350/482
f 350/350/482 351/351/483 349/349/481
f 351/351/483 352/352/484 349/349/481
f 352/352/484 353/353/485 349/349/481
f 353/353/485 348/348/480 349/349/481
f 352/352/484 351/351/483 354/354/486
f 351/351/483 355/355/487 354/354/486
f 355/355/487 356/356/488 354/354/486
f 356/356/488 357/357/489 354/354/486
f 357/357/489 338/338/470 354/354/486
f 338/338/470 336/336/468 354/354/486
f 336/336/468 353/353/485 354/354/486
f 353/353/485 352/352/484 354/354/486
f 358/358/490 345/345/477 359/359/491
f 345/345/477 340/340/472 359/359/491
f 340/340/472 339/339/471 359/359/491
f 339/339/471 360/360/492 359/359/491
f 360/360/492 339/339/471 361/361/493
f 339/339/471 348/348/480 361/361/493
f 348/348/480 353/353/485 361/361/493
f 353/353/485 362/362/494 361/361/493
f 362/362/494 353/353/485 335/335/467
f 353/353/485 336/336/468 335/335/467
f 363/363/495 364/364/496 365/365/497
f 364/364/496 366/366/498 365/365/497
f 367/367/499 363/363/495 365/365/497
f 368/368/500 369/369/501 370/370/502
f 368/368/500 371/371/503 369/369/501
f 368/368/500 370/370/502 372/372/504
f 370/370/502 373/373/505 372/372/504
f 374/374/506 375/375/507 366/376/508
f 375/375/507 376/377/509 366/376/508
f 377/378/510 378/379/511 379/380/512
f 378/379/511 380/381/513 379/380/512
f 375/375/507 378/379/511 376/377/509
f 378/379/511 377/378/510 376/377/509
f 366/376/508 364/382/514 374/374/506
f 381/383/515 364/382/514 382/384/516
f 381/383/515 374/374/506 364/382/514
f 383/385/517 384/386/518 382/384/516
f 381/383/515 382/384/516 384/386/518
f 383/385/517 385/387/519 384/386/518
f 385/387/519 386/388/520 384/386/518
f 387/389/521 372/390/522 388/391/523
f 387/389/521 389/392/524 372/390/522
f 388/391/523 373/393/525 390/394/526
f 388/391/523 372/390/522 373/393/525
f 387/389/521 386/388/520 389/392/524
f 386/388/520 385/387/519 389/392/524
f 391/395/527 392/396/528 381/397/528
f 391/398/529 381/399/529 384/400/530
f 393/401/531 394/402/532 392/403/532
f 393/404/533 392/405/533 391/406/533
f 395/407/534 396/408/535 394/409/535
f 395/410/536 394/411/536 393/412/536
f 388/413/537 390/414/538 397/415/539
f 390/414/538 398/416/540 397/415/539
f 398/416/540 399/417/541 397/415/539
f 399/417/541 400/418/542 397/415/539
f 400/418/542 401/419/543 397/415/539
f 401/419/543 402/420/544 397/415/539
f 402/420/544 387/421/545 397/415/539
f 387/421/545 388/413/537 397/415/539
f 399/417/541 403/422/546 400/418/542
f 403/422/546 404/423/547 400/418/542
f 404/423/547 405/424/548 400/418/542
f 405/424/548 401/419/543 400/418/542
f 374/425/549 381/426/550 375/427/551
f 381/426/550 392/428/552 375/427/551
f 392/428/552 394/429/553 375/427/551
f 394/429/553 378/430/554 375/427/551
f 378/430/554 394/429/553 380/431/555
f 394/429/553 396/432/556 380/431/555
f 386/433/557 406/434/558 384/400/530
f 406/434/558 391/395/527 384/400/530
f 407/435/559 391/395/527 406/434/558
f 407/435/559 393/401/531 391/395/527
f 407/435/559 395/407/534 393/401/531
f 407/435/559 408/436/560 395/407/534
f 387/421/545 406/434/558 386/433/557
f 387/421/545 402/420/544 406/434/558
f 401/419/543 406/434/558 402/420/544
f 401/419/543 407/435/559 406/434/558
f 401/419/543 408/436/560 407/435/559
f 401/419/543 405/424/548 408/436/560
f 382/437/561 364/438/562 409/439/563
f 364/438/562 363/440/564 409/439/563
f 367/441/565 410/442/566 363/440/564
f 410/442/566 409/439/563 363/440/564
f 410/442/566 411/443/567 409/439/563
f 411/443/567 412/444/568 409/439/563
f 412/444/568 383/445/569 409/439/563
f 383/445/569 382/437/561 409/439/563
f 412/444/568 411/443/567 413/446/570
f 411/443/567 414/447/571 413/446/570
f 414/447/571 415/448/572 413/446/570
f 415/448/572 416/449/573 413/446/570
f 416/449/573 389/450/574 413/446/570
f 389/450/574 385/451/575 413/446/570
f 385/451/575 383/445/569 413/446/570
f 383/445/569 412/444/568 413/446/570
f 415/448/572 371/452/576 416/449/573
f 371/452/576 368/453/577 416/449/573
f 368/453/577 372/454/578 416/449/573
f 372/454/578 389/450/574 416/449/573
f 417/455/579 418/456/580 419/457/581
f 418/456/580 420/458/582 419/457/581
f 420/458/582 421/459/583 419/457/581
f 419/457/581 422/460/584 417/455/579
f 419/457/581 423/461/585 422/460/584
f 424/462/586 425/463/587 423/461/585
f 425/463/587 422/460/584 423/461/585
f 426/464/588 427/465/589 424/462/586
f 427/465/589 425/463/587 424/462/586
f 428/466/590 427/465/589 429/467/591
f 427/465/589 426/464/588 429/467/591
f 417/455/579 430/468/592 418/456/580
f 417/455/579 431/469/593 430/468/592
f 417/455/579 432/470/594 431/469/593
f 417/455/579 329/471/595 432/470/594
f 422/460/584 425/463/587 331/472/596 330/473/597
f 425/463/587 427/465/589 332/474/598 331/472/596
f 427/465/589 428/466/590 333/475/599 332/474/598
f 330/473/597 417/455/579 422/460/584
f 330/473/597 329/471/595 417/455/579
f 329/471/595 334/476/600 432/470/594
f 433/477/601 434/478/602 435/479/603
f 433/477/601 436/480/604 434/478/602
f 437/481/605 438/482/606 439/483/607
f 437/481/605 440/484/608 438/482/606
f 437/481/605 343/485/609 440/484/608
f 437/481/605 344/486/610 343/485/609
f 440/484/608 441/487/611 438/482/606
f 440/484/608 442/488/612 441/487/611
f 440/484/608 347/489/613 442/488/612
f 440/484/608 343/485/609 347/489/613
f 439/483/607 443/490/614 437/481/605
f 443/490/614 444/491/615 437/481/605
f 444/491/615 350/492/616 437/481/605
f 350/492/616 344/486/610 437/481/605
f 444/491/615 351/493/617 350/492/616
f 444/491/615 445/494/618 351/493/617
f 444/491/615 446/495/619 445/494/618
f 444/491/615 443/490/614 446/495/619
f 447/496/620 351/493/617 445/494/618
f 447/496/620 355/497/621 351/493/617
f 447/496/620 356/498/622 355/497/621
f 447/496/620 448/499/623 356/498/622
f 447/496/620 436/480/604 448/499/623
f 447/496/620 434/478/602 436/480/604
f 447/496/620 446/495/619 434/478/602
f 447/496/620 445/494/618 446/495/619
f 449/500/624 441/487/611 450/501/625
f 449/500/624 438/482/606 441/487/611
f 449/500/624 439/483/607 438/482/606
f 449/500/624 451/502/626 439/483/607
f 452/503/627 439/483/607 451/502/626
f 452/503/627 443/490/614 439/483/607
f 452/503/627 446/495/619 443/490/614
f 452/503/627 453/504/628 446/495/619
f 435/479/603 446/495/619 453/504/628
f 435/479/603 434/478/602 446/495/619
f 454/505/629 455/506/630 456/507/631
f 454/505/629 457/508/632 455/506/630
f 454/505/629 456/507/631 458/509/633
f 459/510/634 460/511/635 461/512/636
f 460/511/635 462/513/637 461/512/636
f 463/514/638 459/510/634 461/512/636
f 463/514/638 464/515/639 459/510/634
f 457/508/640 465/516/641 466/517/642
f 457/508/640 467/518/643 465/516/641
f 379/519/644 468/520/645 469/521/646
f 379/519/644 380/522/647 468/520/645
f 467/518/643 468/520/645 465/516/641
f 467/518/643 469/521/646 468/520/645
f 466/517/642 455/506/648 457/508/640
f 470/523/649 455/506/648 471/524/650
f 455/506/648 466/517/642 471/524/650
f 470/523/649 472/525/651 473/526/652
f 472/525/651 470/523/649 471/524/650
f 472/525/651 474/527/653 473/526/652
f 472/525/651 475/528/654 474/527/653
f 476/529/655 463/514/656 477/530/657
f 463/514/656 478/531/658 477/530/657
f 479/532/659 464/515/660 476/529/655
f 464/515/660 463/514/656 476/529/655
f 478/531/658 475/528/654 477/530/657
f 478/531/658 474/527/653 475/528/654
f 471/524/661 480/533/661 481/534/662
f 472/525/663 471/524/664 481/534/664
f 480/533/665 482/535/665 483/536/666
f 481/534/667 480/533/667 483/536/667
f 482/535/668 396/537/668 395/538/669
f 483/536/670 482/535/670 395/538/670
f 484/539/671 479/532/672 476/529/673
f 484/539/671 485/540/674 479/532/672
f 484/539/671 486/541/675 485/540/674
f 484/539/671 487/542/676 486/541/675
f 484/539/671 488/543/677 487/542/676
f 484/539/671 489/544/678 488/543/677
f 484/539/671 477/530/679 489/544/678
f 484/539/671 476/529/673 477/530/679
f 487/542/676 403/545/680 486/541/675
f 487/542/676 404/546/681 403/545/680
f 487/542/676 405/547/682 404/546/681
f 487/542/676 488/543/677 405/547/682
f 465/516/683 471/524/684 466/517/685
f 465/516/683 480/533/686 471/524/684
f 465/516/683 482/535/687 480/533/686
f 465/516/683 468/520/688 482/535/687
f 380/522/689 482/535/687 468/520/688
f 380/522/689 396/537/690 482/535/687
f 472/525/663 490/548/691 475/528/692
f 472/525/663 481/534/662 490/548/691
f 490/548/691 481/534/662 491/549/693
f 481/534/662 483/536/666 491/549/693
f 483/536/666 395/538/669 491/549/693
f 395/538/669 408/550/694 491/549/693
f 475/528/692 490/548/691 477/530/679
f 490/548/691 489/544/678 477/530/679
f 489/544/678 490/548/691 488/543/677
f 490/548/691 491/549/693 488/543/677
f 491/549/693 408/550/694 488/543/677
f 408/550/694 405/547/682 488/543/677
f 492/551/695 455/506/696 470/523/697
f 492/551/695 456/507/698 455/506/696
f 456/507/698 493/552/699 458/509/700
f 456/507/698 492/551/695 493/552/699
f 492/551/695 494/553/701 493/552/699
f 492/551/695 495/554/702 494/553/701
f 492/551/695 473/526/703 495/554/702
f 492/551/695 470/523/697 473/526/703
f 496/555/704 494/553/701 495/554/702
f 496/555/704 497/556/705 494/553/701
f 496/555/704 498/557/706 497/556/705
f 496/555/704 499/558/707 498/557/706
f 496/555/704 478/531/708 499/558/707
f 496/555/704 474/527/709 478/531/708
f 496/555/704 473/526/703 474/527/709
f 496/555/704 495/554/702 473/526/703
f 499/558/707 462/513/710 498/557/706
f 499/558/707 461/512/711 462/513/710
f 499/558/707 463/514/712 461/512/711
f 499/558/707 478/531/708 463/514/712
usemtl 380w_Tex

g 3

f 500/559/713 501/560/714 502/561/715
f 500/559/713 503/562/716 501/560/714
f 504/563/717 505/564/718 506/565/719
f 505/564/718 507/566/720 506/565/719
f 507/566/720 508/567/721 506/565/719
f 507/566/720 509/568/722 508/567/721
f 509/568/722 510/569/723 508/567/721
f 510/569/723 511/570/724 508/567/721
f 501/560/714 512/571/725 502/561/715
f 501/560/714 511/570/724 512/571/725
f 511/570/724 510/569/723 512/571/725
f 513/572/726 514/573/727 515/574/728
f 516/575/729 517/576/730 518/577/731
f 517/576/730 519/578/732 520/579/733
f 519/578/732 521/580/734 520/579/733
f 521/580/734 522/581/735 523/582/736
f 524/583/737 525/584/738 526/585/739
f 524/583/737 527/586/740 525/584/738
f 524/583/737 528/587/741 527/586/740
f 524/583/737 529/588/742 528/587/741
f 530/589/743 529/588/742 515/574/728
f 530/589/743 528/587/741 529/588/742
f 531/590/744 532/591/745 533/592/746
f 532/591/745 534/593/747 533/592/746
f 513/572/726 531/590/744 514/573/727
f 513/572/726 532/591/745 531/590/744
f 530/589/743 515/574/728 535/594/748
f 515/574/728 514/573/727 535/594/748
f 535/594/748 514/573/727 536/595/749
f 514/573/727 537/596/750 536/595/749
f 536/595/749 537/596/750 538/597/751
f 537/596/750 539/598/752 538/597/751
f 540/599/753 541/600/754 542/601/755
f 541/600/754 543/602/756 542/601/755
f 540/599/753 544/603/757 541/600/754
f 540/599/753 522/581/735 544/603/757
f 522/581/735 540/599/753 523/582/736
f 523/582/736 520/579/733 521/580/734
f 520/579/733 518/577/731 517/576/730
f 518/577/731 533/592/746 516/575/729
f 533/592/746 534/593/747 516/575/729
f 545/604/758 544/605/759 522/606/760
f 544/605/759 545/604/758 541/607/761
f 546/608/762 547/609/763 548/610/764
f 546/608/762 549/611/765 547/609/763
f 501/612/766 503/613/767 548/610/764
f 503/613/767 546/608/762 548/610/764
f 550/614/768 547/609/763 551/615/769
f 547/609/763 549/611/765 551/615/769
f 548/610/764 511/616/770 501/612/766
f 548/610/764 552/617/771 511/616/770
f 548/610/764 553/618/772 552/617/771
f 548/610/764 547/609/763 553/618/772
f 550/614/768 553/618/772 547/609/763
f 550/614/768 554/619/773 553/618/772
f 552/617/771 508/620/774 511/616/770
f 552/617/771 555/621/775 508/620/774
f 552/617/771 556/622/776 555/621/775
f 552/617/771 553/618/772 556/622/776
f 554/619/773 556/622/776 553/618/772
f 554/619/773 557/623/777 556/622/776
f 508/620/774 555/621/775 506/624/778
f 555/621/775 558/625/779 506/624/778
f 558/625/779 504/626/780 506/624/778
f 556/622/776 558/625/779 555/621/775
f 556/622/776 559/627/781 558/625/779
f 556/622/776 560/628/782 559/627/781
f 556/622/776 557/623/777 560/628/782
f 545/604/758 502/629/783 541/607/761
f 545/604/758 500/630/784 502/629/783
f 541/607/761 512/631/785 543/632/786
f 541/607/761 502/629/783 512/631/785
f 505/633/787 561/634/788 507/635/789
f 561/634/788 562/636/790 507/635/789
f 562/636/790 563/637/791 507/635/789
f 563/637/791 509/638/792 507/635/789
f 512/639/793 510/640/794 543/602/756
f 510/640/794 539/598/752 543/602/756
f 539/598/752 542/601/755 543/602/756
f 510/640/794 538/597/751 539/598/752
f 510/640/794 564/641/795 538/597/751
f 510/640/794 565/642/796 564/641/795
f 510/640/794 509/638/792 565/642/796
f 509/638/792 563/637/791 565/642/796
f 566/643/797 567/644/798 568/645/799
f 567/644/798 569/646/800 568/645/799
f 569/646/800 570/647/801 568/645/799
f 570/647/801 571/648/802 568/645/799
f 571/648/802 570/647/801 572/649/803
f 570/647/801 573/650/804 572/649/803
f 574/651/805 575/652/806 576/653/807
f 575/652/806 577/654/808 576/653/807
f 577/654/808 567/644/798 576/653/807
f 567/644/798 566/643/797 576/653/807
f 578/655/809 579/656/810 580/657/811
f 579/656/810 581/658/812 580/657/811
f 582/659/813 505/660/814 504/661/815
f 582/659/813 583/662/816 505/660/814
f 582/659/813 584/663/817 583/662/816
f 584/663/817 585/664/818 583/662/816
f 584/663/817 586/665/819 585/664/818
f 584/663/817 587/666/820 586/665/819
f 578/655/809 588/667/821 579/656/810
f 588/667/821 587/666/820 579/656/810
f 588/667/821 586/665/819 587/666/820
f 589/668/822 590/669/823 591/670/824
f 592/671/825 593/672/826 594/673/827
f 595/674/828 596/675/829 593/672/826
f 595/674/828 597/676/830 596/675/829
f 598/677/831 599/678/832 597/676/830
f 526/679/833 525/680/834 600/681/835
f 525/680/834 601/682/836 600/681/835
f 601/682/836 602/683/837 600/681/835
f 602/683/837 603/684/838 600/681/835
f 589/668/822 603/684/838 604/685/839
f 603/684/838 602/683/837 604/685/839
f 605/686/840 606/687/841 607/688/842
f 605/686/840 608/689/843 606/687/841
f 590/669/823 607/688/842 591/670/824
f 607/688/842 606/687/841 591/670/824
f 609/690/844 589/668/822 604/685/839
f 609/690/844 590/669/823 589/668/822
f 610/691/845 590/669/823 609/690/844
f 610/691/845 611/692/846 590/669/823
f 612/693/847 611/692/846 610/691/845
f 612/693/847 613/694/848 611/692/846
f 614/695/849 615/696/850 616/697/851
f 614/695/849 617/698/852 615/696/850
f 615/696/850 618/699/853 616/697/851
f 618/699/853 599/678/832 616/697/851
f 598/677/831 616/697/851 599/678/832
f 597/676/830 595/674/828 598/677/831
f 593/672/826 592/671/825 595/674/828
f 594/673/827 605/686/840 592/671/825
f 594/673/827 608/689/843 605/686/840
f 599/700/854 618/701/855 619/702/856
f 615/703/857 619/702/856 618/701/855
f 620/704/858 621/705/859 622/706/860
f 621/705/859 623/707/861 622/706/860
f 620/704/858 581/708/862 579/709/863
f 620/704/858 622/706/860 581/708/862
f 624/710/864 621/705/859 625/711/865
f 624/710/864 623/707/861 621/705/859
f 579/709/863 587/712/866 620/704/858
f 587/712/866 626/713/867 620/704/858
f 626/713/867 627/714/868 620/704/858
f 627/714/868 621/705/859 620/704/858
f 621/705/859 627/714/868 625/711/865
f 627/714/868 628/715/869 625/711/865
f 587/712/866 584/716/870 626/713/867
f 584/716/870 629/717/871 626/713/867
f 629/717/871 630/718/872 626/713/867
f 630/718/872 627/714/868 626/713/867
f 627/714/868 630/718/872 628/715/869
f 630/718/872 631/719/873 628/715/869
f 582/720/874 629/717/871 584/716/870
f 582/720/874 558/721/875 629/717/871
f 582/720/874 504/722/876 558/721/875
f 629/717/871 558/721/875 630/718/872
f 558/721/875 559/723/877 630/718/872
f 559/723/877 560/724/878 630/718/872
f 560/724/878 631/719/873 630/718/872
f 615/703/857 578/725/879 619/702/856
f 578/725/879 580/726/880 619/702/856
f 617/727/881 588/728/882 615/703/857
f 588/728/882 578/725/879 615/703/857
f 583/729/883 561/730/884 505/731/885
f 583/729/883 632/732/886 561/730/884
f 583/729/883 633/733/887 632/732/886
f 583/729/883 585/734/888 633/733/887
f 617/698/852 586/735/889 588/728/890
f 617/698/852 613/694/848 586/735/889
f 617/698/852 614/695/849 613/694/848
f 613/694/848 612/693/847 586/735/889
f 612/693/847 634/736/891 586/735/889
f 634/736/891 635/737/892 586/735/889
f 635/737/892 585/734/888 586/735/889
f 635/737/892 633/733/887 585/734/888
f 636/738/893 637/739/894 638/740/895
f 636/738/893 639/741/896 637/739/894
f 636/738/893 640/742/897 639/741/896
f 636/738/893 641/743/898 640/742/897
f 642/744/899 640/742/897 641/743/898
f 642/744/899 643/745/900 640/742/897
f 644/746/901 645/747/902 646/748/903
f 644/746/901 647/749/901 645/747/902
f 644/746/901 637/739/894 647/749/901
f 644/746/901 638/740/895 637/739/894
usemtl 380w_Tex

g 4

f 648/750/904 649/751/905 650/752/904
f 648/753/906 651/754/907 649/755/908
f 648/753/906 652/756/909 651/754/907
f 652/756/909 653/757/910 654/758/911 651/754/907
f 655/759/912 656/760/913 657/761/914
f 656/760/913 658/762/915 657/761/914
f 658/762/915 659/763/916 657/761/914
f 659/763/916 660/764/917 657/761/914
f 660/764/917 659/763/916 661/765/918
f 659/763/916 662/766/919 661/765/918
f 654/758/911 663/767/920 651/754/907
f 663/767/920 664/768/921 651/754/907
f 664/768/921 665/769/922 651/754/907
f 665/769/922 649/751/905 651/754/907
f 649/751/905 665/769/922 650/770/923
f 665/769/922 666/771/924 650/770/923
f 666/771/924 667/772/925 650/770/923
f 667/772/925 666/771/924 668/773/926
f 666/771/924 669/774/927 668/773/926
f 669/774/927 670/775/928 668/773/926
f 670/775/928 671/776/929 668/773/926
f 668/773/926 671/776/929 672/777/930
f 672/777/930 673/778/931 674/779/932
f 673/778/931 675/780/933 674/779/932
f 675/780/933 661/765/918 674/779/932
f 675/780/933 676/781/934 661/765/918
f 676/781/934 677/782/935 661/765/918
f 677/782/935 660/764/917 661/765/918
f 677/782/935 678/783/936 660/764/917
f 678/783/936 657/761/914 660/764/917
f 678/783/936 679/784/937 657/761/914
f 679/784/937 680/785/938 657/761/914
f 680/785/938 655/759/912 657/761/914
f 681/786/939 682/787/940 683/788/940
f 682/787/940 684/789/941 683/788/940
f 685/790/942 686/791/943 687/792/942
f 686/793/944 688/794/945 687/795/946
f 688/794/945 689/796/947 687/795/946
f 689/796/947 688/794/945 654/797/948 653/798/949
f 690/799/950 656/800/951 655/801/952
f 690/799/950 691/802/953 656/800/951
f 690/799/950 692/803/954 691/802/953
f 690/799/950 693/804/955 692/803/954
f 694/805/956 692/803/954 693/804/955
f 694/805/956 695/806/957 692/803/954
f 688/794/945 663/807/958 654/797/948
f 688/794/945 696/808/959 663/807/958
f 688/794/945 697/809/960 696/808/959
f 688/794/945 686/791/943 697/809/960
f 685/810/961 697/809/960 686/791/943
f 685/810/961 698/811/962 697/809/960
f 685/810/961 699/812/963 698/811/962
f 700/813/964 698/811/962 699/812/963
f 700/813/964 701/814/965 698/811/962
f 700/813/964 702/815/966 701/814/965
f 700/813/964 703/816/967 702/815/966
f 704/817/968 703/816/967 700/813/964
f 705/818/969 706/819/970 704/817/968
f 705/818/969 707/820/971 706/819/970
f 705/818/969 694/805/956 707/820/971
f 694/805/956 708/821/972 707/820/971
f 694/805/956 709/822/973 708/821/972
f 694/805/956 693/804/955 709/822/973
f 693/804/955 710/823/974 709/822/973
f 693/804/955 690/799/950 710/823/974
f 690/799/950 711/824/975 710/823/974
f 690/799/950 680/825/976 711/824/975
f 690/799/950 655/801/952 680/825/976
f 712/826/977 682/827/977 681/828/978
f 712/826/977 713/829/941 682/827/977
usemtl 380w_Tex

g 5

f 714/830/979 715/831/980 716/832/980 717/833/981
f 718/834/982 719/835/983 720/836/983 721/837/984
f 715/831/980 722/838/985 723/839/985 716/832/980
f 719/835/983 724/840/986 725/841/986 720/836/983
f 722/838/985 726/842/987 727/843/987 723/839/985
f 724/840/986 728/844/988 729/845/988 725/841/986
f 714/830/979 717/833/981 730/846/989
f 717/833/981 731/847/990 730/846/989
f 731/847/990 732/848/991 730/846/989
f 732/848/991 733/849/992 730/846/989
f 733/849/992 732/848/991 734/850/993
f 732/848/991 735/851/994 734/850/993
f 735/851/994 736/852/995 734/850/993
f 736/852/995 737/853/996 734/850/993
f 736/852/995 718/834/982 737/853/996
f 718/834/982 721/837/984 737/853/996
f 738/854/997 739/855/998 740/856/999
f 738/854/997 741/857/1000 739/855/998
f 738/854/997 742/858/1001 741/857/1000
f 738/854/997 743/859/1002 742/858/1001
f 744/860/1003 742/858/1001 743/859/1002
f 744/860/1003 745/861/1004 742/858/1001
f 744/860/1003 746/862/1005 745/861/1004
f 744/860/1003 747/863/1006 746/862/1005
f 748/864/1007 746/862/1005 747/863/1006
f 748/864/1007 749/865/1008 746/862/1005
f 748/864/1007 750/866/1009 749/865/1008
f 748/864/1007 751/867/1010 750/866/1009
f 752/868/1011 750/866/1009 751/867/1010
f 752/868/1011 753/869/1012 750/866/1009
f 752/868/1011 754/870/1013 753/869/1012
f 752/868/1011 755/871/1014 754/870/1013
f 756/872/1015 754/870/1013 755/871/1014
f 756/872/1015 757/873/1016 754/870/1013
f 756/872/1015 739/855/998 757/873/1016
f 756/872/1015 740/856/999 739/855/998
f 758/874/1017 759/875/1018 760/876/1019
f 761/877/1020 759/875/1018 762/878/1021
f 760/876/1019 759/875/1018 761/877/1020
f 758/874/1017 763/879/1022 764/880/1022 759/875/1018
f 763/879/1022 765/881/1023 766/882/1023 764/880/1022
f 765/881/1023 767/883/1024 768/884/1024 766/882/1023
f 767/883/1024 769/885/1025 770/886/1025 768/884/1024
f 771/887/1026 759/888/1027 772/889/1028
f 773/890/1029 759/888/1027 771/887/1026
f 762/891/1030 759/888/1027 773/890/1029
f 759/888/1027 764/892/1031 774/893/1031 772/889/1028
f 764/892/1031 766/894/1032 775/895/1032 774/893/1031
f 766/894/1032 768/896/1033 776/897/1033 775/895/1032
f 768/896/1033 770/898/1034 777/899/1034 776/897/1033
f 778/900/1035 779/901/1035 780/902/1036 781/903/1036
f 782/904/1037 783/905/1038 779/901/1035 778/900/1035
f 781/906/1039 780/907/1039 784/908/1040 785/909/1040
f 785/909/1040 784/908/1040 786/910/1041 787/911/1041
f 788/912/1042 789/913/1042 790/914/1043 791/915/1044
f 792/916/1045 793/917/1045 789/913/1042 788/912/1042
f 794/918/1046 795/919/1047 793/917/1045 792/916/1045
f 787/911/1041 786/910/1041 796/920/1048 797/921/1049
f 798/922/1050 799/923/1050 800/924/1051 801/925/1051
f 801/925/1051 800/924/1051 802/926/1052 803/927/1052
f 804/928/1053 805/929/1053 806/930/1054 807/931/1054
f 807/931/1054 806/930/1054 808/932/1055 809/933/1055
f 803/934/1056 802/935/1056 805/929/1053 804/928/1053
f 810/936/1057 811/937/1057 799/938/1057 798/939/1057
f 812/940/1058 813/941/1058 811/942/1059 810/943/1059
f 814/944/1060 815/945/1060 816/946/1061 817/947/1061
f 817/947/1061 816/946/1061 813/941/1058 812/940/1058
f 818/948/1062 819/949/1062 820/950/1063 821/951/1063
f 822/952/1064 823/953/1064 819/949/1062 818/948/1062
f 821/954/1065 820/955/1065 824/956/1066 825/957/1066
f 825/957/1066 824/956/1066 826/958/1067 827/959/1067
f 827/959/1067 826/958/1067 828/960/1068 829/961/1068
f 829/961/1068 828/960/1068 830/962/1069 831/963/1069
f 831/963/1069 830/962/1069 832/964/1070 833/965/1070
f 834/966/1071 835/967/1071 823/968/1072 822/969/1072
f 836/970/1073 837/971/1073 838/972/1074 839/973/1074
f 839/973/1074 838/972/1074 835/967/1071 834/966/1071
f 840/974/1075 841/975/1076 842/976/1077 843/977/1078
f 840/974/1075 844/978/1079 845/979/1080 841/975/1076
f 797/921/1049 844/978/1079 840/974/1075
f 797/921/1049 796/920/1048 844/978/1079
f 782/904/1037 841/975/1076 783/905/1038
f 841/975/1076 845/979/1080 783/905/1038
f 841/975/1076 791/915/1044 842/976/1077
f 791/915/1044 790/914/1043 842/976/1077
f 840/974/1075 795/919/1047 794/918/1046
f 840/974/1075 843/977/1078 795/919/1047
f 846/980/1081 847/981/1081 848/982/1082 849/983/1082
f 850/984/1083 851/985/1083 847/981/1081 846/980/1081
f 852/986/1084 853/987/1084 851/985/1083 850/984/1083
f 852/986/1084 854/988/1085 855/989/1085 853/987/1084
f 854/988/1085 856/990/1086 857/991/1086 855/989/1085
f 856/990/1086 858/992/1087 859/993/1087 857/991/1086
f 848/982/1082 860/994/1088 861/995/1089 849/983/1082
f 862/996/1090 863/997/1091 864/998/1091 865/981/1090
f 866/999/1092 862/996/1090 865/981/1090 867/985/1092
f 868/1000/1093 866/999/1092 867/985/1092 869/1001/1094
f 870/1002/1095 871/991/1096 872/1003/1096 873/1004/1096
f 864/998/1091 863/997/1091 874/995/1097 875/994/1098
f 860/994/1088 875/994/1098 861/995/1089
f 875/994/1098 874/995/1097 861/995/1089
f 871/991/1096 870/1002/1095 869/1001/1094
f 870/1002/1095 868/1000/1093 869/1001/1094
f 876/1005/1099 877/1006/1099 878/1007/1100 879/1008/1100
f 879/1008/1100 878/1007/1100 880/1009/1101 881/1010/1101
f 881/1010/1101 880/1009/1101 882/1011/1102 883/1012/1102
f 883/1012/1102 882/1011/1102 884/1013/1103 885/1014/1103
f 885/1014/1103 884/1013/1103 886/1015/1104 887/1016/1104
f 887/1016/1104 886/1015/1104 888/1017/1105 889/1018/1105
f 890/1019/1106 891/1020/1106 877/1006/1099 876/1005/1099
f 892/1021/1107 893/1022/1107 894/1023/1108 895/1024/1108
f 896/1025/1109 897/1026/1109 893/1022/1107 892/1021/1107
f 898/1027/1110 899/1028/1111 897/1026/1109 896/1025/1109
f 900/1029/1112 901/1030/1112 902/1031/1113 903/1032/1114
f 895/1024/1108 894/1023/1108 904/1033/1115 905/1019/1115
f 905/1019/1115 904/1033/1115 891/1020/1106 890/1019/1106
f 903/1032/1114 899/1028/1111 898/1027/1110
f 903/1032/1114 902/1031/1113 899/1028/1111
f 846/980/1116 849/983/1117 876/1005/1117 879/1008/1116
f 850/984/1118 846/980/1116 879/1008/1116 881/1010/1118
f 852/986/1119 850/984/1118 881/1010/1118 883/1012/1119
f 883/1012/1119 885/1014/1120 854/988/1120 852/986/1119
f 885/1014/1120 887/1016/1121 856/990/1121 854/988/1120
f 887/1016/1121 889/1018/1122 858/992/1122 856/990/1121
f 849/983/1117 861/995/1123 890/1019/1124 876/1005/1117
f 862/996/1125 892/1021/1125 895/1024/1126 863/997/1126
f 866/999/1127 896/1025/1127 892/1021/1125 862/996/1125
f 868/1000/1128 898/1027/1129 896/1025/1127 866/999/1127
f 903/1032/1130 870/1002/1131 873/1004/1132 900/1029/1132
f 863/997/1126 895/1024/1126 905/1019/1133 874/995/1134
f 874/995/1134 905/1019/1133 861/995/1123
f 905/1019/1133 890/1019/1124 861/995/1123
f 903/1032/1130 898/1027/1129 870/1002/1131
f 898/1027/1129 868/1000/1128 870/1002/1131
f 906/1034/1135 907/1035/1136 908/1036/1137
f 909/1037/1138 907/1035/1136 910/1038/1139
f 910/1038/1139 907/1035/1136 906/1034/1135
f 907/1035/1136 911/1039/1140 912/1040/1140 908/1036/1137
f 911/1039/1140 913/1041/1141 914/1042/1141 912/1040/1140
f 913/1041/1141 915/1043/1142 916/1044/1142 914/1042/1141
f 917/1036/1143 907/1035/1144 918/1045/1145
f 918/1045/1145 907/1035/1144 919/1046/1146
f 919/1046/1146 907/1035/1144 909/1037/1147
f 917/1036/1143 920/1047/1148 911/1039/1148 907/1035/1144
f 920/1047/1148 921/1042/1149 913/1041/1149 911/1039/1148
f 921/1042/1149 922/1044/1150 915/1043/1150 913/1041/1149
f 923/1048/1151 924/1049/1152 925/1050/1153 926/1051/1153
f 927/1049/1154 928/1048/1155 929/1052/1156 930/1053/1156
f 926/1051/1153 925/1050/1153 931/1054/1157 932/1055/1157
f 930/1053/1156 929/1052/1156 933/1056/1158 934/1057/1158
f 932/1055/1157 931/1054/1157 727/1058/1159 726/1059/1159
f 934/1057/1158 933/1056/1158 729/1059/1160 728/1058/1160
f 935/1060/1161 924/1049/1152 923/1048/1151
f 935/1060/1161 936/1061/1162 924/1049/1152
f 935/1060/1161 937/1062/1163 936/1061/1162
f 935/1060/1161 938/1063/1164 937/1062/1163
f 939/1063/1165 937/1062/1163 938/1063/1164
f 939/1063/1165 940/1062/1166 937/1062/1163
f 939/1063/1165 941/1061/1167 940/1062/1166
f 939/1063/1165 942/1060/1168 941/1061/1167
f 942/1060/1168 927/1049/1154 941/1061/1167
f 942/1060/1168 928/1048/1155 927/1049/1154
f 943/1064/1169 944/1065/1170 945/1066/1171
f 944/1065/1170 946/1067/1172 945/1066/1171
f 946/1067/1172 947/1068/1173 945/1066/1171
f 947/1068/1173 948/1069/1174 945/1066/1171
f 948/1069/1174 947/1068/1173 949/1070/1175
f 947/1068/1173 950/1071/1176 949/1070/1175
f 950/1071/1176 951/1071/1177 949/1070/1175
f 951/1071/1177 952/1070/1178 949/1070/1175
f 952/1070/1178 951/1071/1177 953/1069/1179
f 951/1071/1177 954/1068/1180 953/1069/1179
f 954/1068/1180 955/1067/1181 953/1069/1179
f 955/1067/1181 956/1066/1182 953/1069/1179
f 956/1066/1182 955/1067/1181 957/1064/1183
f 955/1067/1181 958/1065/1184 957/1064/1183
f 958/1065/1184 959/1072/1185 957/1064/1183
f 959/1072/1185 960/1073/1186 957/1064/1183
f 960/1073/1186 959/1072/1185 961/1073/1187
f 959/1072/1185 962/1072/1188 961/1073/1187
f 962/1072/1188 944/1065/1170 961/1073/1187
f 944/1065/1170 943/1064/1169 961/1073/1187
f 963/1074/1189 964/1075/1190 965/1076/1191
f 966/1077/1192 964/1075/1190 967/1078/1193
f 967/1078/1193 964/1075/1190 963/1074/1189
f 965/1076/1191 964/1075/1190 968/1079/1194 969/1080/1194
f 969/1080/1194 968/1079/1194 970/1081/1195 971/1082/1195
f 971/1082/1195 970/1081/1195 972/1083/1196 973/1084/1196
f 973/1084/1196 972/1083/1196 770/1085/1197 769/1086/1197
f 974/1076/1198 964/1075/1199 975/1087/1200
f 975/1087/1200 964/1075/1199 976/1088/1201
f 976/1088/1201 964/1075/1199 966/1077/1202
f 964/1075/1199 974/1076/1198 977/1089/1203 968/1079/1203
f 968/1079/1203 977/1089/1203 978/1082/1204 970/1081/1204
f 970/1081/1204 978/1082/1204 979/1084/1205 972/1083/1205
f 972/1083/1205 979/1084/1205 777/1086/1206 770/1085/1206
f 980/1090/1207 981/1091/1208 982/1092/1208 983/1093/1207
f 984/1094/1209 980/1090/1207 983/1093/1207 985/1095/1210
f 981/1091/1211 986/1096/1212 987/1097/1212 982/1092/1211
f 986/1096/1212 988/1098/1213 989/1099/1213 987/1097/1212
f 990/1100/1214 991/1101/1215 992/1102/1216 993/1103/1214
f 994/1104/1217 990/1100/1214 993/1103/1214 995/1105/1217
f 996/1106/1218 994/1104/1217 995/1105/1217 997/1107/1219
f 988/1098/1213 998/1108/1220 999/1109/1221 989/1099/1213
f 1000/1110/1222 1001/1111/1223 1002/1112/1223 1003/1113/1222
f 1001/1111/1223 1004/1114/1224 1005/1115/1224 1002/1112/1223
f 1006/1116/1225 1007/1117/1226 1008/1118/1226 1009/1119/1225
f 1007/1117/1226 809/1120/1227 808/1121/1227 1008/1118/1226
f 1004/1114/1228 1006/1116/1225 1009/1119/1225 1005/1115/1228
f 1010/1122/1229 1000/1110/1229 1003/1113/1229 1011/1123/1229
f 1012/1124/1230 1010/1122/1231 1011/1123/1231 1013/1125/1230
f 814/1126/1232 1014/1127/1233 1015/1128/1233 815/1129/1232
f 1014/1127/1233 1012/1124/1230 1013/1125/1230 1015/1128/1233
f 1016/1130/1234 1017/1131/1235 1018/1132/1235 1019/1133/1234
f 1020/1134/1236 1016/1130/1234 1019/1133/1234 1021/1135/1236
f 1017/1131/1237 1022/1136/1238 1023/1137/1238 1018/1132/1237
f 1022/1136/1238 1024/1138/1239 1025/1139/1239 1023/1137/1238
f 1024/1138/1239 1026/1140/1240 1027/1141/1240 1025/1139/1239
f 1026/1140/1240 1028/1142/1241 1029/1143/1241 1027/1141/1240
f 1028/1142/1241 833/1144/1242 832/1145/1242 1029/1143/1241
f 1030/1146/1243 1020/1134/1244 1021/1135/1244 1031/1147/1243
f 836/1148/1245 1032/1149/1246 1033/1150/1246 837/1151/1245
f 1032/1149/1246 1030/1146/1243 1031/1147/1243 1033/1150/1246
f 1034/1152/1247 1035/1153/1248 1036/1154/1249 1037/1155/1250
f 1034/1152/1247 1037/1155/1250 1038/1156/1251 1039/1157/1252
f 1034/1152/1247 1039/1157/1252 998/1108/1220
f 1039/1157/1252 999/1109/1221 998/1108/1220
f 985/1095/1210 1037/1155/1250 984/1094/1209
f 985/1095/1210 1038/1156/1251 1037/1155/1250
f 1036/1154/1249 991/1101/1215 1037/1155/1250
f 1036/1154/1249 992/1102/1216 991/1101/1215
f 996/1106/1218 997/1107/1219 1034/1152/1247
f 997/1107/1219 1035/1153/1248 1034/1152/1247
f 1040/1158/1253 1041/1159/1254 1042/1160/1254 1043/1161/1253
f 1044/1162/1255 1040/1158/1253 1043/1161/1253 1045/1163/1255
f 1046/1164/1256 1044/1162/1255 1045/1163/1255 1047/1165/1256
f 1046/1164/1256 1047/1165/1256 1048/1166/1257 1049/1167/1257
f 1049/1167/1257 1048/1166/1257 1050/1168/1258 1051/1169/1258
f 1051/1169/1258 1050/1168/1258 859/993/1259 858/992/1259
f 1042/1160/1254 1041/1159/1254 1052/1170/1260 1053/1171/1261
f 1054/1172/1262 1055/1161/1262 1056/1173/1263 1057/1174/1263
f 1058/1175/1264 1059/1163/1264 1055/1161/1262 1054/1172/1262
f 1060/1176/1265 1061/1177/1266 1059/1163/1264 1058/1175/1264
f 1062/1178/1267 873/1004/1268 872/1003/1268 1063/1168/1269
f 1056/1173/1263 1064/1171/1270 1065/1170/1271 1057/1174/1263
f 1052/1170/1260 1064/1171/1270 1053/1171/1261
f 1052/1170/1260 1065/1170/1271 1064/1171/1270
f 1061/1177/1266 1062/1178/1267 1063/1168/1269
f 1061/1177/1266 1060/1176/1265 1062/1178/1267
f 1066/1179/1272 1067/1180/1273 1068/1181/1273 1069/1182/1272
f 1067/1180/1273 1070/1183/1274 1071/1184/1274 1068/1181/1273
f 1070/1183/1274 1072/1185/1275 1073/1186/1275 1071/1184/1274
f 1072/1185/1275 1074/1187/1276 1075/1188/1276 1073/1186/1275
f 1074/1187/1276 1076/1189/1277 1077/1190/1277 1075/1188/1276
f 1076/1189/1277 889/1018/1278 888/1017/1278 1077/1190/1277
f 1078/1191/1279 1066/1179/1272 1069/1182/1272 1079/1192/1279
f 1080/1193/1280 1081/1194/1281 1082/1195/1281 1083/1196/1280
f 1084/1197/1282 1080/1193/1280 1083/1196/1280 1085/1198/1282
f 1086/1199/1283 1084/1197/1282 1085/1198/1282 1087/1200/1284
f 900/1029/1285 1088/1201/1286 1089/1202/1287 901/1030/1285
f 1081/1194/1281 1090/1191/1288 1091/1203/1288 1082/1195/1281
f 1090/1191/1288 1078/1191/1279 1079/1192/1279 1091/1203/1288
f 1086/1199/1283 1087/1200/1284 1088/1201/1286
f 1087/1200/1284 1089/1202/1287 1088/1201/1286
f 1040/1158/1289 1067/1180/1289 1066/1179/1290 1041/1159/1290
f 1044/1162/1291 1070/1183/1291 1067/1180/1289 1040/1158/1289
f 1046/1164/1292 1072/1185/1292 1070/1183/1291 1044/1162/1291
f 1072/1185/1292 1046/1164/1292 1049/1167/1293 1074/1187/1293
f 1074/1187/1293 1049/1167/1293 1051/1169/1294 1076/1189/1294
f 1076/1189/1294 1051/1169/1294 858/992/1295 889/1018/1295
f 1041/1159/1290 1066/1179/1290 1078/1191/1296 1052/1170/1297
f 1054/1172/1298 1057/1174/1299 1081/1194/1299 1080/1193/1298
f 1058/1175/1300 1054/1172/1298 1080/1193/1298 1084/1197/1300
f 1060/1176/1301 1058/1175/1300 1084/1197/1300 1086/1199/1302
f 1088/1201/1303 900/1029/1304 873/1004/1304 1062/1178/1305
f 1057/1174/1299 1065/1170/1306 1090/1191/1307 1081/1194/1299
f 1052/1170/1297 1090/1191/1307 1065/1170/1306
f 1052/1170/1297 1078/1191/1296 1090/1191/1307
f 1062/1178/1305 1086/1199/1302 1088/1201/1303
f 1062/1178/1305 1060/1176/1301 1086/1199/1302
f 1092/1204/1308 1093/1205/1309 1094/1206/1310
f 1095/1207/1311 1093/1205/1309 1096/1208/1312
f 1094/1206/1310 1093/1205/1309 1095/1207/1311
f 1093/1205/1309 1092/1204/1308 1097/1209/1313 1098/1210/1313
f 1098/1210/1313 1097/1209/1313 1099/1211/1314 1100/1212/1314
f 1100/1212/1314 1099/1211/1314 916/1044/1315 915/1043/1315
f 1101/1213/1316 1093/1205/1317 1102/1204/1318
f 1103/1214/1319 1093/1205/1317 1101/1213/1316
f 1096/1208/1320 1093/1205/1317 1103/1214/1319
f 1102/1204/1318 1093/1205/1317 1098/1210/1321 1104/1215/1321
f 1104/1215/1321 1098/1210/1321 1100/1212/1322 1105/1211/1322
f 1105/1211/1322 1100/1212/1322 915/1043/1323 922/1044/1323
usemtl 380w_Tex

g 6

f 1106/1216/1324 1107/1217/1324 1108/1218/1325 1109/1219/1325
f 1109/1219/1325 1108/1218/1325 1110/1220/1326 1111/1221/1326
f 1111/1221/1326 1110/1220/1326 1112/1222/1327 1113/1223/1327
f 1113/1223/1327 1112/1222/1327 1114/1224/1328 1115/1225/1328
f 1115/1225/1328 1114/1224/1328 1116/1226/1329 1117/1227/1329
f 1117/1227/1329 1116/1226/1329 1118/1228/1330 1119/1229/1330
f 1120/1230/1331 1121/1231/1331 1122/1232/1331 1123/1233/1331
f 1124/1234/1332 1125/1235/1332 1126/1236/1333 1127/1237/1333
f 1128/1238/1334 1129/1239/1334 1125/1235/1332 1124/1234/1332
f 1130/1240/1335 1131/1241/1335 1129/1239/1334 1128/1238/1334
f 1132/1242/1336 1133/1243/1336 1131/1241/1335 1130/1240/1335
f 1123/1244/1337 1122/1245/1337 1133/1243/1336 1132/1242/1336
f 1127/1237/1333 1126/1236/1333 1134/1246/1338 1135/1247/1338
f 1136/1248/1339 1137/1249/1339 1107/1250/1340 1106/1251/1340
f 1138/1252/1341 1139/1253/1341 1137/1249/1339 1136/1248/1339
f 1140/1254/1342 1141/1255/1342 1142/1256/1343 1143/1257/1343
f 1119/1258/1344 1118/1259/1344 1141/1255/1342 1140/1254/1342
f 1143/1257/1343 1142/1256/1343 1144/1260/1345 1145/1261/1345
f 1146/1262/1346 1147/1263/1346 1121/1264/1347 1120/1265/1347
f 1148/1266/1348 1149/1267/1348 1147/1263/1346 1146/1262/1346
f 1126/1268/1349 1149/1269/1350 1134/1270/1351
f 1126/1268/1349 1147/1271/1352 1149/1269/1350
f 1126/1268/1349 1125/1272/1353 1147/1271/1352
f 1125/1272/1353 1129/1273/1354 1147/1271/1352
f 1129/1273/1354 1131/1274/1355 1147/1271/1352
f 1131/1274/1355 1121/1275/1356 1147/1271/1352
f 1121/1275/1356 1131/1274/1355 1122/1276/1357
f 1131/1274/1355 1133/1277/1358 1122/1276/1357
f 1139/1278/1359 1144/1279/1360 1137/1280/1361
f 1144/1279/1360 1142/1281/1362 1137/1280/1361
f 1142/1281/1362 1141/1282/1363 1137/1280/1361
f 1141/1282/1363 1107/1283/1364 1137/1280/1361
f 1107/1283/1364 1141/1282/1363 1108/1284/1365
f 1141/1282/1363 1118/1285/1366 1108/1284/1365
f 1118/1285/1366 1116/1286/1367 1108/1284/1365
f 1116/1286/1367 1110/1287/1368 1108/1284/1365
f 1110/1287/1368 1116/1286/1367 1112/1288/1369
f 1116/1286/1367 1114/1289/1370 1112/1288/1369
f 1150/1290/1371 1151/1291/1372 1152/1292/1373 1153/1293/1374
f 1154/1294/1375 1155/1295/1376 1156/1296/1377 1157/1297/1378
f 1157/1297/1378 1158/1298/1379 1159/1299/1380 1154/1294/1375
f 1150/1290/1371 1160/1300/1381 1161/1301/1382 1151/1291/1372
f 1160/1300/1381 1162/1302/1383 1163/1303/1384 1161/1301/1382
f 1159/1299/1380 1164/1304/1385 1165/1305/1386
f 1159/1299/1380 1166/1306/1387 1164/1304/1385
f 1159/1299/1380 1167/1307/1388 1166/1306/1387
f 1159/1299/1380 1158/1298/1379 1167/1307/1388
f 1168/1308/1389 1169/1309/1390 1158/1298/1379
f 1169/1309/1390 1167/1307/1388 1158/1298/1379
f 1165/1305/1386 1170/1310/1391 1159/1299/1380
f 1170/1310/1391 1171/1311/1392 1159/1299/1380
f 1171/1311/1392 1172/1312/1393 1159/1299/1380
f 1172/1312/1393 1154/1294/1375 1159/1299/1380
f 1173/1313/1394 1174/1314/1395 1175/1315/1396
f 1174/1314/1395 1176/1316/1397 1175/1315/1396
f 1176/1316/1397 1170/1310/1391 1175/1315/1396
f 1173/1313/1394 1175/1315/1396 1162/1302/1383
f 1175/1315/1396 1177/1317/1398 1162/1302/1383
f 1177/1317/1398 1178/1318/1399 1162/1302/1383
f 1178/1318/1399 1179/1319/1400 1162/1302/1383
f 1179/1319/1400 1163/1303/1384 1162/1302/1383
f 1179/1319/1400 1180/1320/1401 1163/1303/1384
f 1181/1321/1402 1182/1322/1403 1183/1323/1404
f 1182/1322/1403 1184/1324/1405 1183/1323/1404
f 1184/1324/1405 1182/1322/1403 1160/1300/1381
f 1182/1322/1403 1173/1313/1394 1160/1300/1381
f 1173/1313/1394 1162/1302/1383 1160/1300/1381
f 1150/1290/1371 1184/1324/1405 1160/1300/1381
f 1150/1290/1371 1185/1325/1406 1184/1324/1405
f 1150/1290/1371 1186/1326/1407 1185/1325/1406
f 1150/1290/1371 1153/1293/1374 1186/1326/1407
f 1187/1327/1408 1152/1292/1373 1188/1328/1409
f 1187/1327/1408 1153/1293/1374 1152/1292/1373
f 1187/1327/1408 1189/1329/1410 1153/1293/1374
f 1190/1330/1411 1191/1331/1412 1192/1332/1413
f 1191/1331/1412 1193/1333/1414 1192/1332/1413
f 1191/1331/1412 1190/1330/1411 1194/1334/1415
f 1153/1293/1374 1189/1329/1410 1194/1334/1415
f 1192/1332/1413 1193/1333/1414 1155/1295/1376
f 1193/1333/1414 1195/1335/1416 1155/1295/1376
f 1195/1335/1416 1196/1336/1417 1155/1295/1376
f 1196/1336/1417 1156/1296/1377 1155/1295/1376
f 1196/1336/1417 1197/1337/1418 1156/1296/1377
f 1197/1337/1418 1198/1338/1419 1156/1296/1377
f 1183/1323/1404 1192/1332/1413 1154/1294/1375
f 1192/1332/1413 1155/1295/1376 1154/1294/1375
f 1154/1294/1375 1172/1312/1393 1181/1321/1402
f 1170/1310/1391 1165/1305/1386 1175/1315/1396
f 1154/1294/1375 1181/1321/1402 1183/1323/1404
f 1194/1334/1415 1190/1330/1411 1153/1293/1374
f 1190/1330/1411 1186/1326/1407 1153/1293/1374
f 1199/1339/1420 1200/1340/1421 1201/1341/1421 1202/1342/1420
f 1200/1340/1421 1203/1343/1422 1204/1344/1422 1201/1341/1421
f 1203/1343/1422 1205/1345/1423 1206/1346/1423 1204/1344/1422
f 1205/1345/1423 1207/1347/1424 1208/1348/1424 1206/1346/1423
f 1207/1347/1424 1209/1349/1425 1210/1350/1425 1208/1348/1424
f 1209/1349/1425 1211/1351/1426 1212/1352/1426 1210/1350/1425
f 1213/1353/1427 1214/1354/1427 1215/1355/1427 1216/1356/1427
f 1217/1357/1332 1218/1358/1428 1219/1359/1428 1220/1360/1332
f 1221/1361/1429 1217/1357/1332 1220/1360/1332 1222/1362/1429
f 1223/1363/1430 1221/1361/1429 1222/1362/1429 1224/1364/1430
f 1225/1365/1431 1223/1363/1430 1224/1364/1430 1226/1366/1431
f 1214/1354/1432 1225/1365/1431 1226/1366/1431 1215/1355/1432
f 1218/1358/1428 1227/1367/1433 1228/1368/1433 1219/1359/1428
f 1229/1369/1434 1199/1339/1340 1202/1342/1340 1230/1370/1434
f 1231/1371/1435 1229/1369/1434 1230/1370/1434 1232/1368/1435
f 1233/1372/1436 1234/1373/1437 1235/1374/1437 1236/1375/1436
f 1211/1351/1438 1233/1372/1436 1236/1375/1436 1212/1352/1438
f 1234/1373/1437 1237/1376/1439 1238/1377/1439 1235/1374/1437
f 1239/1378/1440 1213/1353/1441 1216/1356/1441 1240/1379/1440
f 1241/1380/1442 1239/1378/1440 1240/1379/1440 1242/1381/1442
f 1228/1368/1443 1242/1381/1444 1219/1359/1445
f 1242/1381/1444 1240/1379/1446 1219/1359/1445
f 1240/1379/1446 1220/1360/1447 1219/1359/1445
f 1240/1379/1446 1222/1362/1448 1220/1360/1447
f 1240/1379/1446 1224/1364/1449 1222/1362/1448
f 1240/1379/1446 1216/1356/1450 1224/1364/1449
f 1215/1355/1451 1224/1364/1449 1216/1356/1450
f 1215/1355/1451 1226/1366/1452 1224/1364/1449
f 1230/1370/1453 1238/1377/1454 1232/1368/1455
f 1230/1370/1453 1235/1374/1456 1238/1377/1454
f 1230/1370/1453 1236/1375/1457 1235/1374/1456
f 1230/1370/1453 1202/1342/1458 1236/1375/1457
f 1201/1341/1459 1236/1375/1457 1202/1342/1458
f 1201/1341/1459 1212/1352/1460 1236/1375/1457
f 1201/1341/1459 1210/1350/1461 1212/1352/1460
f 1201/1341/1459 1204/1344/1462 1210/1350/1461
f 1206/1346/1463 1210/1350/1461 1204/1344/1462
f 1206/1346/1463 1208/1348/1464 1210/1350/1461
f 1243/1382/1465 1244/1382/1466 1245/1383/1467 1246/1383/1468
f 1247/1384/1469 1248/1385/1470 1249/1385/1471 1250/1384/1472
f 1248/1385/1470 1247/1384/1469 1251/1384/1473 1252/1385/1474
f 1243/1382/1465 1246/1383/1468 1253/1386/1475 1254/1387/1476
f 1254/1387/1476 1253/1386/1475 1255/1388/1477 1256/1389/1478
f 1257/1390/1479 1258/1391/1480 1251/1384/1473
f 1258/1391/1480 1259/1392/1481 1251/1384/1473
f 1259/1392/1481 1260/1393/1482 1251/1384/1473
f 1260/1393/1482 1252/1385/1474 1251/1384/1473
f 1252/1385/1474 1261/1394/1483 1168/1395/1484
f 1252/1385/1474 1260/1393/1482 1261/1394/1483
f 1251/1384/1473 1262/1396/1485 1257/1390/1479
f 1251/1384/1473 1263/1397/1486 1262/1396/1485
f 1251/1384/1473 1264/1398/1487 1263/1397/1486
f 1251/1384/1473 1247/1384/1469 1264/1398/1487
f 1265/1399/1488 1266/1400/1489 1267/1401/1490
f 1265/1399/1488 1268/1402/1491 1266/1400/1489
f 1265/1399/1488 1262/1396/1485 1268/1402/1491
f 1256/1389/1478 1265/1399/1488 1267/1401/1490
f 1256/1389/1478 1269/1403/1492 1265/1399/1488
f 1256/1389/1478 1270/1404/1493 1269/1403/1492
f 1256/1389/1478 1271/1405/1494 1270/1404/1493
f 1256/1389/1478 1255/1388/1477 1271/1405/1494
f 1255/1388/1477 1180/1406/1495 1271/1405/1494
f 1272/1407/1496 1273/1408/1497 1274/1407/1498
f 1272/1407/1496 1275/1409/1499 1273/1408/1497
f 1254/1387/1476 1273/1408/1497 1275/1409/1499
f 1254/1387/1476 1267/1401/1490 1273/1408/1497
f 1254/1387/1476 1256/1389/1478 1267/1401/1490
f 1254/1387/1476 1275/1409/1499 1243/1382/1465
f 1275/1409/1499 1276/1410/1500 1243/1382/1465
f 1276/1410/1500 1277/1411/1501 1243/1382/1465
f 1277/1411/1501 1244/1382/1466 1243/1382/1465
f 1188/1328/1502 1245/1383/1467 1278/1412/1503
f 1245/1383/1467 1244/1382/1466 1278/1412/1503
f 1244/1382/1466 1279/1413/1504 1278/1412/1503
f 1280/1414/1505 1281/1415/1506 1282/1416/1507
f 1280/1414/1505 1283/1417/1508 1281/1415/1506
f 1284/1418/1509 1282/1416/1507 1281/1415/1506
f 1284/1418/1509 1279/1413/1504 1244/1382/1466
f 1250/1384/1472 1283/1417/1508 1280/1414/1505
f 1250/1384/1472 1285/1419/1510 1283/1417/1508
f 1250/1384/1472 1286/1420/1511 1285/1419/1510
f 1250/1384/1472 1249/1385/1471 1286/1420/1511
f 1249/1385/1471 1287/1421/1512 1286/1420/1511
f 1249/1385/1471 1198/1338/1513 1287/1421/1512
f 1247/1384/1469 1280/1414/1505 1272/1407/1496
f 1247/1384/1469 1250/1384/1472 1280/1414/1505
f 1274/1407/1498 1264/1398/1487 1247/1384/1469
f 1265/1399/1488 1257/1390/1479 1262/1396/1485
f 1272/1407/1496 1274/1407/1498 1247/1384/1469
f 1244/1382/1466 1282/1416/1507 1284/1418/1509
f 1244/1382/1466 1277/1411/1501 1282/1416/1507
usemtl 380w_Tex

g 7

f 1288/1422/1514 1289/1423/1515 1290/1424/1516 1291/1425/1517
f 1292/1426/1518 1293/1427/1519 1294/1428/1520 1295/1429/1521
f 1296/1430/1522 1297/1431/1523 1288/1422/1514
f 1297/1431/1523 1298/1432/1524 1288/1422/1514
f 1298/1432/1524 1299/1433/1525 1288/1422/1514
f 1299/1433/1525 1300/1434/1526 1288/1422/1514
f 1300/1434/1526 1301/1435/1527 1288/1422/1514
f 1301/1435/1527 1289/1423/1515 1288/1422/1514
f 1291/1425/1517 1302/1436/1528 1303/1437/1529
f 1291/1425/1517 1292/1426/1518 1302/1436/1528
f 1291/1425/1517 1293/1427/1519 1292/1426/1518
f 1291/1425/1517 1290/1424/1516 1293/1427/1519
f 1292/1426/1518 1304/1438/1530 1302/1436/1528
f 1295/1429/1521 1305/1439/1531 1306/1440/1532
f 1295/1429/1521 1307/1441/1533 1305/1439/1531
f 1295/1429/1521 1308/1442/1534 1307/1441/1533
f 1295/1429/1521 1309/1443/1535 1308/1442/1534
f 1295/1429/1521 1310/1444/1536 1309/1443/1535
f 1295/1429/1521 1294/1428/1520 1310/1444/1536
f 1294/1428/1520 1311/1445/1537 1310/1444/1536
f 1312/1446/1538 1313/1447/1539 1290/1448/1540 1289/1449/1541
f 1314/1450/1542 1315/1451/1543 1294/1452/1544 1293/1453/1545
f 1312/1446/1538 1316/1454/1546 1317/1455/1522
f 1312/1446/1538 1318/1456/1547 1316/1454/1546
f 1312/1446/1538 1319/1457/1548 1318/1456/1547
f 1312/1446/1538 1320/1458/1549 1319/1457/1548
f 1312/1446/1538 1301/1459/1550 1320/1458/1549
f 1312/1446/1538 1289/1449/1541 1301/1459/1550
f 1321/1460/1551 1322/1461/1552 1313/1447/1539
f 1322/1461/1552 1314/1450/1542 1313/1447/1539
f 1314/1450/1542 1293/1453/1545 1313/1447/1539
f 1293/1453/1545 1290/1448/1540 1313/1447/1539
f 1322/1461/1552 1323/1462/1553 1314/1450/1542
f 1324/1463/1532 1325/1464/1554 1315/1451/1543
f 1325/1464/1554 1326/1465/1555 1315/1451/1543
f 1326/1465/1555 1327/1466/1556 1315/1451/1543
f 1327/1466/1556 1328/1467/1557 1315/1451/1543
f 1328/1467/1557 1329/1468/1558 1315/1451/1543
f 1329/1468/1558 1294/1452/1544 1315/1451/1543
f 1329/1468/1558 1311/1469/1559 1294/1452/1544
usemtl 380w_Tex

g 8

f 1330/1470/1560 1331/1471/1561 1332/1472/1562
f 1331/1471/1561 1333/1473/1563 1332/1472/1562
f 1333/1473/1563 1334/1474/1564 1332/1472/1562
f 1334/1474/1564 1335/1475/1565 1332/1472/1562
f 1335/1475/1565 1336/1476/1566 1332/1472/1562
f 1336/1476/1566 1337/1477/1567 1332/1472/1562
f 1337/1477/1567 1338/1478/1568 1332/1472/1562
f 1338/1478/1568 1339/1479/1569 1332/1472/1562
f 1339/1479/1569 1340/1480/1570 1332/1472/1562
f 1340/1480/1570 1330/1470/1560 1332/1472/1562
f 1341/1481/1571 1342/1482/1572 1343/1483/1573
f 1341/1481/1571 1344/1484/1574 1342/1482/1572
f 1341/1481/1571 1345/1485/1575 1344/1484/1574
f 1341/1481/1571 1346/1486/1576 1345/1485/1575
f 1341/1481/1571 1347/1487/1577 1346/1486/1576
f 1341/1481/1571 1348/1488/1578 1347/1487/1577
f 1341/1481/1571 1349/1489/1579 1348/1488/1578
f 1341/1481/1571 1350/1490/1580 1349/1489/1579
f 1341/1481/1571 1351/1491/1581 1350/1490/1580
f 1341/1481/1571 1343/1483/1573 1351/1491/1581
usemtl 380w_Tex

g 9

f 1352/1492/1582 1353/1493/1583 1354/1494/1584
f 1353/1493/1583 1355/1495/1585 1354/1494/1584
f 1355/1495/1585 1356/1496/1586 1354/1494/1584
f 1356/1496/1586 1357/1497/1587 1354/1494/1584
f 1357/1497/1587 1356/1496/1586 1358/1498/1588
f 1356/1496/1586 1359/1499/1589 1358/1498/1588
f 1359/1499/1589 1360/1500/1590 1358/1498/1588
f 1360/1500/1590 1361/1501/1591 1358/1498/1588
f 1361/1501/1591 1360/1500/1590 1362/1502/1592
f 1360/1500/1590 1363/1503/1593 1362/1502/1592
f 1363/1503/1593 1364/1504/1594 1362/1502/1592
f 1364/1504/1594 1365/1505/1595 1362/1502/1592
f 1365/1505/1595 1364/1504/1594 1366/1506/1596
f 1364/1504/1594 1367/1507/1597 1366/1506/1596
f 1367/1507/1597 1368/1508/1598 1366/1506/1596
f 1368/1508/1598 1369/1509/1599 1366/1506/1596
f 1369/1509/1599 1368/1508/1598 1370/1510/1600
f 1368/1508/1598 1371/1511/1601 1370/1510/1600
f 1371/1511/1601 1372/1512/1602 1370/1510/1600
f 1372/1512/1602 1373/1513/1603 1370/1510/1600
f 1373/1513/1603 1372/1512/1602 1374/1514/1604
f 1372/1512/1602 1375/1515/1605 1374/1514/1604
f 1375/1515/1605 1376/1516/1606 1374/1514/1604
f 1376/1516/1606 1377/1517/1607 1374/1514/1604
f 1377/1517/1607 1376/1516/1606 1352/1492/1582
f 1376/1516/1606 1353/1493/1583 1352/1492/1582
f 1353/1518/1608 1376/1519/1608 1355/1520/1608
f 1376/1519/1608 1375/1521/1608 1355/1520/1608
f 1375/1521/1608 1356/1522/1608 1355/1520/1608
f 1372/1523/1608 1371/1524/1608 1375/1521/1608
f 1371/1524/1608 1356/1522/1608 1375/1521/1608
f 1371/1524/1608 1368/1525/1608 1356/1522/1608
f 1368/1525/1608 1367/1526/1608 1356/1522/1608
f 1367/1526/1608 1364/1527/1608 1356/1522/1608
f 1364/1527/1608 1363/1528/1608 1356/1522/1608
f 1363/1528/1608 1360/1529/1609 1356/1522/1608
f 1360/1529/1609 1359/1530/1609 1356/1522/1608
f 1378/1531/1610 1379/1532/1611 1380/1533/1612
f 1378/1531/1610 1381/1534/1610 1379/1532/1611
f 1378/1531/1610 1382/1535/1613 1381/1534/1610
f 1378/1531/1610 1383/1536/1614 1382/1535/1613
f 1384/1537/1615 1382/1535/1613 1383/1536/1614
f 1384/1537/1615 1385/1538/1616 1382/1535/1613
f 1384/1537/1615 1386/1539/1617 1385/1538/1616
f 1384/1537/1615 1387/1540/1618 1386/1539/1617
f 1388/1541/1619 1386/1539/1617 1387/1540/1618
f 1388/1541/1619 1389/1542/1620 1386/1539/1617
f 1388/1541/1619 1390/1543/1621 1389/1542/1620
f 1388/1541/1619 1391/1544/1622 1390/1543/1621
f 1392/1545/1623 1390/1543/1621 1391/1544/1622
f 1392/1545/1623 1393/1546/1624 1390/1543/1621
f 1392/1545/1623 1394/1547/1625 1393/1546/1624
f 1392/1545/1623 1395/1548/1626 1394/1547/1625
f 1396/1549/1627 1394/1547/1625 1395/1548/1626
f 1396/1549/1627 1397/1550/1628 1394/1547/1625
f 1396/1549/1627 1398/1551/1629 1397/1550/1628
f 1396/1549/1627 1399/1552/1630 1398/1551/1629
f 1400/1553/1631 1398/1551/1629 1399/1552/1630
f 1400/1553/1631 1401/1554/1632 1398/1551/1629
f 1400/1553/1631 1402/1555/1633 1401/1554/1632
f 1400/1553/1631 1403/1556/1634 1402/1555/1633
f 1380/1533/1612 1402/1555/1633 1403/1556/1634
f 1380/1533/1612 1379/1532/1611 1402/1555/1633
f 1381/1557/1608 1402/1558/1608 1379/1559/1608
f 1381/1557/1608 1401/1560/1608 1402/1558/1608
f 1381/1557/1608 1382/1561/1608 1401/1560/1608
f 1401/1560/1608 1397/1562/1608 1398/1563/1608
f 1401/1560/1608 1382/1561/1608 1397/1562/1608
f 1382/1561/1608 1394/1564/1608 1397/1562/1608
f 1382/1561/1608 1393/1565/1608 1394/1564/1608
f 1382/1561/1608 1390/1566/1608 1393/1565/1608
f 1382/1561/1608 1389/1567/1608 1390/1566/1608
f 1382/1561/1608 1386/1568/1608 1389/1567/1608
f 1382/1561/1608 1385/1569/1608 1386/1568/1608
usemtl Glass

g 10

f 1404/1570/1635 1405/1571/1636 1406/1572/1637
f 1404/1570/1635 1407/1573/1638 1405/1571/1636
f 1404/1570/1635 1408/1574/1639 1407/1573/1638
f 1404/1570/1635 1409/1575/1640 1408/1574/1639
f 1404/1570/1635 1410/1576/1641 1409/1575/1640
f 1411/1577/1642 1412/1578/1643 1413/1579/1644
f 1412/1578/1643 1409/1575/1640 1413/1579/1644
f 1409/1575/1640 1410/1576/1641 1413/1579/1644
f 1414/1580/1645 1415/1581/1646 1416/1582/1647
f 1415/1581/1646 1417/1583/1648 1416/1582/1647
f 1417/1583/1648 1418/1584/1649 1416/1582/1647
f 1417/1583/1648 1419/1585/1650 1418/1584/1649
f 1420/1586/1651 1421/1587/1652 1422/1588/1653
f 1421/1587/1652 1423/1589/1654 1422/1588/1653
f 1423/1589/1654 1424/1590/1655 1422/1588/1653
f 1423/1589/1654 1425/1591/1656 1424/1590/1655
f 1423/1589/1654 1426/1592/1657 1425/1591/1656
f 1426/1592/1657 1427/1593/1658 1425/1591/1656
f 1428/1594/1659 1429/1595/1660 1430/1596/1661
f 1429/1595/1660 1431/1597/1662 1430/1596/1661
f 1431/1597/1662 1432/1598/1663 1430/1596/1661
f 1432/1598/1663 1433/1599/1664 1430/1596/1661
f 1434/1600/1665 1435/1601/1666 1436/1602/1667
f 1435/1601/1666 1437/1603/1668 1436/1602/1667
f 1437/1603/1668 1438/1604/1669 1436/1602/1667
f 1438/1604/1669 1428/1594/1659 1436/1602/1667
f 1438/1604/1669 1429/1595/1660 1428/1594/1659
f 1406/1605/1670 1405/1606/1671 1439/1607/1672
f 1405/1606/1671 1440/1608/1673 1439/1607/1672
f 1440/1608/1673 1441/1609/1674 1439/1607/1672
f 1441/1609/1674 1442/1610/1675 1439/1607/1672
f 1442/1610/1675 1443/1611/1676 1439/1607/1672
f 1444/1612/1677 1445/1613/1678 1446/1614/1679
f 1444/1612/1677 1442/1610/1675 1445/1613/1678
f 1444/1612/1677 1443/1611/1676 1442/1610/1675
f 1447/1615/1680 1448/1616/1681 1449/1617/1682
f 1447/1615/1680 1450/1618/1683 1448/1616/1681
f 1447/1615/1680 1451/1619/1684 1450/1618/1683
f 1451/1619/1684 1452/1620/1685 1450/1618/1683
f 1453/1621/1686 1454/1622/1687 1455/1623/1688
f 1453/1621/1686 1456/1624/1689 1454/1622/1687
f 1453/1621/1686 1457/1625/1690 1456/1624/1689
f 1457/1625/1690 1458/1626/1691 1456/1624/1689
f 1458/1626/1691 1459/1627/1692 1456/1624/1689
f 1458/1626/1691 1460/1628/1693 1459/1627/1692
f 1461/1629/1694 1462/1630/1695 1463/1631/1696
f 1461/1629/1694 1464/1632/1697 1462/1630/1695
f 1461/1629/1694 1465/1633/1698 1464/1632/1697
f 1461/1629/1694 1466/1634/1699 1465/1633/1698
f 1467/1635/1700 1435/1636/1701 1434/1637/1702
f 1467/1635/1700 1468/1638/1703 1435/1636/1701
f 1467/1635/1700 1469/1639/1704 1468/1638/1703
f 1467/1635/1700 1463/1631/1696 1469/1639/1704
f 1463/1631/1696 1462/1630/1695 1469/1639/1704
usemtl TorinoWheelTex

g 1_W

f 1470/1640/1705 1471/1641/1706 1472/1642/1706 1473/1643/1705
f 1471/1641/1706 1474/1644/1707 1475/1645/1707 1472/1642/1706
f 1474/1644/1707 1476/1646/1708 1477/1647/1708 1475/1645/1707
f 1476/1646/1708 1478/1648/1709 1479/1649/1709 1477/1647/1708
f 1478/1648/1709 1480/1650/1710 1481/1651/1710 1479/1649/1709
f 1480/1650/1710 1482/1652/1711 1483/1653/1711 1481/1651/1710
f 1482/1652/1711 1484/1654/1712 1485/1655/1712 1483/1653/1711
f 1484/1654/1712 1486/1656/1713 1487/1657/1713 1485/1655/1712
f 1486/1656/1713 1488/1658/1714 1489/1659/1714 1487/1657/1713
f 1488/1658/1714 1490/1660/1715 1491/1661/1715 1489/1659/1714
f 1490/1660/1715 1492/1662/1716 1493/1663/1716 1491/1661/1715
f 1492/1662/1716 1494/1664/1717 1495/1665/1717 1493/1663/1716
f 1494/1664/1717 1496/1666/1718 1497/1667/1718 1495/1665/1717
f 1496/1666/1718 1498/1668/1719 1499/1669/1719 1497/1667/1718
f 1498/1668/1719 1500/1670/1720 1501/1671/1720 1499/1669/1719
f 1500/1670/1720 1502/1672/1721 1503/1673/1721 1501/1671/1720
f 1502/1672/1721 1504/1674/1722 1505/1675/1722 1503/1673/1721
f 1504/1674/1722 1506/1676/1723 1507/1677/1723 1505/1675/1722
f 1506/1676/1723 1508/1678/1724 1509/1679/1724 1507/1677/1723
f 1508/1678/1724 1470/1640/1705 1473/1643/1705 1509/1679/1724
f 1510/1680/1725 1511/1681/1726 1512/1682/1726 1513/1683/1725
f 1511/1681/1726 1514/1684/1727 1515/1685/1727 1512/1682/1726
f 1514/1684/1727 1516/1686/1728 1517/1687/1728 1515/1685/1727
f 1516/1686/1728 1518/1688/1729 1519/1689/1729 1517/1687/1728
f 1518/1688/1729 1520/1690/1730 1521/1691/1730 1519/1689/1729
f 1520/1690/1730 1522/1692/1731 1523/1693/1731 1521/1691/1730
f 1522/1692/1731 1524/1694/1732 1525/1695/1732 1523/1693/1731
f 1524/1694/1732 1526/1696/1733 1527/1697/1733 1525/1695/1732
f 1526/1696/1733 1528/1698/1734 1529/1699/1734 1527/1697/1733
f 1528/1698/1734 1530/1700/1735 1531/1701/1735 1529/1699/1734
f 1530/1700/1735 1532/1702/1736 1533/1703/1736 1531/1701/1735
f 1532/1702/1736 1534/1704/1737 1535/1705/1737 1533/1703/1736
f 1534/1704/1737 1536/1706/1738 1537/1707/1738 1535/1705/1737
f 1536/1706/1738 1538/1708/1739 1539/1709/1739 1537/1707/1738
f 1538/1708/1739 1540/1710/1740 1541/1711/1740 1539/1709/1739
f 1540/1710/1740 1542/1712/1741 1543/1713/1741 1541/1711/1740
f 1542/1712/1741 1544/1714/1742 1545/1715/1742 1543/1713/1741
f 1544/1714/1742 1546/1716/1743 1547/1717/1743 1545/1715/1742
f 1546/1716/1743 1548/1718/1744 1549/1719/1744 1547/1717/1743
f 1548/1718/1744 1510/1680/1725 1513/1683/1725 1549/1719/1744
f 1550/1720/1745 1551/1721/1746 1552/1722/1747 1553/1723/1748
f 1551/1721/1746 1554/1724/1749 1555/1725/1750 1552/1722/1747
f 1554/1724/1749 1556/1726/1751 1557/1727/1752 1555/1725/1750
f 1556/1726/1751 1558/1728/1753 1559/1729/1754 1557/1727/1752
f 1558/1728/1753 1560/1730/1755 1561/1731/1756 1559/1729/1754
f 1560/1730/1755 1562/1732/1757 1563/1733/1758 1561/1731/1756
f 1562/1732/1757 1564/1734/1759 1565/1735/1760 1563/1733/1758
f 1564/1734/1759 1566/1736/1761 1567/1737/1762 1565/1735/1760
f 1566/1736/1761 1568/1738/1763 1569/1739/1764 1567/1737/1762
f 1568/1738/1763 1570/1740/1765 1571/1741/1766 1569/1739/1764
f 1570/1740/1765 1572/1742/1767 1573/1743/1768 1571/1741/1766
f 1572/1742/1767 1574/1744/1769 1575/1745/1770 1573/1743/1768
f 1574/1744/1769 1576/1746/1771 1577/1747/1772 1575/1745/1770
f 1576/1746/1771 1578/1748/1773 1579/1749/1774 1577/1747/1772
f 1578/1748/1773 1580/1750/1775 1581/1751/1776 1579/1749/1774
f 1580/1750/1775 1582/1752/1777 1583/1753/1778 1581/1751/1776
f 1582/1752/1777 1584/1754/1779 1585/1755/1780 1583/1753/1778
f 1584/1754/1779 1586/1756/1781 1587/1757/1782 1585/1755/1780
f 1586/1756/1781 1588/1758/1783 1589/1759/1784 1587/1757/1782
f 1588/1758/1783 1550/1720/1745 1553/1723/1748 1589/1759/1784
f 1553/1723/1748 1552/1722/1747 1590/1760/1785 1591/1761/1786
f 1552/1722/1747 1555/1725/1750 1592/1762/1787 1590/1760/1785
f 1555/1725/1750 1557/1727/1752 1593/1763/1788 1592/1762/1787
f 1557/1727/1752 1559/1729/1754 1594/1764/1789 1593/1763/1788
f 1559/1729/1754 1561/1731/1756 1595/1765/1790 1594/1764/1789
f 1561/1731/1756 1563/1733/1758 1596/1766/1791 1595/1765/1790
f 1563/1733/1758 1565/1735/1760 1597/1767/1792 1596/1766/1791
f 1565/1735/1760 1567/1737/1762 1598/1768/1793 1597/1767/1792
f 1567/1737/1762 1569/1739/1764 1599/1769/1794 1598/1768/1793
f 1569/1739/1764 1571/1741/1766 1600/1770/1795 1599/1769/1794
f 1571/1741/1766 1573/1743/1768 1601/1771/1796 1600/1770/1795
f 1573/1743/1768 1575/1745/1770 1602/1772/1797 1601/1771/1796
f 1575/1745/1770 1577/1747/1772 1603/1773/1798 1602/1772/1797
f 1577/1747/1772 1579/1749/1774 1604/1774/1799 1603/1773/1798
f 1579/1749/1774 1581/1751/1776 1605/1775/1800 1604/1774/1799
f 1581/1751/1776 1583/1753/1778 1606/1776/1801 1605/1775/1800
f 1583/1753/1778 1585/1755/1780 1607/1777/1802 1606/1776/1801
f 1585/1755/1780 1587/1757/1782 1608/1778/1803 1607/1777/1802
f 1587/1757/1782 1589/1759/1784 1609/1779/1804 1608/1778/1803
f 1589/1759/1784 1553/1723/1748 1591/1761/1786 1609/1779/1804
f 1610/1780/1805 1611/1781/1806 1612/1782/1807
f 1612/1782/1807 1611/1781/1806 1613/1783/1808
f 1613/1783/1808 1611/1781/1806 1614/1784/1809
f 1614/1784/1809 1611/1781/1806 1615/1785/1810
f 1615/1785/1810 1611/1781/1806 1616/1786/1811
f 1616/1786/1811 1611/1781/1806 1617/1787/1812
f 1617/1787/1812 1611/1781/1806 1618/1788/1813
f 1618/1788/1813 1611/1781/1806 1619/1789/1814
f 1619/1789/1814 1611/1781/1806 1620/1790/1815
f 1620/1790/1815 1611/1781/1806 1621/1791/1816
f 1621/1791/1816 1611/1781/1806 1622/1792/1817
f 1622/1792/1817 1611/1781/1806 1623/1793/1818
f 1623/1793/1818 1611/1781/1806 1624/1794/1819
f 1624/1794/1819 1611/1781/1806 1625/1795/1820
f 1625/1795/1820 1611/1781/1806 1626/1796/1821
f 1626/1796/1821 1611/1781/1806 1627/1797/1822
f 1627/1797/1822 1611/1781/1806 1628/1798/1823
f 1628/1798/1823 1611/1781/1806 1629/1799/1824
f 1629/1799/1824 1611/1781/1806 1630/1800/1825
f 1630/1800/1825 1611/1781/1806 1610/1780/1805
f 1631/1801/1826 1632/1802/1827 1633/1803/1827 1634/1804/1826
f 1632/1802/1827 1635/1805/1828 1636/1806/1828 1633/1803/1827
f 1635/1805/1828 1637/1807/1829 1638/1808/1829 1636/1806/1828
f 1637/1807/1829 1639/1809/1830 1640/1810/1830 1638/1808/1829
f 1639/1809/1830 1641/1811/1831 1642/1812/1831 1640/1810/1830
f 1641/1811/1831 1643/1813/1832 1644/1814/1832 1642/1812/1831
f 1643/1813/1832 1645/1815/1833 1646/1816/1833 1644/1814/1832
f 1645/1815/1833 1647/1817/1834 1648/1818/1834 1646/1816/1833
f 1647/1817/1834 1649/1819/1835 1650/1820/1835 1648/1818/1834
f 1649/1819/1835 1651/1821/1836 1652/1822/1836 1650/1820/1835
f 1651/1821/1836 1653/1823/1837 1654/1824/1837 1652/1822/1836
f 1653/1823/1837 1655/1825/1838 1656/1826/1838 1654/1824/1837
f 1655/1825/1838 1657/1827/1839 1658/1706/1839 1656/1826/1838
f 1657/1827/1839 1659/1828/1840 1660/1708/1840 1658/1706/1839
f 1659/1828/1840 1661/1829/1841 1662/1710/1841 1660/1708/1840
f 1661/1829/1841 1663/1830/1842 1664/1712/1842 1662/1710/1841
f 1663/1830/1842 1665/1831/1843 1666/1714/1843 1664/1712/1842
f 1665/1831/1843 1667/1832/1844 1668/1716/1844 1666/1714/1843
f 1667/1832/1844 1669/1833/1845 1670/1718/1845 1668/1716/1844
f 1669/1833/1845 1631/1801/1826 1634/1804/1826 1670/1718/1845
f 1671/1834/1846 1672/1835/1847 1673/1721/1847 1674/1720/1846
f 1672/1835/1847 1675/1836/1848 1676/1724/1848 1673/1721/1847
f 1675/1836/1848 1677/1837/1849 1678/1726/1849 1676/1724/1848
f 1677/1837/1849 1679/1838/1850 1680/1728/1850 1678/1726/1849
f 1679/1838/1850 1681/1839/1851 1682/1730/1851 1680/1728/1850
f 1681/1839/1851 1683/1840/1852 1684/1732/1852 1682/1730/1851
f 1683/1840/1852 1685/1841/1853 1686/1734/1853 1684/1732/1852
f 1685/1841/1853 1687/1842/1854 1688/1736/1854 1686/1734/1853
f 1687/1842/1854 1689/1843/1855 1690/1738/1855 1688/1736/1854
f 1689/1843/1855 1691/1844/1856 1692/1740/1856 1690/1738/1855
f 1691/1844/1856 1693/1845/1857 1694/1742/1857 1692/1740/1856
f 1693/1845/1857 1695/1705/1858 1696/1744/1858 1694/1742/1857
f 1695/1705/1858 1697/1707/1859 1698/1746/1859 1696/1744/1858
f 1697/1707/1859 1699/1709/1860 1700/1748/1860 1698/1746/1859
f 1699/1709/1860 1701/1711/1861 1702/1750/1861 1700/1748/1860
f 1701/1711/1861 1703/1713/1862 1704/1752/1862 1702/1750/1861
f 1703/1713/1862 1705/1715/1863 1706/1754/1863 1704/1752/1862
f 1705/1715/1863 1707/1717/1864 1708/1756/1864 1706/1754/1863
f 1707/1717/1864 1709/1719/1865 1710/1758/1865 1708/1756/1864
f 1709/1719/1865 1671/1834/1846 1674/1720/1846 1710/1758/1865
f 1711/1761/1866 1712/1760/1867 1713/1846/1868 1714/1847/1869
f 1712/1760/1867 1715/1762/1870 1716/1848/1871 1713/1846/1868
f 1715/1762/1870 1717/1763/1872 1718/1849/1873 1716/1848/1871
f 1717/1763/1872 1719/1764/1874 1720/1850/1875 1718/1849/1873
f 1719/1764/1874 1721/1765/1876 1722/1851/1877 1720/1850/1875
f 1721/1765/1876 1723/1766/1878 1724/1852/1879 1722/1851/1877
f 1723/1766/1878 1725/1767/1880 1726/1853/1881 1724/1852/1879
f 1725/1767/1880 1727/1768/1882 1728/1854/1883 1726/1853/1881
f 1727/1768/1882 1729/1769/1884 1730/1855/1885 1728/1854/1883
f 1729/1769/1884 1731/1770/1886 1732/1856/1887 1730/1855/1885
f 1731/1770/1886 1733/1771/1888 1734/1857/1889 1732/1856/1887
f 1733/1771/1888 1735/1772/1890 1736/1858/1891 1734/1857/1889
f 1735/1772/1890 1737/1773/1892 1738/1859/1893 1736/1858/1891
f 1737/1773/1892 1739/1774/1894 1740/1860/1895 1738/1859/1893
f 1739/1774/1894 1741/1775/1896 1742/1861/1897 1740/1860/1895
f 1741/1775/1896 1743/1776/1898 1744/1862/1899 1742/1861/1897
f 1743/1776/1898 1745/1777/1900 1746/1863/1901 1744/1862/1899
f 1745/1777/1900 1747/1778/1902 1748/1864/1903 1746/1863/1901
f 1747/1778/1902 1749/1779/1904 1750/1865/1905 1748/1864/1903
f 1749/1779/1904 1711/1761/1866 1714/1847/1869 1750/1865/1905
f 1714/1847/1869 1713/1846/1868 1751/1866/1906 1752/1867/1907
f 1713/1846/1868 1716/1848/1871 1753/1868/1908 1751/1866/1906
f 1716/1848/1871 1718/1849/1873 1754/1869/1909 1753/1868/1908
f 1718/1849/1873 1720/1850/1875 1755/1870/1910 1754/1869/1909
f 1720/1850/1875 1722/1851/1877 1756/1871/1911 1755/1870/1910
f 1722/1851/1877 1724/1852/1879 1757/1872/1912 1756/1871/1911
f 1724/1852/1879 1726/1853/1881 1758/1873/1913 1757/1872/1912
f 1726/1853/1881 1728/1854/1883 1759/1874/1914 1758/1873/1913
f 1728/1854/1883 1730/1855/1885 1760/1875/1915 1759/1874/1914
f 1730/1855/1885 1732/1856/1887 1761/1876/1916 1760/1875/1915
f 1732/1856/1887 1734/1857/1889 1762/1877/1917 1761/1876/1916
f 1734/1857/1889 1736/1858/1891 1763/1878/1918 1762/1877/1917
f 1736/1858/1891 1738/1859/1893 1764/1879/1919 1763/1878/1918
f 1738/1859/1893 1740/1860/1895 1765/1880/1920 1764/1879/1919
f 1740/1860/1895 1742/1861/1897 1766/1881/1921 1765/1880/1920
f 1742/1861/1897 1744/1862/1899 1767/1882/1922 1766/1881/1921
f 1744/1862/1899 1746/1863/1901 1768/1883/1923 1767/1882/1922
f 1746/1863/1901 1748/1864/1903 1769/1884/1924 1768/1883/1923
f 1748/1864/1903 1750/1865/1905 1770/1885/1925 1769/1884/1924
f 1750/1865/1905 1714/1847/1869 1752/1867/1907 1770/1885/1925
f 1771/1723/1926 1772/1761/1926 1773/1760/1927 1774/1722/1927
f 1774/1722/1927 1773/1760/1927 1775/1762/1928 1776/1725/1928
f 1776/1725/1928 1775/1762/1928 1777/1763/1929 1778/1727/1929
f 1778/1727/1929 1777/1763/1929 1779/1764/1930 1780/1729/1930
f 1780/1729/1930 1779/1764/1930 1781/1765/1931 1782/1731/1931
f 1782/1731/1931 1781/1765/1931 1783/1766/1932 1784/1733/1932
f 1784/1733/1932 1783/1766/1932 1785/1767/1933 1786/1735/1933
f 1786/1735/1933 1785/1767/1933 1787/1768/1934 1788/1737/1934
f 1788/1737/1934 1787/1768/1934 1789/1769/1935 1790/1739/1935
f 1790/1739/1935 1789/1769/1935 1791/1770/1936 1792/1741/1936
f 1792/1741/1936 1791/1770/1936 1793/1771/1937 1794/1743/1937
f 1794/1743/1937 1793/1771/1937 1795/1772/1938 1796/1745/1938
f 1796/1745/1938 1795/1772/1938 1797/1773/1939 1798/1747/1939
f 1798/1747/1939 1797/1773/1939 1799/1774/1940 1800/1749/1940
f 1800/1749/1940 1799/1774/1940 1801/1775/1941 1802/1751/1941
f 1802/1751/1941 1801/1775/1941 1803/1776/1942 1804/1753/1942
f 1804/1753/1942 1803/1776/1942 1805/1777/1943 1806/1755/1943
f 1806/1755/1943 1805/1777/1943 1807/1778/1944 1808/1757/1944
f 1808/1757/1944 1807/1778/1944 1809/1779/1945 1810/1759/1945
f 1810/1759/1945 1809/1779/1945 1772/1761/1926 1771/1723/1926
f 1811/1761/1946 1812/1847/1947 1813/1846/1948 1814/1760/1949
f 1814/1760/1949 1813/1846/1948 1815/1848/1950 1816/1762/1951
f 1816/1762/1951 1815/1848/1950 1817/1849/1952 1818/1763/1953
f 1818/1763/1953 1817/1849/1952 1819/1850/1954 1820/1764/1955
f 1820/1764/1955 1819/1850/1954 1821/1851/1956 1822/1765/1957
f 1822/1765/1957 1821/1851/1956 1823/1852/1958 1824/1766/1959
f 1824/1766/1959 1823/1852/1958 1825/1853/1960 1826/1767/1961
f 1826/1767/1961 1825/1853/1960 1827/1854/1962 1828/1768/1963
f 1828/1768/1963 1827/1854/1962 1829/1855/1964 1830/1769/1965
f 1830/1769/1965 1829/1855/1964 1831/1856/1966 1832/1770/1967
f 1832/1770/1967 1831/1856/1966 1833/1857/1968 1834/1771/1969
f 1834/1771/1969 1833/1857/1968 1835/1858/1970 1836/1772/1971
f 1836/1772/1971 1835/1858/1970 1837/1859/1972 1838/1773/1973
f 1838/1773/1973 1837/1859/1972 1839/1860/1974 1840/1774/1975
f 1840/1774/1975 1839/1860/1974 1841/1861/1976 1842/1775/1977
f 1842/1775/1977 1841/1861/1976 1843/1862/1978 1844/1776/1979
f 1844/1776/1979 1843/1862/1978 1845/1863/1980 1846/1777/1981
f 1846/1777/1981 1845/1863/1980 1847/1864/1982 1848/1778/1983
f 1848/1778/1983 1847/1864/1982 1849/1865/1984 1850/1779/1985
f 1850/1779/1985 1849/1865/1984 1812/1847/1947 1811/1761/1946
f 1812/1847/1947 1851/1867/1986 1852/1866/1987 1813/1846/1948
f 1813/1846/1948 1852/1866/1987 1853/1868/1988 1815/1848/1950
f 1815/1848/1950 1853/1868/1988 1854/1869/1989 1817/1849/1952
f 1817/1849/1952 1854/1869/1989 1855/1870/1990 1819/1850/1954
f 1819/1850/1954 1855/1870/1990 1856/1871/1991 1821/1851/1956
f 1821/1851/1956 1856/1871/1991 1857/1872/1992 1823/1852/1958
f 1823/1852/1958 1857/1872/1992 1858/1873/1993 1825/1853/1960
f 1825/1853/1960 1858/1873/1993 1859/1874/1994 1827/1854/1962
f 1827/1854/1962 1859/1874/1994 1860/1875/1995 1829/1855/1964
f 1829/1855/1964 1860/1875/1995 1861/1876/1996 1831/1856/1966
f 1831/1856/1966 1861/1876/1996 1862/1877/1997 1833/1857/1968
f 1833/1857/1968 1862/1877/1997 1863/1878/1998 1835/1858/1970
f 1835/1858/1970 1863/1878/1998 1864/1879/1999 1837/1859/1972
f 1837/1859/1972 1864/1879/1999 1865/1880/2000 1839/1860/1974
f 1839/1860/1974 1865/1880/2000 1866/1881/2001 1841/1861/1976
f 1841/1861/1976 1866/1881/2001 1867/1882/2002 1843/1862/1978
f 1843/1862/1978 1867/1882/2002 1868/1883/2003 1845/1863/1980
f 1845/1863/1980 1868/1883/2003 1869/1884/2004 1847/1864/1982
f 1847/1864/1982 1869/1884/2004 1870/1885/2005 1849/1865/1984
f 1849/1865/1984 1870/1885/2005 1851/1867/1986 1812/1847/1947
f 1871/1886/2006 1872/1887/2007 1873/1888/2008
f 1871/1886/2006 1874/1889/2009 1872/1887/2007
f 1871/1886/2006 1875/1890/2010 1874/1889/2009
f 1876/1891/2011 1874/1889/2009 1875/1890/2010
f 1876/1891/2011 1877/1892/2012 1874/1889/2009
f 1876/1891/2011 1878/1893/2013 1877/1892/2012
f 1876/1891/2011 1879/1894/2014 1878/1893/2013
f 1880/1895/2015 1878/1893/2013 1879/1894/2014
f 1880/1895/2015 1881/1896/2016 1878/1893/2013
f 1880/1895/2015 1882/1897/2017 1881/1896/2016
f 1880/1895/2015 1883/1898/2014 1882/1897/2017
f 1884/1899/2018 1882/1897/2017 1883/1898/2014
f 1884/1899/2018 1885/1900/2019 1882/1897/2017
f 1884/1899/2018 1886/1901/2020 1885/1900/2019
f 1884/1899/2018 1887/1902/2021 1886/1901/2020
f 1888/1903/2022 1886/1901/2020 1887/1902/2021
f 1888/1903/2022 1889/1904/2023 1886/1901/2020
f 1888/1903/2022 1890/1905/2024 1889/1904/2023
f 1891/1906/2025 1892/1907/2026 1893/1908/2027
f 1892/1907/2026 1894/1909/2028 1893/1908/2027
f 1894/1909/2028 1892/1907/2026 1895/1910/2029
f 1892/1907/2026 1896/1911/2030 1895/1910/2029
f 1896/1911/2030 1897/1912/2031 1895/1910/2029
f 1897/1912/2031 1898/1913/2032 1895/1910/2029
f 1898/1913/2032 1897/1912/2031 1899/1914/2033
f 1897/1912/2031 1900/1915/2034 1899/1914/2033
f 1900/1915/2034 1901/1916/2035 1899/1914/2033
f 1901/1916/2035 1902/1917/2036 1899/1914/2033
f 1903/1918/2037 1904/1919/2038 1905/1920/2039
f 1904/1919/2038 1906/1921/2040 1905/1920/2039
f 1906/1921/2040 1907/1922/2041 1905/1920/2039
f 1907/1922/2041 1908/1913/2042 1905/1920/2039
f 1908/1913/2042 1907/1922/2041 1909/1923/2043
f 1907/1922/2041 1910/1924/2044 1909/1923/2043
f 1910/1924/2044 1911/1925/2045 1909/1923/2043
f 1911/1925/2045 1912/1909/2046 1909/1923/2043
f 1912/1909/2046 1911/1925/2045 1913/1926/2047
f 1911/1925/2045 1914/1927/2048 1913/1926/2047
f 1915/1928/2049 1916/1929/2050 1917/1930/2051
f 1916/1929/2050 1918/1931/2052 1917/1930/2051
f 1918/1931/2052 1919/1932/2053 1917/1930/2051
f 1919/1932/2053 1920/1933/2054 1917/1930/2051
f 1920/1933/2054 1919/1932/2053 1921/1934/2055
f 1919/1932/2053 1922/1935/2056 1921/1934/2055
f 1923/1936/2057 1924/1937/2058 1925/1938/2059
f 1924/1937/2058 1926/1939/2060 1925/1938/2059
f 1926/1939/2060 1916/1929/2050 1925/1938/2059
f 1916/1929/2050 1915/1928/2049 1925/1938/2059
f 1927/1940/2061 1928/1941/2062 1929/1942/2063
f 1928/1941/2062 1930/1943/2064 1929/1942/2063
f 1930/1943/2064 1928/1941/2062 1931/1944/2065
f 1928/1941/2062 1932/1945/2066 1931/1944/2065
f 1932/1945/2066 1933/1946/2067 1931/1944/2065
f 1933/1946/2067 1934/1910/2068 1931/1944/2065
f 1934/1910/2068 1933/1946/2067 1935/1909/2069
f 1933/1946/2067 1936/1947/2070 1935/1909/2069
f 1936/1947/2070 1937/1948/2071 1935/1909/2069
f 1937/1948/2071 1938/1926/2072 1935/1909/2069
f 1939/1780/1705 1940/1782/1706 1941/1802/1706 1942/1801/1705
f 1940/1782/1706 1943/1783/1707 1944/1805/1707 1941/1802/1706
f 1943/1783/1707 1945/1784/1708 1946/1807/1708 1944/1805/1707
f 1945/1784/1708 1947/1785/1709 1948/1809/1709 1946/1807/1708
f 1947/1785/1709 1949/1786/1710 1950/1811/1710 1948/1809/1709
f 1949/1786/1710 1951/1787/1711 1952/1813/1711 1950/1811/1710
f 1951/1787/1711 1953/1788/1712 1954/1815/1712 1952/1813/1711
f 1953/1788/1712 1955/1789/1713 1956/1817/1713 1954/1815/1712
f 1955/1789/1713 1957/1790/1714 1958/1819/1714 1956/1817/1713
f 1957/1790/1714 1959/1791/1715 1960/1821/1715 1958/1819/1714
f 1959/1791/1715 1961/1792/1716 1962/1823/1716 1960/1821/1715
f 1961/1792/1716 1963/1793/1717 1964/1825/1717 1962/1823/1716
f 1963/1793/1717 1965/1794/1718 1966/1827/1718 1964/1825/1717
f 1965/1794/1718 1967/1795/1719 1968/1828/1719 1966/1827/1718
f 1967/1795/1719 1969/1796/1720 1970/1829/1720 1968/1828/1719
f 1969/1796/1720 1971/1797/1721 1972/1830/1721 1970/1829/1720
f 1971/1797/1721 1973/1798/1722 1974/1831/1722 1972/1830/1721
f 1973/1798/1722 1975/1799/1723 1976/1832/1723 1974/1831/1722
f 1975/1799/1723 1977/1800/1724 1978/1833/1724 1976/1832/1723
f 1977/1800/1724 1939/1780/1705 1942/1801/1705 1978/1833/1724
f 1979/1804/1725 1980/1803/1726 1981/1835/1726 1982/1834/1725
f 1980/1803/1726 1983/1806/1727 1984/1836/1727 1981/1835/1726
f 1983/1806/1727 1985/1808/1728 1986/1837/1728 1984/1836/1727
f 1985/1808/1728 1987/1810/1729 1988/1838/1729 1986/1837/1728
f 1987/1810/1729 1989/1812/1730 1990/1839/1730 1988/1838/1729
f 1989/1812/1730 1991/1814/1731 1992/1840/1731 1990/1839/1730
f 1991/1814/1731 1993/1816/1732 1994/1841/1732 1992/1840/1731
f 1993/1816/1732 1995/1818/1733 1996/1842/1733 1994/1841/1732
f 1995/1818/1733 1997/1820/1734 1998/1843/1734 1996/1842/1733
f 1997/1820/1734 1999/1822/1735 2000/1844/1735 1998/1843/1734
f 1999/1822/1735 2001/1824/1736 2002/1845/1736 2000/1844/1735
f 2001/1824/1736 2003/1826/1737 2004/1705/1737 2002/1845/1736
f 2003/1826/1737 2005/1706/1738 2006/1707/1738 2004/1705/1737
f 2005/1706/1738 2007/1708/1739 2008/1709/1739 2006/1707/1738
f 2007/1708/1739 2009/1710/1740 2010/1711/1740 2008/1709/1739
f 2009/1710/1740 2011/1712/1741 2012/1713/1741 2010/1711/1740
f 2011/1712/1741 2013/1714/1742 2014/1715/1742 2012/1713/1741
f 2013/1714/1742 2015/1716/1743 2016/1717/1743 2014/1715/1742
f 2015/1716/1743 2017/1718/1744 2018/1719/1744 2016/1717/1743
f 2017/1718/1744 1979/1804/1725 1982/1834/1725 2018/1719/1744
f 2019/1720/1745 2020/1721/1746 2021/1722/1747 2022/1723/1748
f 2020/1721/1746 2023/1724/1749 2024/1725/1750 2021/1722/1747
f 2023/1724/1749 2025/1726/1751 2026/1727/1752 2024/1725/1750
f 2025/1726/1751 2027/1728/1753 2028/1729/1754 2026/1727/1752
f 2027/1728/1753 2029/1730/1755 2030/1731/1756 2028/1729/1754
f 2029/1730/1755 2031/1732/1757 2032/1733/1758 2030/1731/1756
f 2031/1732/1757 2033/1734/1759 2034/1735/1760 2032/1733/1758
f 2033/1734/1759 2035/1736/1761 2036/1737/1762 2034/1735/1760
f 2035/1736/1761 2037/1738/1763 2038/1739/1764 2036/1737/1762
f 2037/1738/1763 2039/1740/1765 2040/1741/1766 2038/1739/1764
f 2039/1740/1765 2041/1742/1767 2042/1743/1768 2040/1741/1766
f 2041/1742/1767 2043/1744/1769 2044/1745/1770 2042/1743/1768
f 2043/1744/1769 2045/1746/1771 2046/1747/1772 2044/1745/1770
f 2045/1746/1771 2047/1748/1773 2048/1749/1774 2046/1747/1772
f 2047/1748/1773 2049/1750/1775 2050/1751/1776 2048/1749/1774
f 2049/1750/1775 2051/1752/1777 2052/1753/1778 2050/1751/1776
f 2051/1752/1777 2053/1754/1779 2054/1755/1780 2052/1753/1778
f 2053/1754/1779 2055/1756/1781 2056/1757/1782 2054/1755/1780
f 2055/1756/1781 2057/1758/1783 2058/1759/1784 2056/1757/1782
f 2057/1758/1783 2019/1720/1745 2022/1723/1748 2058/1759/1784
f 2022/1723/1748 2021/1722/1747 2059/1760/1785 2060/1761/1786
f 2021/1722/1747 2024/1725/1750 2061/1762/1787 2059/1760/1785
f 2024/1725/1750 2026/1727/1752 2062/1763/1788 2061/1762/1787
f 2026/1727/1752 2028/1729/1754 2063/1764/1789 2062/1763/1788
f 2028/1729/1754 2030/1731/1756 2064/1765/1790 2063/1764/1789
f 2030/1731/1756 2032/1733/1758 2065/1766/1791 2064/1765/1790
f 2032/1733/1758 2034/1735/1760 2066/1767/1792 2065/1766/1791
f 2034/1735/1760 2036/1737/1762 2067/1768/1793 2066/1767/1792
f 2036/1737/1762 2038/1739/1764 2068/1769/1794 2067/1768/1793
f 2038/1739/1764 2040/1741/1766 2069/1770/1795 2068/1769/1794
f 2040/1741/1766 2042/1743/1768 2070/1771/1796 2069/1770/1795
f 2042/1743/1768 2044/1745/1770 2071/1772/1797 2070/1771/1796
f 2044/1745/1770 2046/1747/1772 2072/1773/1798 2071/1772/1797
f 2046/1747/1772 2048/1749/1774 2073/1774/1799 2072/1773/1798
f 2048/1749/1774 2050/1751/1776 2074/1775/1800 2073/1774/1799
f 2050/1751/1776 2052/1753/1778 2075/1776/1801 2074/1775/1800
f 2052/1753/1778 2054/1755/1780 2076/1777/1802 2075/1776/1801
f 2054/1755/1780 2056/1757/1782 2077/1778/1803 2076/1777/1802
f 2056/1757/1782 2058/1759/1784 2078/1779/1804 2077/1778/1803
f 2058/1759/1784 2022/1723/1748 2060/1761/1786 2078/1779/1804
f 2079/1780/1805 2080/1781/1806 2081/1782/1807
f 2081/1782/1807 2080/1781/1806 2082/1783/1808
f 2082/1783/1808 2080/1781/1806 2083/1784/1809
f 2083/1784/1809 2080/1781/1806 2084/1785/1810
f 2084/1785/1810 2080/1781/1806 2085/1786/1811
f 2085/1786/1811 2080/1781/1806 2086/1787/1812
f 2086/1787/1812 2080/1781/1806 2087/1788/1813
f 2087/1788/1813 2080/1781/1806 2088/1789/1814
f 2088/1789/1814 2080/1781/1806 2089/1790/1815
f 2089/1790/1815 2080/1781/1806 2090/1791/1816
f 2090/1791/1816 2080/1781/1806 2091/1792/1817
f 2091/1792/1817 2080/1781/1806 2092/1793/1818
f 2092/1793/1818 2080/1781/1806 2093/1794/1819
f 2093/1794/1819 2080/1781/1806 2094/1795/1820
f 2094/1795/1820 2080/1781/1806 2095/1796/1821
f 2095/1796/1821 2080/1781/1806 2096/1797/1822
f 2096/1797/1822 2080/1781/1806 2097/1798/1823
f 2097/1798/1823 2080/1781/1806 2098/1799/1824
f 2098/1799/1824 2080/1781/1806 2099/1800/1825
f 2099/1800/1825 2080/1781/1806 2079/1780/1805
f 2100/1801/1826 2101/1802/1827 2102/1803/1827 2103/1804/1826
f 2101/1802/1827 2104/1805/1828 2105/1806/1828 2102/1803/1827
f 2104/1805/1828 2106/1807/1829 2107/1808/1829 2105/1806/1828
f 2106/1807/1829 2108/1809/1830 2109/1810/1830 2107/1808/1829
f 2108/1809/1830 2110/1811/1831 2111/1812/1831 2109/1810/1830
f 2110/1811/1831 2112/1813/1832 2113/1814/1832 2111/1812/1831
f 2112/1813/1832 2114/1815/1833 2115/1816/1833 2113/1814/1832
f 2114/1815/1833 2116/1817/1834 2117/1818/1834 2115/1816/1833
f 2116/1817/1834 2118/1819/1835 2119/1820/1835 2117/1818/1834
f 2118/1819/1835 2120/1821/1836 2121/1822/1836 2119/1820/1835
f 2120/1821/1836 2122/1823/1837 2123/1824/1837 2121/1822/1836
f 2122/1823/1837 2124/1825/1838 2125/1826/1838 2123/1824/1837
f 2124/1825/1838 2126/1827/1839 2127/1706/1839 2125/1826/1838
f 2126/1827/1839 2128/1828/1840 2129/1708/1840 2127/1706/1839
f 2128/1828/1840 2130/1829/1841 2131/1710/1841 2129/1708/1840
f 2130/1829/1841 2132/1830/1842 2133/1712/1842 2131/1710/1841
f 2132/1830/1842 2134/1831/1843 2135/1714/1843 2133/1712/1842
f 2134/1831/1843 2136/1832/1844 2137/1716/1844 2135/1714/1843
f 2136/1832/1844 2138/1833/1845 2139/1718/1845 2137/1716/1844
f 2138/1833/1845 2100/1801/1826 2103/1804/1826 2139/1718/1845
f 2140/1834/1846 2141/1835/1847 2142/1721/1847 2143/1720/1846
f 2141/1835/1847 2144/1836/1848 2145/1724/1848 2142/1721/1847
f 2144/1836/1848 2146/1837/1849 2147/1726/1849 2145/1724/1848
f 2146/1837/1849 2148/1838/1850 2149/1728/1850 2147/1726/1849
f 2148/1838/1850 2150/1839/1851 2151/1730/1851 2149/1728/1850
f 2150/1839/1851 2152/1840/1852 2153/1732/1852 2151/1730/1851
f 2152/1840/1852 2154/1841/1853 2155/1734/1853 2153/1732/1852
f 2154/1841/1853 2156/1842/1854 2157/1736/1854 2155/1734/1853
f 2156/1842/1854 2158/1843/1855 2159/1738/1855 2157/1736/1854
f 2158/1843/1855 2160/1844/1856 2161/1740/1856 2159/1738/1855
f 2160/1844/1856 2162/1845/1857 2163/1742/1857 2161/1740/1856
f 2162/1845/1857 2164/1705/1858 2165/1744/1858 2163/1742/1857
f 2164/1705/1858 2166/1707/1859 2167/1746/1859 2165/1744/1858
f 2166/1707/1859 2168/1709/1860 2169/1748/1860 2167/1746/1859
f 2168/1709/1860 2170/1711/1861 2171/1750/1861 2169/1748/1860
f 2170/1711/1861 2172/1713/1862 2173/1752/1862 2171/1750/1861
f 2172/1713/1862 2174/1715/1863 2175/1754/1863 2173/1752/1862
f 2174/1715/1863 2176/1717/1864 2177/1756/1864 2175/1754/1863
f 2176/1717/1864 2178/1719/1865 2179/1758/1865 2177/1756/1864
f 2178/1719/1865 2140/1834/1846 2143/1720/1846 2179/1758/1865
f 2180/1761/1866 2181/1760/1867 2182/1846/1868 2183/1847/1869
f 2181/1760/1867 2184/1762/1870 2185/1848/1871 2182/1846/1868
f 2184/1762/1870 2186/1763/1872 2187/1849/1873 2185/1848/1871
f 2186/1763/1872 2188/1764/1874 2189/1850/1875 2187/1849/1873
f 2188/1764/1874 2190/1765/1876 2191/1851/1877 2189/1850/1875
f 2190/1765/1876 2192/1766/1878 2193/1852/1879 2191/1851/1877
f 2192/1766/1878 2194/1767/1880 2195/1853/1881 2193/1852/1879
f 2194/1767/1880 2196/1768/1882 2197/1854/1883 2195/1853/1881
f 2196/1768/1882 2198/1769/1884 2199/1855/1885 2197/1854/1883
f 2198/1769/1884 2200/1770/1886 2201/1856/1887 2199/1855/1885
f 2200/1770/1886 2202/1771/1888 2203/1857/1889 2201/1856/1887
f 2202/1771/1888 2204/1772/1890 2205/1858/1891 2203/1857/1889
f 2204/1772/1890 2206/1773/1892 2207/1859/1893 2205/1858/1891
f 2206/1773/1892 2208/1774/1894 2209/1860/1895 2207/1859/1893
f 2208/1774/1894 2210/1775/1896 2211/1861/1897 2209/1860/1895
f 2210/1775/1896 2212/1776/1898 2213/1862/1899 2211/1861/1897
f 2212/1776/1898 2214/1777/1900 2215/1863/1901 2213/1862/1899
f 2214/1777/1900 2216/1778/1902 2217/1864/1903 2215/1863/1901
f 2216/1778/1902 2218/1779/1904 2219/1865/1905 2217/1864/1903
f 2218/1779/1904 2180/1761/1866 2183/1847/1869 2219/1865/1905
f 2183/1847/1869 2182/1846/1868 2220/1866/1906 2221/1867/1907
f 2182/1846/1868 2185/1848/1871 2222/1868/1908 2220/1866/1906
f 2185/1848/1871 2187/1849/1873 2223/1869/1909 2222/1868/1908
f 2187/1849/1873 2189/1850/1875 2224/1870/1910 2223/1869/1909
f 2189/1850/1875 2191/1851/1877 2225/1871/1911 2224/1870/1910
f 2191/1851/1877 2193/1852/1879 2226/1872/1912 2225/1871/1911
f 2193/1852/1879 2195/1853/1881 2227/1873/1913 2226/1872/1912
f 2195/1853/1881 2197/1854/1883 2228/1874/1914 2227/1873/1913
f 2197/1854/1883 2199/1855/1885 2229/1875/1915 2228/1874/1914
f 2199/1855/1885 2201/1856/1887 2230/1876/1916 2229/1875/1915
f 2201/1856/1887 2203/1857/1889 2231/1877/1917 2230/1876/1916
f 2203/1857/1889 2205/1858/1891 2232/1878/1918 2231/1877/1917
f 2205/1858/1891 2207/1859/1893 2233/1879/1919 2232/1878/1918
f 2207/1859/1893 2209/1860/1895 2234/1880/1920 2233/1879/1919
f 2209/1860/1895 2211/1861/1897 2235/1881/1921 2234/1880/1920
f 2211/1861/1897 2213/1862/1899 2236/1882/1922 2235/1881/1921
f 2213/1862/1899 2215/1863/1901 2237/1883/1923 2236/1882/1922
f 2215/1863/1901 2217/1864/1903 2238/1884/1924 2237/1883/1923
f 2217/1864/1903 2219/1865/1905 2239/1885/1925 2238/1884/1924
f 2219/1865/1905 2183/1847/1869 2221/1867/1907 2239/1885/1925
f 2240/1723/1926 2241/1761/1926 2242/1760/1927 2243/1722/1927
f 2243/1722/1927 2242/1760/1927 2244/1762/1928 2245/1725/1928
f 2245/1725/1928 2244/1762/1928 2246/1763/1929 2247/1727/1929
f 2247/1727/1929 2246/1763/1929 2248/1764/1930 2249/1729/1930
f 2249/1729/1930 2248/1764/1930 2250/1765/1931 2251/1731/1931
f 2251/1731/1931 2250/1765/1931 2252/1766/1932 2253/1733/1932
f 2253/1733/1932 2252/1766/1932 2254/1767/1933 2255/1735/1933
f 2255/1735/1933 2254/1767/1933 2256/1768/1934 2257/1737/1934
f 2257/1737/1934 2256/1768/1934 2258/1769/1935 2259/1739/1935
f 2259/1739/1935 2258/1769/1935 2260/1770/1936 2261/1741/1936
f 2261/1741/1936 2260/1770/1936 2262/1771/1937 2263/1743/1937
f 2263/1743/1937 2262/1771/1937 2264/1772/1938 2265/1745/1938
f 2265/1745/1938 2264/1772/1938 2266/1773/1939 2267/1747/1939
f 2267/1747/1939 2266/1773/1939 2268/1774/1940 2269/1749/1940
f 2269/1749/1940 2268/1774/1940 2270/1775/1941 2271/1751/1941
f 2271/1751/1941 2270/1775/1941 2272/1776/1942 2273/1753/1942
f 2273/1753/1942 2272/1776/1942 2274/1777/1943 2275/1755/1943
f 2275/1755/1943 2274/1777/1943 2276/1778/1944 2277/1757/1944
f 2277/1757/1944 2276/1778/1944 2278/1779/1945 2279/1759/1945
f 2279/1759/1945 2278/1779/1945 2241/1761/1926 2240/1723/1926
f 2280/1761/1946 2281/1847/1947 2282/1846/1948 2283/1760/1949
f 2283/1760/1949 2282/1846/1948 2284/1848/1950 2285/1762/1951
f 2285/1762/1951 2284/1848/1950 2286/1849/1952 2287/1763/1953
f 2287/1763/1953 2286/1849/1952 2288/1850/1954 2289/1764/1955
f 2289/1764/1955 2288/1850/1954 2290/1851/1956 2291/1765/1957
f 2291/1765/1957 2290/1851/1956 2292/1852/1958 2293/1766/1959
f 2293/1766/1959 2292/1852/1958 2294/1853/1960 2295/1767/1961
f 2295/1767/1961 2294/1853/1960 2296/1854/1962 2297/1768/1963
f 2297/1768/1963 2296/1854/1962 2298/1855/1964 2299/1769/1965
f 2299/1769/1965 2298/1855/1964 2300/1856/1966 2301/1770/1967
f 2301/1770/1967 2300/1856/1966 2302/1857/1968 2303/1771/1969
f 2303/1771/1969 2302/1857/1968 2304/1858/1970 2305/1772/1971
f 2305/1772/1971 2304/1858/1970 2306/1859/1972 2307/1773/1973
f 2307/1773/1973 2306/1859/1972 2308/1860/1974 2309/1774/1975
f 2309/1774/1975 2308/1860/1974 2310/1861/1976 2311/1775/1977
f 2311/1775/1977 2310/1861/1976 2312/1862/1978 2313/1776/1979
f 2313/1776/1979 2312/1862/1978 2314/1863/1980 2315/1777/1981
f 2315/1777/1981 2314/1863/1980 2316/1864/1982 2317/1778/1983
f 2317/1778/1983 2316/1864/1982 2318/1865/1984 2319/1779/1985
f 2319/1779/1985 2318/1865/1984 2281/1847/1947 2280/1761/1946
f 2281/1847/1947 2320/1867/1986 2321/1866/1987 2282/1846/1948
f 2282/1846/1948 2321/1866/1987 2322/1868/1988 2284/1848/1950
f 2284/1848/1950 2322/1868/1988 2323/1869/1989 2286/1849/1952
f 2286/1849/1952 2323/1869/1989 2324/1870/1990 2288/1850/1954
f 2288/1850/1954 2324/1870/1990 2325/1871/1991 2290/1851/1956
f 2290/1851/1956 2325/1871/1991 2326/1872/1992 2292/1852/1958
f 2292/1852/1958 2326/1872/1992 2327/1873/1993 2294/1853/1960
f 2294/1853/1960 2327/1873/1993 2328/1874/1994 2296/1854/1962
f 2296/1854/1962 2328/1874/1994 2329/1875/1995 2298/1855/1964
f 2298/1855/1964 2329/1875/1995 2330/1876/1996 2300/1856/1966
f 2300/1856/1966 2330/1876/1996 2331/1877/1997 2302/1857/1968
f 2302/1857/1968 2331/1877/1997 2332/1878/1998 2304/1858/1970
f 2304/1858/1970 2332/1878/1998 2333/1879/1999 2306/1859/1972
f 2306/1859/1972 2333/1879/1999 2334/1880/2000 2308/1860/1974
f 2308/1860/1974 2334/1880/2000 2335/1881/2001 2310/1861/1976
f 2310/1861/1976 2335/1881/2001 2336/1882/2002 2312/1862/1978
f 2312/1862/1978 2336/1882/2002 2337/1883/2003 2314/1863/1980
f 2314/1863/1980 2337/1883/2003 2338/1884/2004 2316/1864/1982
f 2316/1864/1982 2338/1884/2004 2339/1885/2005 2318/1865/1984
f 2318/1865/1984 2339/1885/2005 2320/1867/1986 2281/1847/1947
f 2340/1886/2006 2341/1887/2007 2342/1888/2008
f 2340/1886/2006 2343/1889/2009 2341/1887/2007
f 2340/1886/2006 2344/1890/2010 2343/1889/2009
f 2345/1891/2011 2343/1889/2009 2344/1890/2010
f 2345/1891/2011 2346/1892/2012 2343/1889/2009
f 2345/1891/2011 2347/1893/2013 2346/1892/2012
f 2345/1891/2011 2348/1894/2014 2347/1893/2013
f 2349/1895/2015 2347/1893/2013 2348/1894/2014
f 2349/1895/2015 2350/1896/2016 2347/1893/2013
f 2349/1895/2015 2351/1897/2017 2350/1896/2016
f 2349/1895/2015 2352/1898/2014 2351/1897/2017
f 2353/1899/2018 2351/1897/2017 2352/1898/2014
f 2353/1899/2018 2354/1900/2019 2351/1897/2017
f 2353/1899/2018 2355/1901/2020 2354/1900/2019
f 2353/1899/2018 2356/1902/2021 2355/1901/2020
f 2357/1903/2022 2355/1901/2020 2356/1902/2021
f 2357/1903/2022 2358/1904/2023 2355/1901/2020
f 2357/1903/2022 2359/1905/2024 2358/1904/2023
f 2360/1906/2025 2361/1907/2026 2362/1908/2027
f 2361/1907/2026 2363/1909/2028 2362/1908/2027
f 2363/1909/2028 2361/1907/2026 2364/1910/2029
f 2361/1907/2026 2365/1911/2030 2364/1910/2029
f 2365/1911/2030 2366/1912/2031 2364/1910/2029
f 2366/1912/2031 2367/1913/2032 2364/1910/2029
f 2367/1913/2032 2366/1912/2031 2368/1914/2033
f 2366/1912/2031 2369/1915/2034 2368/1914/2033
f 2369/1915/2034 2370/1916/2035 2368/1914/2033
f 2370/1916/2035 2371/1917/2036 2368/1914/2033
f 2372/1918/2037 2373/1919/2038 2374/1920/2039
f 2373/1919/2038 2375/1921/2040 2374/1920/2039
f 2375/1921/2040 2376/1922/2041 2374/1920/2039
f 2376/1922/2041 2377/1913/2042 2374/1920/2039
f 2377/1913/2042 2376/1922/2041 2378/1923/2043
f 2376/1922/2041 2379/1924/2044 2378/1923/2043
f 2379/1924/2044 2380/1925/2045 2378/1923/2043
f 2380/1925/2045 2381/1909/2046 2378/1923/2043
f 2381/1909/2046 2380/1925/2045 2382/1926/2047
f 2380/1925/2045 2383/1927/2048 2382/1926/2047
f 2384/1928/2049 2385/1929/2050 2386/1930/2051
f 2385/1929/2050 2387/1931/2052 2386/1930/2051
f 2387/1931/2052 2388/1932/2053 2386/1930/2051
f 2388/1932/2053 2389/1933/2054 2386/1930/2051
f 2389/1933/2054 2388/1932/2053 2390/1934/2055
f 2388/1932/2053 2391/1935/2056 2390/1934/2055
f 2392/1936/2057 2393/1937/2058 2394/1938/2059
f 2393/1937/2058 2395/1939/2060 2394/1938/2059
f 2395/1939/2060 2385/1929/2050 2394/1938/2059
f 2385/1929/2050 2384/1928/2049 2394/1938/2059
f 2396/1940/2061 2397/1941/2062 2398/1942/2063
f 2397/1941/2062 2399/1943/2064 2398/1942/2063
f 2399/1943/2064 2397/1941/2062 2400/1944/2065
f 2397/1941/2062 2401/1945/2066 2400/1944/2065
f 2401/1945/2066 2402/1946/2067 2400/1944/2065
f 2402/1946/2067 2403/1910/2068 2400/1944/2065
f 2403/1910/2068 2402/1946/2067 2404/1909/2069
f 2402/1946/2067 2405/1947/2070 2404/1909/2069
f 2405/1947/2070 2406/1948/2071 2404/1909/2069
f 2406/1948/2071 2407/1926/2072 2404/1909/2069
f 2408/1780/2073 2409/1782/2074 2410/1802/2074 2411/1801/2073
f 2409/1782/2074 2412/1783/2075 2413/1805/2075 2410/1802/2074
f 2412/1783/2075 2414/1784/2076 2415/1807/2076 2413/1805/2075
f 2414/1784/2076 2416/1785/2077 2417/1809/2077 2415/1807/2076
f 2416/1785/2077 2418/1786/2078 2419/1811/2078 2417/1809/2077
f 2418/1786/2078 2420/1787/2077 2421/1813/2077 2419/1811/2078
f 2420/1787/2077 2422/1788/2076 2423/1815/2076 2421/1813/2077
f 2422/1788/2076 2424/1789/2079 2425/1817/2079 2423/1815/2076
f 2424/1789/2079 2426/1790/2074 2427/1819/2074 2425/1817/2079
f 2426/1790/2074 2428/1791/2080 2429/1821/2080 2427/1819/2074
f 2428/1791/2080 2430/1792/2081 2431/1823/2081 2429/1821/2080
f 2430/1792/2081 2432/1793/2082 2433/1825/2082 2431/1823/2081
f 2432/1793/2082 2434/1794/2083 2435/1827/2083 2433/1825/2082
f 2434/1794/2083 2436/1795/2084 2437/1828/2084 2435/1827/2083
f 2436/1795/2084 2438/1796/2085 2439/1829/2085 2437/1828/2084
f 2438/1796/2085 2440/1797/2084 2441/1830/2084 2439/1829/2085
f 2440/1797/2084 2442/1798/2086 2443/1831/2086 2441/1830/2084
f 2442/1798/2086 2444/1799/2087 2445/1832/2087 2443/1831/2086
f 2444/1799/2087 2446/1800/2088 2447/1833/2088 2445/1832/2087
f 2446/1800/2088 2408/1780/2073 2411/1801/2073 2447/1833/2088
f 2448/1804/2089 2449/1803/2090 2450/1835/2090 2451/1834/2089
f 2449/1803/2090 2452/1806/2091 2453/1836/2091 2450/1835/2090
f 2452/1806/2091 2454/1808/2092 2455/1837/2092 2453/1836/2091
f 2454/1808/2092 2456/1810/2093 2457/1838/2093 2455/1837/2092
f 2456/1810/2093 2458/1812/2094 2459/1839/2094 2457/1838/2093
f 2458/1812/2094 2460/1814/2095 2461/1840/2095 2459/1839/2094
f 2460/1814/2095 2462/1816/2096 2463/1841/2096 2461/1840/2095
f 2462/1816/2096 2464/1818/2097 2465/1842/2097 2463/1841/2096
f 2464/1818/2097 2466/1820/2098 2467/1843/2098 2465/1842/2097
f 2466/1820/2098 2468/1822/2099 2469/1844/2099 2467/1843/2098
f 2468/1822/2099 2470/1824/2100 2471/1845/2100 2469/1844/2099
f 2470/1824/2100 2472/1826/2101 2473/1705/2101 2471/1845/2100
f 2472/1826/2101 2474/1706/2102 2475/1707/2102 2473/1705/2101
f 2474/1706/2102 2476/1708/2103 2477/1709/2103 2475/1707/2102
f 2476/1708/2103 2478/1710/2104 2479/1711/2104 2477/1709/2103
f 2478/1710/2104 2480/1712/2105 2481/1713/2105 2479/1711/2104
f 2480/1712/2105 2482/1714/2106 2483/1715/2106 2481/1713/2105
f 2482/1714/2106 2484/1716/2107 2485/1717/2107 2483/1715/2106
f 2484/1716/2107 2486/1718/2108 2487/1719/2108 2485/1717/2107
f 2486/1718/2108 2448/1804/2089 2451/1834/2089 2487/1719/2108
f 2488/1720/2109 2489/1721/2110 2490/1722/2111 2491/1723/2112
f 2489/1721/2110 2492/1724/2113 2493/1725/2114 2490/1722/2111
f 2492/1724/2113 2494/1726/2115 2495/1727/2116 2493/1725/2114
f 2494/1726/2115 2496/1728/2117 2497/1729/2118 2495/1727/2116
f 2496/1728/2117 2498/1730/2119 2499/1731/2120 2497/1729/2118
f 2498/1730/2119 2500/1732/2121 2501/1733/2122 2499/1731/2120
f 2500/1732/2121 2502/1734/2123 2503/1735/2124 2501/1733/2122
f 2502/1734/2123 2504/1736/2125 2505/1737/2126 2503/1735/2124
f 2504/1736/2125 2506/1738/2127 2507/1739/2128 2505/1737/2126
f 2506/1738/2127 2508/1740/2129 2509/1741/2130 2507/1739/2128
f 2508/1740/2129 2510/1742/2131 2511/1743/2132 2509/1741/2130
f 2510/1742/2131 2512/1744/2133 2513/1745/2134 2511/1743/2132
f 2512/1744/2133 2514/1746/2135 2515/1747/2136 2513/1745/2134
f 2514/1746/2135 2516/1748/2137 2517/1749/2138 2515/1747/2136
f 2516/1748/2137 2518/1750/2139 2519/1751/2140 2517/1749/2138
f 2518/1750/2139 2520/1752/2141 2521/1753/2142 2519/1751/2140
f 2520/1752/2141 2522/1754/2143 2523/1755/2144 2521/1753/2142
f 2522/1754/2143 2524/1756/2145 2525/1757/2146 2523/1755/2144
f 2524/1756/2145 2526/1758/2147 2527/1759/2148 2525/1757/2146
f 2526/1758/2147 2488/1720/2109 2491/1723/2112 2527/1759/2148
f 2491/1723/2112 2490/1722/2111 2528/1760/2149 2529/1761/2150
f 2490/1722/2111 2493/1725/2114 2530/1762/2151 2528/1760/2149
f 2493/1725/2114 2495/1727/2116 2531/1763/2152 2530/1762/2151
f 2495/1727/2116 2497/1729/2118 2532/1764/2153 2531/1763/2152
f 2497/1729/2118 2499/1731/2120 2533/1765/2154 2532/1764/2153
f 2499/1731/2120 2501/1733/2122 2534/1766/2155 2533/1765/2154
f 2501/1733/2122 2503/1735/2124 2535/1767/2156 2534/1766/2155
f 2503/1735/2124 2505/1737/2126 2536/1768/2157 2535/1767/2156
f 2505/1737/2126 2507/1739/2128 2537/1769/2158 2536/1768/2157
f 2507/1739/2128 2509/1741/2130 2538/1770/2159 2537/1769/2158
f 2509/1741/2130 2511/1743/2132 2539/1771/2160 2538/1770/2159
f 2511/1743/2132 2513/1745/2134 2540/1772/2161 2539/1771/2160
f 2513/1745/2134 2515/1747/2136 2541/1773/2162 2540/1772/2161
f 2515/1747/2136 2517/1749/2138 2542/1774/2163 2541/1773/2162
f 2517/1749/2138 2519/1751/2140 2543/1775/2164 2542/1774/2163
f 2519/1751/2140 2521/1753/2142 2544/1776/2165 2543/1775/2164
f 2521/1753/2142 2523/1755/2144 2545/1777/2166 2544/1776/2165
f 2523/1755/2144 2525/1757/2146 2546/1778/2167 2545/1777/2166
f 2525/1757/2146 2527/1759/2148 2547/1779/2168 2546/1778/2167
f 2527/1759/2148 2491/1723/2112 2529/1761/2150 2547/1779/2168
f 2548/1780/2169 2549/1781/2170 2550/1782/2171
f 2550/1782/2171 2549/1781/2170 2551/1783/2172
f 2551/1783/2172 2549/1781/2170 2552/1784/2173
f 2552/1784/2173 2549/1781/2170 2553/1785/2174
f 2553/1785/2174 2549/1781/2170 2554/1786/2175
f 2554/1786/2175 2549/1781/2170 2555/1787/2176
f 2555/1787/2176 2549/1781/2170 2556/1788/2177
f 2556/1788/2177 2549/1781/2170 2557/1789/2178
f 2557/1789/2178 2549/1781/2170 2558/1790/2179
f 2558/1790/2179 2549/1781/2170 2559/1791/2180
f 2559/1791/2180 2549/1781/2170 2560/1792/2181
f 2560/1792/2181 2549/1781/2170 2561/1793/2182
f 2561/1793/2182 2549/1781/2170 2562/1794/2183
f 2562/1794/2183 2549/1781/2170 2563/1795/2184
f 2563/1795/2184 2549/1781/2170 2564/1796/2185
f 2564/1796/2185 2549/1781/2170 2565/1797/2186
f 2565/1797/2186 2549/1781/2170 2566/1798/2187
f 2566/1798/2187 2549/1781/2170 2567/1799/2188
f 2567/1799/2188 2549/1781/2170 2568/1800/2189
f 2568/1800/2189 2549/1781/2170 2548/1780/2169
f 2569/1801/2190 2570/1802/2191 2571/1803/2191 2572/1804/2190
f 2570/1802/2191 2573/1805/2192 2574/1806/2192 2571/1803/2191
f 2573/1805/2192 2575/1807/2193 2576/1808/2193 2574/1806/2192
f 2575/1807/2193 2577/1809/2194 2578/1810/2194 2576/1808/2193
f 2577/1809/2194 2579/1811/2195 2580/1812/2195 2578/1810/2194
f 2579/1811/2195 2581/1813/2196 2582/1814/2196 2580/1812/2195
f 2581/1813/2196 2583/1815/2197 2584/1816/2197 2582/1814/2196
f 2583/1815/2197 2585/1817/2198 2586/1818/2198 2584/1816/2197
f 2585/1817/2198 2587/1819/2199 2588/1820/2199 2586/1818/2198
f 2587/1819/2199 2589/1821/2200 2590/1822/2200 2588/1820/2199
f 2589/1821/2200 2591/1823/2201 2592/1824/2201 2590/1822/2200
f 2591/1823/2201 2593/1825/2202 2594/1826/2202 2592/1824/2201
f 2593/1825/2202 2595/1827/2203 2596/1706/2203 2594/1826/2202
f 2595/1827/2203 2597/1828/2204 2598/1708/2204 2596/1706/2203
f 2597/1828/2204 2599/1829/2205 2600/1710/2205 2598/1708/2204
f 2599/1829/2205 2601/1830/2206 2602/1712/2206 2600/1710/2205
f 2601/1830/2206 2603/1831/2207 2604/1714/2207 2602/1712/2206
f 2603/1831/2207 2605/1832/2208 2606/1716/2208 2604/1714/2207
f 2605/1832/2208 2607/1833/2209 2608/1718/2209 2606/1716/2208
f 2607/1833/2209 2569/1801/2190 2572/1804/2190 2608/1718/2209
f 2609/1834/2210 2610/1835/2211 2611/1721/2211 2612/1720/2210
f 2610/1835/2211 2613/1836/2212 2614/1724/2212 2611/1721/2211
f 2613/1836/2212 2615/1837/2213 2616/1726/2213 2614/1724/2212
f 2615/1837/2213 2617/1838/2214 2618/1728/2214 2616/1726/2213
f 2617/1838/2214 2619/1839/2215 2620/1730/2215 2618/1728/2214
f 2619/1839/2215 2621/1840/2216 2622/1732/2216 2620/1730/2215
f 2621/1840/2216 2623/1841/2217 2624/1734/2217 2622/1732/2216
f 2623/1841/2217 2625/1842/2218 2626/1736/2218 2624/1734/2217
f 2625/1842/2218 2627/1843/2219 2628/1738/2219 2626/1736/2218
f 2627/1843/2219 2629/1844/2220 2630/1740/2220 2628/1738/2219
f 2629/1844/2220 2631/1845/2221 2632/1742/2221 2630/1740/2220
f 2631/1845/2221 2633/1705/2222 2634/1744/2222 2632/1742/2221
f 2633/1705/2222 2635/1707/2223 2636/1746/2223 2634/1744/2222
f 2635/1707/2223 2637/1709/2224 2638/1748/2224 2636/1746/2223
f 2637/1709/2224 2639/1711/2225 2640/1750/2225 2638/1748/2224
f 2639/1711/2225 2641/1713/2226 2642/1752/2226 2640/1750/2225
f 2641/1713/2226 2643/1715/2227 2644/1754/2227 2642/1752/2226
f 2643/1715/2227 2645/1717/2228 2646/1756/2228 2644/1754/2227
f 2645/1717/2228 2647/1719/2229 2648/1758/2229 2646/1756/2228
f 2647/1719/2229 2609/1834/2210 2612/1720/2210 2648/1758/2229
f 2649/1761/2230 2650/1760/2231 2651/1846/2232 2652/1847/2233
f 2650/1760/2231 2653/1762/2234 2654/1848/2235 2651/1846/2232
f 2653/1762/2234 2655/1763/2236 2656/1849/2237 2654/1848/2235
f 2655/1763/2236 2657/1764/2238 2658/1850/2239 2656/1849/2237
f 2657/1764/2238 2659/1765/2240 2660/1851/2241 2658/1850/2239
f 2659/1765/2240 2661/1766/2242 2662/1852/2243 2660/1851/2241
f 2661/1766/2242 2663/1767/2244 2664/1853/2245 2662/1852/2243
f 2663/1767/2244 2665/1768/2246 2666/1854/2247 2664/1853/2245
f 2665/1768/2246 2667/1769/2248 2668/1855/2249 2666/1854/2247
f 2667/1769/2248 2669/1770/2250 2670/1856/2251 2668/1855/2249
f 2669/1770/2250 2671/1771/2252 2672/1857/2253 2670/1856/2251
f 2671/1771/2252 2673/1772/2254 2674/1858/2255 2672/1857/2253
f 2673/1772/2254 2675/1773/2256 2676/1859/2257 2674/1858/2255
f 2675/1773/2256 2677/1774/2258 2678/1860/2259 2676/1859/2257
f 2677/1774/2258 2679/1775/2260 2680/1861/2261 2678/1860/2259
f 2679/1775/2260 2681/1776/2262 2682/1862/2263 2680/1861/2261
f 2681/1776/2262 2683/1777/2264 2684/1863/2265 2682/1862/2263
f 2683/1777/2264 2685/1778/2266 2686/1864/2267 2684/1863/2265
f 2685/1778/2266 2687/1779/2268 2688/1865/2269 2686/1864/2267
f 2687/1779/2268 2649/1761/2230 2652/1847/2233 2688/1865/2269
f 2652/1847/2233 2651/1846/2232 2689/1866/2270 2690/1867/2271
f 2651/1846/2232 2654/1848/2235 2691/1868/2272 2689/1866/2270
f 2654/1848/2235 2656/1849/2237 2692/1869/2273 2691/1868/2272
f 2656/1849/2237 2658/1850/2239 2693/1870/2274 2692/1869/2273
f 2658/1850/2239 2660/1851/2241 2694/1871/2275 2693/1870/2274
f 2660/1851/2241 2662/1852/2243 2695/1872/2276 2694/1871/2275
f 2662/1852/2243 2664/1853/2245 2696/1873/2277 2695/1872/2276
f 2664/1853/2245 2666/1854/2247 2697/1874/2278 2696/1873/2277
f 2666/1854/2247 2668/1855/2249 2698/1875/2279 2697/1874/2278
f 2668/1855/2249 2670/1856/2251 2699/1876/2280 2698/1875/2279
f 2670/1856/2251 2672/1857/2253 2700/1877/2281 2699/1876/2280
f 2672/1857/2253 2674/1858/2255 2701/1878/2282 2700/1877/2281
f 2674/1858/2255 2676/1859/2257 2702/1879/2283 2701/1878/2282
f 2676/1859/2257 2678/1860/2259 2703/1880/2284 2702/1879/2283
f 2678/1860/2259 2680/1861/2261 2704/1881/2285 2703/1880/2284
f 2680/1861/2261 2682/1862/2263 2705/1882/2286 2704/1881/2285
f 2682/1862/2263 2684/1863/2265 2706/1883/2287 2705/1882/2286
f 2684/1863/2265 2686/1864/2267 2707/1884/2288 2706/1883/2287
f 2686/1864/2267 2688/1865/2269 2708/1885/2289 2707/1884/2288
f 2688/1865/2269 2652/1847/2233 2690/1867/2271 2708/1885/2289
f 2709/1723/2290 2710/1761/2290 2711/1760/2291 2712/1722/2291
f 2712/1722/2291 2711/1760/2291 2713/1762/2292 2714/1725/2292
f 2714/1725/2292 2713/1762/2292 2715/1763/2293 2716/1727/2293
f 2716/1727/2293 2715/1763/2293 2717/1764/2294 2718/1729/2294
f 2718/1729/2294 2717/1764/2294 2719/1765/2295 2720/1731/2295
f 2720/1731/2295 2719/1765/2295 2721/1766/2296 2722/1733/2296
f 2722/1733/2296 2721/1766/2296 2723/1767/2297 2724/1735/2297
f 2724/1735/2297 2723/1767/2297 2725/1768/2298 2726/1737/2298
f 2726/1737/2298 2725/1768/2298 2727/1769/2299 2728/1739/2299
f 2728/1739/2299 2727/1769/2299 2729/1770/2300 2730/1741/2300
f 2730/1741/2300 2729/1770/2300 2731/1771/2301 2732/1743/2301
f 2732/1743/2301 2731/1771/2301 2733/1772/2302 2734/1745/2302
f 2734/1745/2302 2733/1772/2302 2735/1773/2303 2736/1747/2303
f 2736/1747/2303 2735/1773/2303 2737/1774/2304 2738/1749/2304
f 2738/1749/2304 2737/1774/2304 2739/1775/2305 2740/1751/2305
f 2740/1751/2305 2739/1775/2305 2741/1776/2306 2742/1753/2306
f 2742/1753/2306 2741/1776/2306 2743/1777/2307 2744/1755/2307
f 2744/1755/2307 2743/1777/2307 2745/1778/2308 2746/1757/2308
f 2746/1757/2308 2745/1778/2308 2747/1779/2309 2748/1759/2309
f 2748/1759/2309 2747/1779/2309 2710/1761/2290 2709/1723/2290
f 2749/1761/2310 2750/1847/2311 2751/1846/2312 2752/1760/2313
f 2752/1760/2313 2751/1846/2312 2753/1848/2314 2754/1762/2315
f 2754/1762/2315 2753/1848/2314 2755/1849/2316 2756/1763/2317
f 2756/1763/2317 2755/1849/2316 2757/1850/2318 2758/1764/2319
f 2758/1764/2319 2757/1850/2318 2759/1851/2320 2760/1765/2321
f 2760/1765/2321 2759/1851/2320 2761/1852/2322 2762/1766/2323
f 2762/1766/2323 2761/1852/2322 2763/1853/2324 2764/1767/2325
f 2764/1767/2325 2763/1853/2324 2765/1854/2326 2766/1768/2327
f 2766/1768/2327 2765/1854/2326 2767/1855/2328 2768/1769/2329
f 2768/1769/2329 2767/1855/2328 2769/1856/2330 2770/1770/2331
f 2770/1770/2331 2769/1856/2330 2771/1857/2332 2772/1771/2333
f 2772/1771/2333 2771/1857/2332 2773/1858/2334 2774/1772/2335
f 2774/1772/2335 2773/1858/2334 2775/1859/2336 2776/1773/2337
f 2776/1773/2337 2775/1859/2336 2777/1860/2338 2778/1774/2339
f 2778/1774/2339 2777/1860/2338 2779/1861/2340 2780/1775/2341
f 2780/1775/2341 2779/1861/2340 2781/1862/2342 2782/1776/2343
f 2782/1776/2343 2781/1862/2342 2783/1863/2344 2784/1777/2345
f 2784/1777/2345 2783/1863/2344 2785/1864/2346 2786/1778/2347
f 2786/1778/2347 2785/1864/2346 2787/1865/2348 2788/1779/2349
f 2788/1779/2349 2787/1865/2348 2750/1847/2311 2749/1761/2310
f 2750/1847/2311 2789/1867/2350 2790/1866/2351 2751/1846/2312
f 2751/1846/2312 2790/1866/2351 2791/1868/2352 2753/1848/2314
f 2753/1848/2314 2791/1868/2352 2792/1869/2353 2755/1849/2316
f 2755/1849/2316 2792/1869/2353 2793/1870/2354 2757/1850/2318
f 2757/1850/2318 2793/1870/2354 2794/1871/2355 2759/1851/2320
f 2759/1851/2320 2794/1871/2355 2795/1872/2356 2761/1852/2322
f 2761/1852/2322 2795/1872/2356 2796/1873/2357 2763/1853/2324
f 2763/1853/2324 2796/1873/2357 2797/1874/2358 2765/1854/2326
f 2765/1854/2326 2797/1874/2358 2798/1875/2359 2767/1855/2328
f 2767/1855/2328 2798/1875/2359 2799/1876/2360 2769/1856/2330
f 2769/1856/2330 2799/1876/2360 2800/1877/2361 2771/1857/2332
f 2771/1857/2332 2800/1877/2361 2801/1878/2362 2773/1858/2334
f 2773/1858/2334 2801/1878/2362 2802/1879/2363 2775/1859/2336
f 2775/1859/2336 2802/1879/2363 2803/1880/2364 2777/1860/2338
f 2777/1860/2338 2803/1880/2364 2804/1881/2365 2779/1861/2340
f 2779/1861/2340 2804/1881/2365 2805/1882/2366 2781/1862/2342
f 2781/1862/2342 2805/1882/2366 2806/1883/2367 2783/1863/2344
f 2783/1863/2344 2806/1883/2367 2807/1884/2368 2785/1864/2346
f 2785/1864/2346 2807/1884/2368 2808/1885/2369 2787/1865/2348
f 2787/1865/2348 2808/1885/2369 2789/1867/2350 2750/1847/2311
f 2809/1886/2370 2810/1887/2371 2811/1888/2371
f 2809/1886/2370 2812/1889/2370 2810/1887/2371
f 2809/1886/2370 2813/1890/2370 2812/1889/2370
f 2814/1891/2370 2812/1889/2370 2813/1890/2370
f 2814/1891/2370 2815/1892/2370 2812/1889/2370
f 2814/1891/2370 2816/1893/2371 2815/1892/2370
f 2814/1891/2370 2817/1894/2371 2816/1893/2371
f 2818/1895/2371 2816/1893/2371 2817/1894/2371
f 2818/1895/2371 2819/1896/2371 2816/1893/2371
f 2818/1895/2371 2820/1897/2371 2819/1896/2371
f 2818/1895/2371 2821/1898/2371 2820/1897/2371
f 2822/1899/2370 2820/1897/2371 2821/1898/2371
f 2822/1899/2370 2823/1900/2370 2820/1897/2371
f 2822/1899/2370 2824/1901/2370 2823/1900/2370
f 2822/1899/2370 2825/1902/2371 2824/1901/2370
f 2826/1903/2371 2824/1901/2370 2825/1902/2371
f 2826/1903/2371 2827/1904/2370 2824/1901/2370
f 2826/1903/2371 2828/1905/2371 2827/1904/2370
f 2829/1906/2372 2830/1907/2373 2831/1908/2372
f 2830/1907/2373 2832/1909/2373 2831/1908/2372
f 2832/1909/2373 2830/1907/2373 2833/1910/2374
f 2830/1907/2373 2834/1911/2374 2833/1910/2374
f 2834/1911/2374 2835/1912/2375 2833/1910/2374
f 2835/1912/2375 2836/1913/2375 2833/1910/2374
f 2836/1913/2375 2835/1912/2375 2837/1914/2376
f 2835/1912/2375 2838/1915/2376 2837/1914/2376
f 2838/1915/2376 2839/1916/2377 2837/1914/2376
f 2839/1916/2377 2840/1917/2377 2837/1914/2376
f 2841/1918/2378 2842/1919/2378 2843/1920/2379
f 2842/1919/2378 2844/1921/2379 2843/1920/2379
f 2844/1921/2379 2845/1922/2380 2843/1920/2379
f 2845/1922/2380 2846/1913/2380 2843/1920/2379
f 2846/1913/2380 2845/1922/2380 2847/1923/2381
f 2845/1922/2380 2848/1924/2381 2847/1923/2381
f 2848/1924/2381 2849/1925/2382 2847/1923/2381
f 2849/1925/2382 2850/1909/2382 2847/1923/2381
f 2850/1909/2382 2849/1925/2382 2851/1926/2383
f 2849/1925/2382 2852/1927/2383 2851/1926/2383
f 2853/1928/2384 2854/1929/2384 2855/1930/2385
f 2854/1929/2384 2856/1931/2385 2855/1930/2385
f 2856/1931/2385 2857/1932/2386 2855/1930/2385
f 2857/1932/2386 2858/1933/2386 2855/1930/2385
f 2858/1933/2386 2857/1932/2386 2859/1934/2387
f 2857/1932/2386 2860/1935/2387 2859/1934/2387
f 2861/1936/2388 2862/1937/2388 2863/1938/2389
f 2862/1937/2388 2864/1939/2389 2863/1938/2389
f 2864/1939/2389 2854/1929/2384 2863/1938/2389
f 2854/1929/2384 2853/1928/2384 2863/1938/2389
f 2865/1940/2390 2866/1941/2391 2867/1942/2390
f 2866/1941/2391 2868/1943/2392 2867/1942/2390
f 2868/1943/2392 2866/1941/2391 2869/1944/2393
f 2866/1941/2391 2870/1945/2393 2869/1944/2393
f 2870/1945/2393 2871/1946/2394 2869/1944/2393
f 2871/1946/2394 2872/1910/2394 2869/1944/2393
f 2872/1910/2394 2871/1946/2394 2873/1909/2395
f 2871/1946/2394 2874/1947/2395 2873/1909/2395
f 2874/1947/2395 2875/1948/2396 2873/1909/2395
f 2875/1948/2396 2876/1926/2396 2873/1909/2395
f 2877/1780/2073 2878/1782/2074 2879/1802/2074 2880/1801/2073
f 2878/1782/2074 2881/1783/2075 2882/1805/2075 2879/1802/2074
f 2881/1783/2075 2883/1784/2076 2884/1807/2076 2882/1805/2075
f 2883/1784/2076 2885/1785/2077 2886/1809/2077 2884/1807/2076
f 2885/1785/2077 2887/1786/2078 2888/1811/2078 2886/1809/2077
f 2887/1786/2078 2889/1787/2077 2890/1813/2077 2888/1811/2078
f 2889/1787/2077 2891/1788/2076 2892/1815/2076 2890/1813/2077
f 2891/1788/2076 2893/1789/2079 2894/1817/2079 2892/1815/2076
f 2893/1789/2079 2895/1790/2074 2896/1819/2074 2894/1817/2079
f 2895/1790/2074 2897/1791/2080 2898/1821/2080 2896/1819/2074
f 2897/1791/2080 2899/1792/2081 2900/1823/2081 2898/1821/2080
f 2899/1792/2081 2901/1793/2082 2902/1825/2082 2900/1823/2081
f 2901/1793/2082 2903/1794/2083 2904/1827/2083 2902/1825/2082
f 2903/1794/2083 2905/1795/2084 2906/1828/2084 2904/1827/2083
f 2905/1795/2084 2907/1796/2085 2908/1829/2085 2906/1828/2084
f 2907/1796/2085 2909/1797/2084 2910/1830/2084 2908/1829/2085
f 2909/1797/2084 2911/1798/2086 2912/1831/2086 2910/1830/2084
f 2911/1798/2086 2913/1799/2087 2914/1832/2087 2912/1831/2086
f 2913/1799/2087 2915/1800/2088 2916/1833/2088 2914/1832/2087
f 2915/1800/2088 2877/1780/2073 2880/1801/2073 2916/1833/2088
f 2917/1804/2089 2918/1803/2090 2919/1835/2090 2920/1834/2089
f 2918/1803/2090 2921/1806/2091 2922/1836/2091 2919/1835/2090
f 2921/1806/2091 2923/1808/2092 2924/1837/2092 2922/1836/2091
f 2923/1808/2092 2925/1810/2093 2926/1838/2093 2924/1837/2092
f 2925/1810/2093 2927/1812/2094 2928/1839/2094 2926/1838/2093
f 2927/1812/2094 2929/1814/2095 2930/1840/2095 2928/1839/2094
f 2929/1814/2095 2931/1816/2096 2932/1841/2096 2930/1840/2095
f 2931/1816/2096 2933/1818/2097 2934/1842/2097 2932/1841/2096
f 2933/1818/2097 2935/1820/2098 2936/1843/2098 2934/1842/2097
f 2935/1820/2098 2937/1822/2099 2938/1844/2099 2936/1843/2098
f 2937/1822/2099 2939/1824/2100 2940/1845/2100 2938/1844/2099
f 2939/1824/2100 2941/1826/2101 2942/1705/2101 2940/1845/2100
f 2941/1826/2101 2943/1706/2102 2944/1707/2102 2942/1705/2101
f 2943/1706/2102 2945/1708/2103 2946/1709/2103 2944/1707/2102
f 2945/1708/2103 2947/1710/2104 2948/1711/2104 2946/1709/2103
f 2947/1710/2104 2949/1712/2105 2950/1713/2105 2948/1711/2104
f 2949/1712/2105 2951/1714/2106 2952/1715/2106 2950/1713/2105
f 2951/1714/2106 2953/1716/2107 2954/1717/2107 2952/1715/2106
f 2953/1716/2107 2955/1718/2108 2956/1719/2108 2954/1717/2107
f 2955/1718/2108 2917/1804/2089 2920/1834/2089 2956/1719/2108
f 2957/1720/2109 2958/1721/2110 2959/1722/2111 2960/1723/2112
f 2958/1721/2110 2961/1724/2113 2962/1725/2114 2959/1722/2111
f 2961/1724/2113 2963/1726/2115 2964/1727/2116 2962/1725/2114
f 2963/1726/2115 2965/1728/2117 2966/1729/2118 2964/1727/2116
f 2965/1728/2117 2967/1730/2119 2968/1731/2120 2966/1729/2118
f 2967/1730/2119 2969/1732/2121 2970/1733/2122 2968/1731/2120
f 2969/1732/2121 2971/1734/2123 2972/1735/2124 2970/1733/2122
f 2971/1734/2123 2973/1736/2125 2974/1737/2126 2972/1735/2124
f 2973/1736/2125 2975/1738/2127 2976/1739/2128 2974/1737/2126
f 2975/1738/2127 2977/1740/2129 2978/1741/2130 2976/1739/2128
f 2977/1740/2129 2979/1742/2131 2980/1743/2132 2978/1741/2130
f 2979/1742/2131 2981/1744/2133 2982/1745/2134 2980/1743/2132
f 2981/1744/2133 2983/1746/2135 2984/1747/2136 2982/1745/2134
f 2983/1746/2135 2985/1748/2137 2986/1749/2138 2984/1747/2136
f 2985/1748/2137 2987/1750/2139 2988/1751/2140 2986/1749/2138
f 2987/1750/2139 2989/1752/2141 2990/1753/2142 2988/1751/2140
f 2989/1752/2141 2991/1754/2143 2992/1755/2144 2990/1753/2142
f 2991/1754/2143 2993/1756/2145 2994/1757/2146 2992/1755/2144
f 2993/1756/2145 2995/1758/2147 2996/1759/2148 2994/1757/2146
f 2995/1758/2147 2957/1720/2109 2960/1723/2112 2996/1759/2148
f 2960/1723/2112 2959/1722/2111 2997/1760/2149 2998/1761/2150
f 2959/1722/2111 2962/1725/2114 2999/1762/2151 2997/1760/2149
f 2962/1725/2114 2964/1727/2116 3000/1763/2152 2999/1762/2151
f 2964/1727/2116 2966/1729/2118 3001/1764/2153 3000/1763/2152
f 2966/1729/2118 2968/1731/2120 3002/1765/2154 3001/1764/2153
f 2968/1731/2120 2970/1733/2122 3003/1766/2155 3002/1765/2154
f 2970/1733/2122 2972/1735/2124 3004/1767/2156 3003/1766/2155
f 2972/1735/2124 2974/1737/2126 3005/1768/2157 3004/1767/2156
f 2974/1737/2126 2976/1739/2128 3006/1769/2158 3005/1768/2157
f 2976/1739/2128 2978/1741/2130 3007/1770/2159 3006/1769/2158
f 2978/1741/2130 2980/1743/2132 3008/1771/2160 3007/1770/2159
f 2980/1743/2132 2982/1745/2134 3009/1772/2161 3008/1771/2160
f 2982/1745/2134 2984/1747/2136 3010/1773/2162 3009/1772/2161
f 2984/1747/2136 2986/1749/2138 3011/1774/2163 3010/1773/2162
f 2986/1749/2138 2988/1751/2140 3012/1775/2164 3011/1774/2163
f 2988/1751/2140 2990/1753/2142 3013/1776/2165 3012/1775/2164
f 2990/1753/2142 2992/1755/2144 3014/1777/2166 3013/1776/2165
f 2992/1755/2144 2994/1757/2146 3015/1778/2167 3014/1777/2166
f 2994/1757/2146 2996/1759/2148 3016/1779/2168 3015/1778/2167
f 2996/1759/2148 2960/1723/2112 2998/1761/2150 3016/1779/2168
f 3017/1780/2169 3018/1781/2170 3019/1782/2171
f 3019/1782/2171 3018/1781/2170 3020/1783/2172
f 3020/1783/2172 3018/1781/2170 3021/1784/2173
f 3021/1784/2173 3018/1781/2170 3022/1785/2174
f 3022/1785/2174 3018/1781/2170 3023/1786/2175
f 3023/1786/2175 3018/1781/2170 3024/1787/2176
f 3024/1787/2176 3018/1781/2170 3025/1788/2177
f 3025/1788/2177 3018/1781/2170 3026/1789/2178
f 3026/1789/2178 3018/1781/2170 3027/1790/2179
f 3027/1790/2179 3018/1781/2170 3028/1791/2180
f 3028/1791/2180 3018/1781/2170 3029/1792/2181
f 3029/1792/2181 3018/1781/2170 3030/1793/2182
f 3030/1793/2182 3018/1781/2170 3031/1794/2183
f 3031/1794/2183 3018/1781/2170 3032/1795/2184
f 3032/1795/2184 3018/1781/2170 3033/1796/2185
f 3033/1796/2185 3018/1781/2170 3034/1797/2186
f 3034/1797/2186 3018/1781/2170 3035/1798/2187
f 3035/1798/2187 3018/1781/2170 3036/1799/2188
f 3036/1799/2188 3018/1781/2170 3037/1800/2189
f 3037/1800/2189 3018/1781/2170 3017/1780/2169
f 3038/1801/2190 3039/1802/2191 3040/1803/2191 3041/1804/2190
f 3039/1802/2191 3042/1805/2192 3043/1806/2192 3040/1803/2191
f 3042/1805/2192 3044/1807/2193 3045/1808/2193 3043/1806/2192
f 3044/1807/2193 3046/1809/2194 3047/1810/2194 3045/1808/2193
f 3046/1809/2194 3048/1811/2195 3049/1812/2195 3047/1810/2194
f 3048/1811/2195 3050/1813/2196 3051/1814/2196 3049/1812/2195
f 3050/1813/2196 3052/1815/2197 3053/1816/2197 3051/1814/2196
f 3052/1815/2197 3054/1817/2198 3055/1818/2198 3053/1816/2197
f 3054/1817/2198 3056/1819/2199 3057/1820/2199 3055/1818/2198
f 3056/1819/2199 3058/1821/2200 3059/1822/2200 3057/1820/2199
f 3058/1821/2200 3060/1823/2201 3061/1824/2201 3059/1822/2200
f 3060/1823/2201 3062/1825/2202 3063/1826/2202 3061/1824/2201
f 3062/1825/2202 3064/1827/2203 3065/1706/2203 3063/1826/2202
f 3064/1827/2203 3066/1828/2204 3067/1708/2204 3065/1706/2203
f 3066/1828/2204 3068/1829/2205 3069/1710/2205 3067/1708/2204
f 3068/1829/2205 3070/1830/2206 3071/1712/2206 3069/1710/2205
f 3070/1830/2206 3072/1831/2207 3073/1714/2207 3071/1712/2206
f 3072/1831/2207 3074/1832/2208 3075/1716/2208 3073/1714/2207
f 3074/1832/2208 3076/1833/2209 3077/1718/2209 3075/1716/2208
f 3076/1833/2209 3038/1801/2190 3041/1804/2190 3077/1718/2209
f 3078/1834/2210 3079/1835/2211 3080/1721/2211 3081/1720/2210
f 3079/1835/2211 3082/1836/2212 3083/1724/2212 3080/1721/2211
f 3082/1836/2212 3084/1837/2213 3085/1726/2213 3083/1724/2212
f 3084/1837/2213 3086/1838/2214 3087/1728/2214 3085/1726/2213
f 3086/1838/2214 3088/1839/2215 3089/1730/2215 3087/1728/2214
f 3088/1839/2215 3090/1840/2216 3091/1732/2216 3089/1730/2215
f 3090/1840/2216 3092/1841/2217 3093/1734/2217 3091/1732/2216
f 3092/1841/2217 3094/1842/2218 3095/1736/2218 3093/1734/2217
f 3094/1842/2218 3096/1843/2219 3097/1738/2219 3095/1736/2218
f 3096/1843/2219 3098/1844/2220 3099/1740/2220 3097/1738/2219
f 3098/1844/2220 3100/1845/2221 3101/1742/2221 3099/1740/2220
f 3100/1845/2221 3102/1705/2222 3103/1744/2222 3101/1742/2221
f 3102/1705/2222 3104/1707/2223 3105/1746/2223 3103/1744/2222
f 3104/1707/2223 3106/1709/2224 3107/1748/2224 3105/1746/2223
f 3106/1709/2224 3108/1711/2225 3109/1750/2225 3107/1748/2224
f 3108/1711/2225 3110/1713/2226 3111/1752/2226 3109/1750/2225
f 3110/1713/2226 3112/1715/2227 3113/1754/2227 3111/1752/2226
f 3112/1715/2227 3114/1717/2228 3115/1756/2228 3113/1754/2227
f 3114/1717/2228 3116/1719/2229 3117/1758/2229 3115/1756/2228
f 3116/1719/2229 3078/1834/2210 3081/1720/2210 3117/1758/2229
f 3118/1761/2230 3119/1760/2231 3120/1846/2232 3121/1847/2233
f 3119/1760/2231 3122/1762/2234 3123/1848/2235 3120/1846/2232
f 3122/1762/2234 3124/1763/2236 3125/1849/2237 3123/1848/2235
f 3124/1763/2236 3126/1764/2238 3127/1850/2239 3125/1849/2237
f 3126/1764/2238 3128/1765/2240 3129/1851/2241 3127/1850/2239
f 3128/1765/2240 3130/1766/2242 3131/1852/2243 3129/1851/2241
f 3130/1766/2242 3132/1767/2244 3133/1853/2245 3131/1852/2243
f 3132/1767/2244 3134/1768/2246 3135/1854/2247 3133/1853/2245
f 3134/1768/2246 3136/1769/2248 3137/1855/2249 3135/1854/2247
f 3136/1769/2248 3138/1770/2250 3139/1856/2251 3137/1855/2249
f 3138/1770/2250 3140/1771/2252 3141/1857/2253 3139/1856/2251
f 3140/1771/2252 3142/1772/2254 3143/1858/2255 3141/1857/2253
f 3142/1772/2254 3144/1773/2256 3145/1859/2257 3143/1858/2255
f 3144/1773/2256 3146/1774/2258 3147/1860/2259 3145/1859/2257
f 3146/1774/2258 3148/1775/2260 3149/1861/2261 3147/1860/2259
f 3148/1775/2260 3150/1776/2262 3151/1862/2263 3149/1861/2261
f 3150/1776/2262 3152/1777/2264 3153/1863/2265 3151/1862/2263
f 3152/1777/2264 3154/1778/2266 3155/1864/2267 3153/1863/2265
f 3154/1778/2266 3156/1779/2268 3157/1865/2269 3155/1864/2267
f 3156/1779/2268 3118/1761/2230 3121/1847/2233 3157/1865/2269
f 3121/1847/2233 3120/1846/2232 3158/1866/2270 3159/1867/2271
f 3120/1846/2232 3123/1848/2235 3160/1868/2272 3158/1866/2270
f 3123/1848/2235 3125/1849/2237 3161/1869/2273 3160/1868/2272
f 3125/1849/2237 3127/1850/2239 3162/1870/2274 3161/1869/2273
f 3127/1850/2239 3129/1851/2241 3163/1871/2275 3162/1870/2274
f 3129/1851/2241 3131/1852/2243 3164/1872/2276 3163/1871/2275
f 3131/1852/2243 3133/1853/2245 3165/1873/2277 3164/1872/2276
f 3133/1853/2245 3135/1854/2247 3166/1874/2278 3165/1873/2277
f 3135/1854/2247 3137/1855/2249 3167/1875/2279 3166/1874/2278
f 3137/1855/2249 3139/1856/2251 3168/1876/2280 3167/1875/2279
f 3139/1856/2251 3141/1857/2253 3169/1877/2281 3168/1876/2280
f 3141/1857/2253 3143/1858/2255 3170/1878/2282 3169/1877/2281
f 3143/1858/2255 3145/1859/2257 3171/1879/2283 3170/1878/2282
f 3145/1859/2257 3147/1860/2259 3172/1880/2284 3171/1879/2283
f 3147/1860/2259 3149/1861/2261 3173/1881/2285 3172/1880/2284
f 3149/1861/2261 3151/1862/2263 3174/1882/2286 3173/1881/2285
f 3151/1862/2263 3153/1863/2265 3175/1883/2287 3174/1882/2286
f 3153/1863/2265 3155/1864/2267 3176/1884/2288 3175/1883/2287
f 3155/1864/2267 3157/1865/2269 3177/1885/2289 3176/1884/2288
f 3157/1865/2269 3121/1847/2233 3159/1867/2271 3177/1885/2289
f 3178/1723/2290 3179/1761/2290 3180/1760/2291 3181/1722/2291
f 3181/1722/2291 3180/1760/2291 3182/1762/2292 3183/1725/2292
f 3183/1725/2292 3182/1762/2292 3184/1763/2293 3185/1727/2293
f 3185/1727/2293 3184/1763/2293 3186/1764/2294 3187/1729/2294
f 3187/1729/2294 3186/1764/2294 3188/1765/2295 3189/1731/2295
f 3189/1731/2295 3188/1765/2295 3190/1766/2296 3191/1733/2296
f 3191/1733/2296 3190/1766/2296 3192/1767/2297 3193/1735/2297
f 3193/1735/2297 3192/1767/2297 3194/1768/2298 3195/1737/2298
f 3195/1737/2298 3194/1768/2298 3196/1769/2299 3197/1739/2299
f 3197/1739/2299 3196/1769/2299 3198/1770/2300 3199/1741/2300
f 3199/1741/2300 3198/1770/2300 3200/1771/2301 3201/1743/2301
f 3201/1743/2301 3200/1771/2301 3202/1772/2302 3203/1745/2302
f 3203/1745/2302 3202/1772/2302 3204/1773/2303 3205/1747/2303
f 3205/1747/2303 3204/1773/2303 3206/1774/2304 3207/1749/2304
f 3207/1749/2304 3206/1774/2304 3208/1775/2305 3209/1751/2305
f 3209/1751/2305 3208/1775/2305 3210/1776/2306 3211/1753/2306
f 3211/1753/2306 3210/1776/2306 3212/1777/2307 3213/1755/2307
f 3213/1755/2307 3212/1777/2307 3214/1778/2308 3215/1757/2308
f 3215/1757/2308 3214/1778/2308 3216/1779/2309 3217/1759/2309
f 3217/1759/2309 3216/1779/2309 3179/1761/2290 3178/1723/2290
f 3218/1761/2310 3219/1847/2311 3220/1846/2312 3221/1760/2313
f 3221/1760/2313 3220/1846/2312 3222/1848/2314 3223/1762/2315
f 3223/1762/2315 3222/1848/2314 3224/1849/2316 3225/1763/2317
f 3225/1763/2317 3224/1849/2316 3226/1850/2318 3227/1764/2319
f 3227/1764/2319 3226/1850/2318 3228/1851/2320 3229/1765/2321
f 3229/1765/2321 3228/1851/2320 3230/1852/2322 3231/1766/2323
f 3231/1766/2323 3230/1852/2322 3232/1853/2324 3233/1767/2325
f 3233/1767/2325 3232/1853/2324 3234/1854/2326 3235/1768/2327
f 3235/1768/2327 3234/1854/2326 3236/1855/2328 3237/1769/2329
f 3237/1769/2329 3236/1855/2328 3238/1856/2330 3239/1770/2331
f 3239/1770/2331 3238/1856/2330 3240/1857/2332 3241/1771/2333
f 3241/1771/2333 3240/1857/2332 3242/1858/2334 3243/1772/2335
f 3243/1772/2335 3242/1858/2334 3244/1859/2336 3245/1773/2337
f 3245/1773/2337 3244/1859/2336 3246/1860/2338 3247/1774/2339
f 3247/1774/2339 3246/1860/2338 3248/1861/2340 3249/1775/2341
f 3249/1775/2341 3248/1861/2340 3250/1862/2342 3251/1776/2343
f 3251/1776/2343 3250/1862/2342 3252/1863/2344 3253/1777/2345
f 3253/1777/2345 3252/1863/2344 3254/1864/2346 3255/1778/2347
f 3255/1778/2347 3254/1864/2346 3256/1865/2348 3257/1779/2349
f 3257/1779/2349 3256/1865/2348 3219/1847/2311 3218/1761/2310
f 3219/1847/2311 3258/1867/2350 3259/1866/2351 3220/1846/2312
f 3220/1846/2312 3259/1866/2351 3260/1868/2352 3222/1848/2314
f 3222/1848/2314 3260/1868/2352 3261/1869/2353 3224/1849/2316
f 3224/1849/2316 3261/1869/2353 3262/1870/2354 3226/1850/2318
f 3226/1850/2318 3262/1870/2354 3263/1871/2355 3228/1851/2320
f 3228/1851/2320 3263/1871/2355 3264/1872/2356 3230/1852/2322
f 3230/1852/2322 3264/1872/2356 3265/1873/2357 3232/1853/2324
f 3232/1853/2324 3265/1873/2357 3266/1874/2358 3234/1854/2326
f 3234/1854/2326 3266/1874/2358 3267/1875/2359 3236/1855/2328
f 3236/1855/2328 3267/1875/2359 3268/1876/2360 3238/1856/2330
f 3238/1856/2330 3268/1876/2360 3269/1877/2361 3240/1857/2332
f 3240/1857/2332 3269/1877/2361 3270/1878/2362 3242/1858/2334
f 3242/1858/2334 3270/1878/2362 3271/1879/2363 3244/1859/2336
f 3244/1859/2336 3271/1879/2363 3272/1880/2364 3246/1860/2338
f 3246/1860/2338 3272/1880/2364 3273/1881/2365 3248/1861/2340
f 3248/1861/2340 3273/1881/2365 3274/1882/2366 3250/1862/2342
f 3250/1862/2342 3274/1882/2366 3275/1883/2367 3252/1863/2344
f 3252/1863/2344 3275/1883/2367 3276/1884/2368 3254/1864/2346
f 3254/1864/2346 3276/1884/2368 3277/1885/2369 3256/1865/2348
f 3256/1865/2348 3277/1885/2369 3258/1867/2350 3219/1847/2311
f 3278/1886/2370 3279/1887/2371 3280/1888/2371
f 3278/1886/2370 3281/1889/2370 3279/1887/2371
f 3278/1886/2370 3282/1890/2370 3281/1889/2370
f 3283/1891/2370 3281/1889/2370 3282/1890/2370
f 3283/1891/2370 3284/1892/2370 3281/1889/2370
f 3283/1891/2370 3285/1893/2371 3284/1892/2370
f 3283/1891/2370 3286/1894/2371 3285/1893/2371
f 3287/1895/2371 3285/1893/2371 3286/1894/2371
f 3287/1895/2371 3288/1896/2371 3285/1893/2371
f 3287/1895/2371 3289/1897/2371 3288/1896/2371
f 3287/1895/2371 3290/1898/2371 3289/1897/2371
f 3291/1899/2370 3289/1897/2371 3290/1898/2371
f 3291/1899/2370 3292/1900/2370 3289/1897/2371
f 3291/1899/2370 3293/1901/2370 3292/1900/2370
f 3291/1899/2370 3294/1902/2371 3293/1901/2370
f 3295/1903/2371 3293/1901/2370 3294/1902/2371
f 3295/1903/2371 3296/1904/2370 3293/1901/2370
f 3295/1903/2371 3297/1905/2371 3296/1904/2370
f 3298/1906/2372 3299/1907/2373 3300/1908/2372
f 3299/1907/2373 3301/1909/2373 3300/1908/2372
f 3301/1909/2373 3299/1907/2373 3302/1910/2374
f 3299/1907/2373 3303/1911/2374 3302/1910/2374
f 3303/1911/2374 3304/1912/2375 3302/1910/2374
f 3304/1912/2375 3305/1913/2375 3302/1910/2374
f 3305/1913/2375 3304/1912/2375 3306/1914/2376
f 3304/1912/2375 3307/1915/2376 3306/1914/2376
f 3307/1915/2376 3308/1916/2377 3306/1914/2376
f 3308/1916/2377 3309/1917/2377 3306/1914/2376
f 3310/1918/2378 3311/1919/2378 3312/1920/2379
f 3311/1919/2378 3313/1921/2379 3312/1920/2379
f 3313/1921/2379 3314/1922/2380 3312/1920/2379
f 3314/1922/2380 3315/1913/2380 3312/1920/2379
f 3315/1913/2380 3314/1922/2380 3316/1923/2381
f 3314/1922/2380 3317/1924/2381 3316/1923/2381
f 3317/1924/2381 3318/1925/2382 3316/1923/2381
f 3318/1925/2382 3319/1909/2382 3316/1923/2381
f 3319/1909/2382 3318/1925/2382 3320/1926/2383
f 3318/1925/2382 3321/1927/2383 3320/1926/2383
f 3322/1928/2384 3323/1929/2384 3324/1930/2385
f 3323/1929/2384 3325/1931/2385 3324/1930/2385
f 3325/1931/2385 3326/1932/2386 3324/1930/2385
f 3326/1932/2386 3327/1933/2386 3324/1930/2385
f 3327/1933/2386 3326/1932/2386 3328/1934/2387
f 3326/1932/2386 3329/1935/2387 3328/1934/2387
f 3330/1936/2388 3331/1937/2388 3332/1938/2389
f 3331/1937/2388 3333/1939/2389 3332/1938/2389
f 3333/1939/2389 3323/1929/2384 3332/1938/2389
f 3323/1929/2384 3322/1928/2384 3332/1938/2389
f 3334/1940/2390 3335/1941/2391 3336/1942/2390
f 3335/1941/2391 3337/1943/2392 3336/1942/2390
f 3337/1943/2392 3335/1941/2391 3338/1944/2393
f 3335/1941/2391 3339/1945/2393 3338/1944/2393
f 3339/1945/2393 3340/1946/2394 3338/1944/2393
f 3340/1946/2394 3341/1910/2394 3338/1944/2393
f 3341/1910/2394 3340/1946/2394 3342/1909/2395
f 3340/1946/2394 3343/1947/2395 3342/1909/2395
f 3343/1947/2395 3344/1948/2396 3342/1909/2395
f 3344/1948/2396 3345/1926/2396 3342/1909/2395
